girls,rating_R,cast,man,man,high,high,family,country,young,love,love,woman,rating_TV-G,home,king,duration,life,life,rating_TV-MA,good,rating_PG,old,series,rating_TV-Y,world,world,release_year,rating_TV-14,new,school,movie,type,group,director,rating_TV-PG,christmas,friends,girl,girl,rating_TV-Y7,rating_PG-13
0,0.0,6838,0,0,0,0,0,9337,0,0,0,0,0.0,0,0,2,0,1,0.0,0,0.0,0,0,0.0,0,0,2020.0,0.0,0,0,0,1,0,5133,0.0,0,1,1,0,1.0,0.0
0,0.0,7364,0,0,0,0,1,4096,0,0,0,0,0.0,0,0,3,0,0,1.0,0,0.0,0,1,0.0,0,0,2016.0,0.0,0,0,0,1,0,6280,0.0,0,0,0,0,0.0,0.0
0,0.0,9025,0,0,0,0,0,9337,0,0,0,0,0.0,0,0,1,0,0,0.0,0,0.0,0,0,0.0,0,0,2018.9490826749231,0.0,0,0,0,1,0,6030,0.0,0,1,0,0,1.0,0.0
0,0.0,1520,0,0,0,0,0,9337,0,0,0,0,0.0,0,0,1,0,0,0.10698964905961394,0,0.0,0,0,0.0,0,0,2020.1069896490596,0.893010350940386,0,0,0,1,0,9541,0.0,0,0,0,0,0.0,0.0
0,0.0,6128,0,0,0,0,0,9337,0,0,0,0,0.0,0,0,2,0,0,1.0,0,0.0,0,0,0.0,0,0,2020.0512623324028,0.0,0,0,0,1,0,7012,0.0,0,0,0,0,0.0,0.0
0,0.0,5925,0,0,0,0,0,9337,0,0,0,0,0.0,0,0,3,0,0,0.5826478031178226,0,0.0,0,0,0.0,0,0,2020.5826478031179,0.0,0,0,0,1,0,6845,0.0,0,0,0,0,0.4173521968821774,0.0
0,0.0,8961,0,0,0,0,0,9337,0,0,0,0,0.0,0,0,1,0,0,0.7066896433247634,0,0.0,0,0,0.0,0,0,2020.0,0.0,0,0,0,1,0,4020,0.0,0,0,0,0,0.29331035667523664,0.0
0,0.0,4321,0,0,0,0,0,9337,0,0,0,0,0.0,0,0,3,0,0,1.0,0,0.0,0,0,0.0,0,0,2021.0,0.0,0,0,0,1,0,9189,0.0,0,0,0,0,0.0,0.0
0,0.0,3558,0,0,0,0,0,9337,0,0,0,0,0.0,0,0,1,0,0,0.3803414368578536,0,0.0,0,0,0.0,0,0,2019.7606828737157,0.0,0,0,0,1,0,2379,0.6196585631421464,0,0,0,0,0.0,0.0
0,0.0,7957,0,0,0,0,0,9337,1,0,0,0,0.0,0,0,4,0,0,0.0,0,0.0,0,0,0.0,0,1,2021.0,0.0,1,0,0,1,0,6920,0.0,0,0,0,0,1.0,0.0
0,0.0,5982,0,0,0,0,0,9337,0,0,0,0,0.0,0,0,3,0,0,0.6896091745576038,0,0.0,0,0,0.0,0,0,2021.0,0.0,0,0,0,1,0,2473,0.0,0,0,0,0,0.31039082544239616,0.0
0,0.0,3230,0,0,0,0,0,9337,0,0,0,0,0.0,0,0,2,0,1,0.0,0,0.0,0,0,0.0,0,0,2020.0,0.0,0,0,0,1,0,8255,0.0,0,1,1,0,1.0,0.0
0,0.0,3399,0,0,0,0,0,9337,0,0,0,0,0.0,1,0,1,0,1,0.0,0,0.0,0,0,0.0,0,0,2019.0,0.0,0,0,0,1,0,2805,1.0,0,0,0,0,0.0,0.0
0,0.0,6964,0,0,0,0,0,4096,0,0,0,0,0.0,0,0,2,0,1,0.0,0,0.0,0,0,0.0,0,0,2020.0,0.0,0,0,0,1,0,4294,0.0,0,1,1,0,1.0,0.0
0,0.0,3424,0,0,0,0,0,9337,0,0,0,0,0.0,0,0,1,0,0,0.0,0,0.0,0,0,0.0,0,1,2019.119180291731,0.9404098541344675,1,0,0,1,0,9263,0.0,0,0,0,0,0.05959014586553246,0.0
0,0.0,5977,0,0,0,0,0,9337,0,0,0,0,0.0,0,0,3,0,0,0.7204628476166307,0,0.0,0,0,0.0,0,0,2021.0,0.0,0,0,0,1,0,2481,0.0,0,0,0,0,0.2795371523833693,0.0
0,0.0,4376,0,0,0,1,0,3325,0,0,0,0,0.0,0,1,1,1,1,0.0,0,0.0,0,0,0.0,0,0,2020.0,1.0,0,1,0,1,0,7909,0.0,0,0,0,0,0.0,0.0
0,0.0,9238,0,1,0,0,0,4096,1,0,0,0,0.0,0,0,2,0,0,1.0,0,0.0,0,0,0.0,0,0,2018.0,0.0,0,0,0,1,0,2351,0.0,0,0,0,0,0.0,0.0
0,0.0,5926,0,0,0,0,0,9337,0,0,0,0,0.0,0,0,1,0,0,0.0,0,0.0,0,0,0.0,0,0,2020.9189424735832,1.0,1,0,0,1,0,9023,0.0,0,0,0,0,0.0,0.0
0,0.0,6559,0,0,0,0,0,9337,0,0,0,0,0.0,0,0,1,0,0,0.0,0,0.0,0,0,0.0,0,0,2016.5434967818676,0.2572494636445867,1,0,0,1,0,1534,0.0,0,0,0,0,0.7427505363554133,0.0
0,0.0,8377,0,0,0,0,0,9337,0,0,0,0,0.0,0,0,1,0,0,1.0,0,0.0,0,0,0.0,0,1,2020.0,0.0,0,0,0,1,0,9780,0.0,0,0,0,0,0.0,0.0
0,0.0,7386,0,0,0,0,0,9337,0,0,0,0,0.0,0,0,1,0,0,0.0,0,0.0,0,1,0.0,0,1,2021.0,0.0,0,0,0,1,0,9198,0.0,0,0,0,0,1.0,0.0
0,0.0,4186,0,0,0,0,0,9337,0,0,0,0,0.0,1,0,1,0,1,0.0,0,0.0,0,0,0.0,0,0,2019.0,0.0,0,0,0,1,0,3234,1.0,0,0,0,0,0.0,0.0
0,0.0,3574,0,0,0,0,0,9337,0,0,0,0,0.0,0,0,2,0,1,0.0,0,0.0,0,0,0.0,0,0,2020.0,0.0,0,0,0,1,0,7883,0.0,0,1,1,0,1.0,0.0
0,0.0,5160,0,1,0,0,0,9337,0,0,1,0,0.0,0,0,1,0,1,0.0,0,0.0,0,0,0.0,0,0,2011.0,1.0,0,0,0,1,0,8701,0.0,0,0,0,0,0.0,0.0
0,0.0,4869,0,0,0,0,0,9337,0,0,0,0,0.0,0,0,1,0,0,0.0,0,0.0,0,0,0.0,0,0,2020.0037862575753,1.0,1,0,0,1,0,7632,0.0,0,0,0,0,0.0,0.0
0,0.0,6676,0,0,0,0,1,4096,0,0,0,0,0.0,0,0,3,0,0,1.0,0,0.0,0,1,0.0,0,0,2016.0,0.0,0,0,0,1,0,5531,0.0,0,0,0,0,0.0,0.0
0,0.0,9540,0,0,0,0,0,9337,0,0,0,0,0.0,0,0,2,0,0,0.0,0,0.0,0,0,0.0,0,1,2021.0,0.0,0,0,0,1,0,5019,0.0,0,0,0,0,1.0,0.0
0,0.0,5925,0,0,0,0,0,9337,0,0,0,0,0.0,0,0,1,0,0,0.0,0,0.0,0,0,0.0,0,0,2021.0,1.0,1,0,0,1,0,9072,0.0,0,0,0,0,0.0,0.0
0,0.0,5879,0,0,0,0,0,9337,0,0,0,0,0.0,0,0,1,0,0,0.7633402314750228,0,0.0,0,0,0.0,0,1,2019.236659768525,0.23665976852497717,0,0,0,1,0,4567,0.0,0,0,0,0,0.0,0.0
0,0.0,5770,0,0,0,0,0,9337,0,0,0,0,0.0,0,0,2,0,0,0.0,0,0.0,0,0,0.0,0,0,2021.0,0.39423647661894146,1,0,0,1,0,1816,0.0,0,0,0,0,0.6057635233810585,0.0
0,0.0,9300,0,0,0,0,0,9337,0,0,0,0,0.0,0,0,1,0,0,0.0,0,0.0,0,0,0.0,0,0,2017.1939413462426,0.0,0,0,0,1,0,6032,0.0,0,1,0,0,1.0,0.0
0,0.0,2827,0,0,0,0,0,9337,0,0,0,0,0.0,0,0,1,0,0,1.0,0,0.0,0,0,0.0,0,0,2012.7456238591444,0.0,0,0,0,1,0,8609,0.0,0,0,0,0,0.0,0.0
0,0.0,5247,0,0,0,0,0,4096,1,0,0,0,0.0,0,0,1,0,0,0.0,0,0.0,0,0,0.0,0,0,1981.0,0.0,1,1,0,1,0,7765,0.0,0,0,0,0,1.0,0.0
0,0.0,2543,0,0,0,0,0,9337,0,0,0,0,0.0,0,0,1,0,0,0.0,0,0.0,0,0,0.0,0,1,2019.1832024612024,1.0,1,0,0,1,0,6851,0.0,0,0,0,0,0.0,0.0
0,0.0,7300,0,0,0,0,0,9337,0,0,0,0,0.0,0,0,3,0,0,0.0,0,0.0,0,0,0.0,0,0,2020.8957602617345,0.0,0,0,0,1,0,5344,0.0,0,0,0,0,1.0,0.0
0,0.0,3071,0,0,0,0,0,9337,0,0,0,0,0.0,0,0,3,0,0,0.0,0,0.0,0,0,0.0,0,1,2020.719975887693,0.14001205615350243,1,0,0,1,0,9587,0.0,0,0,0,0,0.8599879438464976,0.0
0,0.0,3574,0,0,0,0,0,9337,0,0,0,0,0.0,0,0,2,0,1,0.0,0,0.0,0,0,0.0,0,0,2020.0,0.0,0,0,0,1,0,7885,0.0,0,1,1,0,1.0,0.0
0,0.0,3386,0,0,0,0,0,9337,0,0,0,0,0.0,0,0,1,0,0,0.033163183469601676,0,0.0,0,0,0.0,0,0,2020.0331631834697,0.0,0,0,0,1,0,4890,0.0,0,0,0,0,0.9668368165303983,0.0
0,0.0,3215,0,0,0,0,0,9337,0,0,0,0,0.0,0,0,2,0,1,0.0,0,0.0,0,0,0.0,0,0,2020.0,0.0,0,0,0,1,0,6395,0.0,0,1,1,0,1.0,0.0
0,0.0,9071,0,0,0,0,0,9337,0,0,0,0,0.0,0,0,1,0,0,1.0,0,0.0,0,0,0.0,0,0,2021.0,0.0,0,0,0,1,0,5074,0.0,0,0,0,0,0.0,0.0
0,0.0,5375,0,0,1,1,0,4096,0,0,0,0,0.0,0,0,1,0,0,0.0,0,0.0,0,0,0.0,0,0,2006.0,0.0,1,2,0,1,1,1710,1.0,0,0,0,0,0.0,0.0
0,0.0,7800,0,0,0,0,0,9337,0,0,0,0,0.0,0,0,1,0,0,0.0,0,0.0,0,0,0.0,0,0,2020.0,0.011729622326878797,0,0,0,1,0,9681,0.0,0,0,0,0,0.9882703776731212,0.0
0,0.0,5675,0,0,0,0,0,9337,0,0,0,0,0.0,0,0,1,0,0,0.0,0,0.0,0,0,0.0,0,1,2019.0,1.0,1,0,0,1,0,2997,0.0,0,0,0,0,0.0,0.0
0,0.0,7790,0,0,0,0,0,9337,0,0,0,0,0.0,0,0,1,0,1,0.0,0,0.0,0,0,0.0,0,0,2019.935200297062,0.0,0,0,0,1,0,9693,0.0647997029380396,0,0,0,0,0.9352002970619604,0.0
0,0.0,4298,0,0,0,0,0,9337,0,0,0,0,0.0,0,0,2,0,0,1.0,0,0.0,0,0,0.0,0,0,2021.0,0.0,0,0,0,1,0,9179,0.0,0,0,0,0,0.0,0.0
0,0.0,3855,0,0,0,0,0,9337,0,0,0,0,0.0,0,0,1,0,0,1.0,0,0.0,0,0,0.0,0,0,2015.0,0.0,0,0,0,1,0,6764,0.0,0,0,0,0,0.0,0.0
0,0.0,9967,0,0,0,1,0,4096,0,0,0,0,0.0,0,0,2,0,1,0.0,0,0.0,0,0,0.0,0,0,2008.0,0.0,0,1,0,1,0,8631,1.0,0,0,0,0,0.0,0.0
0,0.0,7554,0,0,0,0,0,9337,0,0,0,0,0.0,0,0,3,0,0,0.11113425703563196,0,0.0,0,0,0.0,0,0,2020.7777314859288,0.0,0,0,0,1,0,5052,0.0,0,0,0,0,0.888865742964368,0.0
0,0.0,5576,0,0,0,0,0,9337,0,0,0,0,0.0,0,0,1,0,0,0.0,0,0.0,0,1,0.0,0,1,2021.0,0.0,0,0,0,1,0,4508,0.0,0,0,0,0,1.0,0.0
0,0.0,9154,0,0,0,0,0,9337,0,0,0,0,0.0,0,0,1,0,0,1.0,0,0.0,0,0,0.0,0,0,2021.0,0.0,0,0,0,1,0,4399,0.0,0,0,0,1,0.0,0.0
0,0.0,4286,0,0,0,0,0,9337,0,0,0,0,0.0,0,0,3,0,0,1.0,0,0.0,0,0,0.0,0,0,2019.8699716282904,0.0,0,0,0,1,0,9272,0.0,0,0,0,0,0.0,0.0
0,0.0,8957,0,0,0,0,0,9337,0,0,0,0,0.0,1,0,1,0,1,0.0,0,0.0,0,0,0.0,0,0,2019.0,0.0,0,0,0,1,0,1190,1.0,0,0,0,0,0.0,0.0
0,0.0,2543,0,0,0,0,0,9337,0,0,0,0,0.0,0,0,1,0,0,0.0,0,0.0,0,0,0.0,0,1,2019.2930838917173,1.0,1,0,0,1,0,6851,0.0,0,0,0,0,0.0,0.0
0,0.0,8127,0,0,0,0,0,9337,0,0,0,0,0.0,0,0,2,0,0,0.0,0,0.0,0,0,0.0,0,0,2020.1828841343163,0.0,0,0,0,1,0,6796,0.0,0,0,0,0,1.0,0.0
0,0.0,2388,0,0,0,0,0,9337,0,0,0,0,0.0,0,0,1,0,0,1.0,0,0.0,0,0,0.0,0,0,2017.1124446620008,0.0,0,0,0,1,0,2923,0.0,0,0,0,0,0.0,0.0
0,0.0,9065,0,0,0,0,0,9337,0,0,0,0,0.0,0,0,1,0,0,0.8640588895101153,0,0.0,0,0,0.0,0,0,2021.0,0.0,0,0,0,1,0,3192,0.0,0,0,0,0,0.13594111048988466,0.0
0,0.0,2059,0,0,0,0,0,9337,0,0,0,0,0.0,0,0,3,0,0,1.0,0,0.0,0,0,0.0,0,0,2021.0,0.0,0,0,0,1,0,9734,0.0,0,0,0,0,0.0,0.0
0,0.0,6767,0,1,0,0,0,4096,1,0,0,0,0.0,0,0,1,0,0,1.0,0,0.0,0,0,0.0,0,1,2016.0,0.0,0,0,0,1,0,4933,0.0,0,0,0,0,0.0,0.0
0,0.0,1683,0,0,0,0,0,9337,0,0,0,0,0.0,0,0,1,0,0,1.0,0,0.0,0,0,0.0,0,0,2021.0,0.0,0,0,0,1,0,8865,0.0,0,0,0,0,0.0,0.0
0,0.0,2748,0,0,0,0,0,9337,0,0,0,0,0.0,0,0,1,0,1,0.0,0,0.0,0,0,0.0,0,0,2019.7729995812545,0.0,0,0,0,1,0,2971,0.22700041874543386,0,0,0,0,0.7729995812545661,0.0
0,0.0,4151,0,1,0,0,0,9337,0,0,1,0,0.0,0,0,1,0,1,0.0,0,0.0,0,0,0.0,0,0,2011.0,1.0,0,0,0,1,0,6085,0.0,0,0,0,0,0.0,0.0
0,0.0,5378,0,0,1,1,0,4096,0,0,0,0,0.0,0,0,1,0,0,0.0,0,0.0,0,0,0.0,0,0,2006.0,0.0,1,2,0,1,1,1710,1.0,0,0,0,0,0.0,0.0
0,0.0,7836,0,0,0,0,0,3543,0,0,0,0,0.0,0,0,1,0,0,0.0,0,0.0,0,0,0.0,0,0,2017.4467545189789,1.0,0,0,0,1,0,4521,0.0,0,0,0,0,0.0,0.0
0,0.0,7208,0,0,0,0,0,9337,0,0,0,0,0.0,0,0,3,0,0,0.0,0,0.0,0,0,0.0,0,0,2020.6603660251135,0.0,0,0,0,1,0,5336,0.0,0,0,0,0,1.0,0.0
0,0.0,3830,0,0,0,0,0,9337,0,0,0,0,0.0,0,0,1,0,0,1.0,0,0.0,0,0,0.0,0,0,2011.260118029462,0.0,0,0,0,1,0,6745,0.0,0,0,0,0,0.0,0.0
0,0.0,1499,0,0,0,0,0,9337,0,0,0,0,0.0,0,0,1,0,0,0.0,0,0.0,0,0,0.0,0,1,2019.8196602908233,1.0,1,0,0,1,0,1759,0.0,0,0,0,0,0.0,0.0
0,0.0,8957,0,0,0,0,0,9337,0,0,0,0,0.0,0,0,1,0,0,1.0,0,0.0,0,0,0.0,0,0,2020.0596519460573,0.0,0,0,0,1,0,1316,0.0,0,0,0,0,0.0,0.0
0,0.0,2666,0,0,0,0,0,9337,0,0,0,0,0.0,0,0,2,0,1,0.0,0,0.0,0,0,0.0,0,0,2020.0,0.0,0,0,0,1,0,6730,0.0,0,1,1,0,1.0,0.0
0,0.0,8756,0,0,0,0,0,9337,0,0,0,0,0.0,0,0,1,0,0,1.0,0,0.0,0,0,0.0,0,1,2020.0,0.0,0,0,0,1,0,5480,0.0,0,0,0,0,0.0,0.0
0,0.0,3530,0,0,0,0,0,9337,0,0,0,0,0.0,0,0,1,0,0,1.0,0,0.0,0,0,0.0,0,0,2019.2628305218266,0.0,0,0,0,1,0,7316,0.0,0,0,0,0,0.0,0.0
0,0.0,9414,0,0,0,0,0,9337,0,0,0,0,0.0,0,0,1,0,0,1.0,0,0.0,0,0,0.0,0,0,2020.138770822058,0.0,0,0,0,1,0,3553,0.0,0,0,0,0,0.0,0.0
0,0.0,6330,0,0,0,0,0,4096,0,0,0,0,0.0,0,0,5,0,0,0.0,0,0.0,0,0,0.0,0,0,2021.0,1.0,0,0,0,1,1,9944,0.0,0,0,0,0,0.0,0.0
0,0.0,5662,0,0,0,0,0,9337,0,0,0,0,0.0,0,0,3,0,0,0.0,0,0.0,0,0,0.0,0,0,2021.0,0.22715132708864227,1,0,0,1,0,1949,0.0,0,0,0,0,0.7728486729113577,0.0
0,0.0,2409,0,0,0,0,0,9337,0,0,0,0,0.0,0,0,4,0,0,0.6156798901964637,0,0.0,0,0,0.0,0,0,2021.0,0.0,0,0,0,1,0,9743,0.0,0,0,0,0,0.38432010980353626,0.0
0,0.0,3712,0,0,0,0,0,9337,0,0,0,0,0.0,1,0,1,0,1,0.0,0,0.0,0,0,0.0,0,0,2019.0,0.0,0,0,0,1,0,2859,1.0,0,0,0,0,0.0,0.0
0,0.0,5717,0,0,0,0,0,9337,0,0,0,0,0.0,0,0,3,0,0,0.0,0,0.0,0,0,0.0,0,0,2021.0,0.22299453950404702,1,0,0,1,0,1889,0.0,0,0,0,0,0.777005460495953,0.0
0,0.0,7466,0,0,0,0,0,9337,1,0,0,0,0.0,0,0,4,0,0,0.0,0,0.0,0,0,0.0,0,1,2021.0,0.0,1,0,0,1,0,5125,0.0,0,0,0,0,1.0,0.0
0,0.0,6199,0,0,0,0,0,9337,0,0,0,0,0.0,0,0,1,0,1,0.0,0,0.0,0,0,0.0,0,0,2019.282633482496,0.0,0,0,0,1,0,7118,0.7173665175038394,0,0,0,0,0.2826334824961606,0.0
0,0.0,2293,0,0,0,0,0,9337,0,0,0,0,0.0,0,0,2,0,1,0.0,0,0.0,0,0,0.0,0,0,2020.0,0.0,0,0,0,1,0,6732,0.0,0,1,1,0,1.0,0.0
0,0.0,6616,0,0,0,0,0,9337,0,0,0,0,0.0,0,0,1,0,0,1.0,0,0.0,0,0,0.0,0,0,2020.2907312710133,0.0,0,0,0,1,0,3524,0.0,0,0,0,0,0.0,0.0
0,0.0,5725,0,0,0,0,0,9337,0,0,0,0,0.0,0,0,1,0,0,0.0,0,0.0,0,0,0.0,0,0,2020.0935854817417,1.0,1,0,0,1,0,8801,0.0,0,0,0,0,0.0,0.0
0,0.0,4474,0,0,0,0,0,9337,0,0,0,0,0.0,0,0,2,0,0,0.5118377627702034,0,0.0,0,0,0.0,0,0,2019.5355132883105,0.0,0,0,0,1,0,8930,0.48816223722979657,0,0,0,0,0.0,0.0
0,0.0,3500,0,0,0,0,0,9337,0,0,0,0,0.0,0,0,2,0,1,0.0,0,0.0,0,0,0.0,0,0,2020.0,0.0,0,0,0,1,0,7949,0.0,0,1,1,0,1.0,0.0
0,0.0,3010,0,0,0,0,0,9337,1,0,0,0,0.0,0,0,4,0,0,0.0,0,0.0,0,0,0.0,0,1,2021.0,0.0,1,0,0,1,0,9644,0.0,0,0,0,0,1.0,0.0
0,0.0,2316,0,0,0,0,0,9337,0,0,0,0,0.0,0,0,1,0,0,1.0,0,0.0,0,0,0.0,0,0,2018.9581093648515,0.0,0,0,0,1,0,1756,0.0,0,0,0,0,0.0,0.0
0,0.0,5648,0,0,0,0,0,9337,1,0,0,0,0.0,0,0,4,0,0,0.0,0,0.0,0,0,0.0,0,1,2021.0,0.0,1,0,0,1,0,1985,0.0,0,0,0,0,1.0,0.0
0,0.0,9402,0,0,0,0,0,9337,0,0,0,0,0.0,0,0,1,0,0,1.0,0,0.0,0,0,0.0,0,0,2020.7060084958446,0.0,0,0,0,1,0,1316,0.0,0,0,0,0,0.0,0.0
0,0.0,2176,0,0,0,0,0,9337,0,0,0,0,0.0,0,0,3,0,0,0.9872888344023039,0,0.0,0,0,0.0,0,0,2020.9745776688046,0.012711165597696139,0,0,0,1,0,1985,0.0,0,0,0,0,0.0,0.0
0,0.0,2479,0,0,0,0,0,9337,0,0,0,0,0.0,0,0,1,0,0,0.0,0,0.0,0,0,0.0,0,0,2020.355804801432,0.0,0,0,0,1,0,8900,0.32209759928399684,0,0,0,0,0.6779024007160032,0.0
0,0.0,4387,0,0,0,0,0,9337,0,0,0,0,0.0,0,0,1,0,0,0.0,0,0.0,0,0,0.0,0,0,2019.1622086923983,0.0,0,0,0,1,0,7718,1.0,0,0,0,0,0.0,0.0
0,0.0,2021,0,0,0,0,0,9337,0,0,0,0,0.0,0,0,1,0,0,1.0,0,0.0,0,0,0.0,0,0,2018.7148737737605,0.0,0,0,0,1,0,6537,0.0,0,0,0,0,0.0,0.0
0,0.0,8967,0,0,0,0,0,9337,0,0,0,0,0.0,0,0,1,0,0,1.0,0,0.0,0,0,0.0,0,0,2018.9432963683153,0.0,0,0,0,1,0,4280,0.0,0,0,0,0,0.0,0.0
0,0.0,5870,0,0,0,0,0,9337,0,0,0,0,0.0,0,0,1,0,0,0.6174818182363937,0,0.0,0,0,0.0,0,1,2019.3825181817635,0.3825181817636063,0,0,0,1,0,4605,0.0,0,0,0,0,0.0,0.0
0,0.0,7441,0,0,0,0,0,9337,0,0,0,0,0.0,0,0,1,0,0,1.0,0,0.0,0,0,0.0,0,0,2016.045935516405,0.0,0,0,0,1,0,7371,0.0,0,0,0,0,0.0,0.0
0,0.0,6696,0,0,0,0,0,9337,0,0,0,0,0.0,0,0,1,0,0,1.0,0,0.0,0,0,0.0,0,0,2019.8057983826761,0.0,0,0,0,1,0,3586,0.0,0,0,0,0,0.0,0.0
0,0.0,3252,0,0,0,0,0,9337,0,0,0,0,0.0,0,0,1,0,1,0.0,0,0.0,0,0,0.0,0,0,2019.1167057226085,0.0,0,0,0,1,0,2910,0.8832942773915773,0,0,0,0,0.11670572260842271,0.0
0,0.0,1603,0,0,0,0,0,9337,0,0,0,0,0.0,0,0,1,0,0,0.020413093225159273,0,0.0,0,0,0.0,0,0,2020.0204130932252,0.0,0,0,0,1,0,9579,0.0,0,0,0,0,0.9795869067748407,0.0
0,0.0,4200,0,0,0,0,0,9337,0,0,0,0,0.0,0,0,2,0,0,1.0,0,0.0,0,0,0.0,0,0,2021.0,0.0,0,0,0,1,0,9134,0.0,0,0,0,0,0.0,0.0
0,0.0,3452,0,0,0,0,0,9337,0,0,0,0,0.0,1,0,1,0,1,0.0,0,0.0,0,0,0.0,0,0,2019.0,0.0,0,0,0,1,0,2720,1.0,0,0,0,0,0.0,0.0
0,0.0,5160,0,1,0,0,0,4096,0,0,1,0,0.0,0,0,1,0,1,0.0,0,0.0,0,0,0.0,0,0,2011.0,1.0,0,0,0,1,0,6028,0.0,0,0,0,0,0.0,0.0
0,0.0,7806,0,0,0,0,0,9337,0,0,0,0,0.0,0,0,2,0,1,0.0,0,0.0,0,0,0.0,0,0,2020.0,0.0,0,0,0,1,0,9683,0.0,0,1,1,0,1.0,0.0
0,0.0,7427,0,0,0,0,0,9337,1,0,0,0,0.0,0,0,4,0,0,0.0,0,0.0,0,0,0.0,0,1,2021.0,0.0,1,0,0,1,0,5193,0.0,0,0,0,0,1.0,0.0
0,0.0,2543,0,0,0,0,0,9337,0,0,0,0,0.0,0,0,1,0,0,0.0,0,0.0,0,0,0.0,0,1,2019.9953207443596,1.0,1,0,0,1,0,6851,0.0,0,0,0,0,0.0,0.0
0,0.0,3887,0,0,0,0,0,9337,0,0,0,0,0.0,0,0,1,0,0,0.0,0,0.0,0,0,0.0,0,1,2020.0,1.0,1,0,0,1,0,1930,0.0,0,0,0,0,0.0,0.0
0,0.0,3140,0,0,0,0,0,9337,0,0,0,0,0.0,0,0,1,0,0,1.0,0,0.0,0,0,0.0,0,0,2015.0,0.0,0,0,0,1,0,3704,0.0,0,0,0,0,0.0,0.0
0,0.0,2190,0,0,0,0,0,9337,0,0,0,0,0.0,0,0,1,0,0,0.8743397751253548,0,0.0,0,0,0.0,0,0,2020.8743397751255,0.0,0,0,0,1,0,5537,0.0,0,0,0,0,0.12566022487464523,0.0
0,0.0,2543,0,0,0,0,0,9337,0,0,0,0,0.0,0,0,1,0,0,1.0,0,0.0,0,0,0.0,0,0,2021.0,0.0,0,0,0,1,0,3041,0.0,0,0,0,0,0.0,0.0
0,0.0,2902,0,0,0,0,0,9337,0,0,0,0,0.0,0,0,1,0,0,1.0,0,0.0,0,0,0.0,0,1,2020.0,0.0,0,0,0,1,0,7296,0.0,0,0,0,0,0.0,0.0
0,0.0,9667,0,0,0,0,0,9337,0,0,0,0,0.0,0,0,2,0,1,0.0,0,0.0,0,0,0.0,0,0,2020.0,0.0,0,0,0,1,0,8798,0.0,0,1,1,0,1.0,0.0
0,0.0,3025,0,0,0,0,0,9337,0,0,0,0,0.0,0,0,3,0,0,0.0,0,0.0,0,0,0.0,0,0,2020.4328096387258,0.0,1,0,0,1,0,9632,0.0,0,0,0,0,1.0,0.0
0,0.0,2180,0,0,0,0,0,9337,0,0,0,0,0.0,0,0,1,0,0,0.0,0,0.0,0,0,0.0,0,1,2019.0,1.0,1,0,0,1,0,1984,0.0,0,0,0,0,0.0,0.0
0,0.0,3635,0,0,0,0,0,9337,0,0,0,0,0.0,0,0,1,0,0,0.4297240365881779,0,0.0,0,0,0.0,0,0,2004.3893827560019,0.5702759634118221,0,0,0,1,0,4362,0.0,0,0,0,0,0.0,0.0
0,0.0,6357,0,0,0,0,0,9337,0,0,0,0,0.0,0,0,1,0,1,0.0,0,0.0,0,0,0.0,0,0,2019.6658230653443,0.0,0,0,0,1,0,7136,0.33417693465582066,0,0,0,0,0.6658230653441793,0.0
0,0.0,2345,0,0,0,0,0,9337,0,0,0,0,0.0,0,0,1,0,0,1.0,0,0.0,0,0,0.0,0,0,2019.0,0.0,0,0,0,1,0,1734,0.0,0,0,0,0,0.0,0.0
0,0.0,2953,0,0,0,0,0,9337,0,0,0,0,0.0,0,0,3,0,0,0.0,0,0.0,0,0,0.0,0,0,2021.0,0.0,0,0,0,1,0,9545,0.0,0,0,0,0,1.0,0.0
0,0.0,8911,0,0,0,0,0,9337,0,0,0,0,0.0,0,0,1,0,0,1.0,0,0.0,0,0,0.0,0,0,2018.2932468821582,0.0,0,0,0,1,0,4866,0.0,0,0,0,0,0.0,0.0
0,0.0,4569,0,0,0,0,0,9337,0,0,0,0,0.0,0,0,1,0,0,1.0,0,0.0,0,0,0.0,0,0,2016.446262718062,0.0,0,0,0,1,0,4361,0.0,0,0,0,0,0.0,0.0
0,0.0,5394,0,0,0,0,0,9337,0,0,0,0,0.0,0,0,1,0,0,0.0,0,0.0,0,0,0.0,0,1,2020.0613309875089,0.9386690124911939,0,0,0,1,0,8514,0.061330987508806056,0,0,0,0,0.0,0.0
0,0.0,4571,0,0,0,0,0,9337,0,0,0,0,0.0,0,0,1,0,0,1.0,0,0.0,0,0,0.0,0,0,1989.0031435812048,0.0,0,0,0,1,0,2253,0.0,0,0,0,0,0.0,0.0
0,0.0,4190,0,0,0,1,0,3325,0,0,0,0,0.0,0,1,1,1,1,0.0,0,0.0,0,0,0.0,0,0,2020.0,1.0,0,1,0,1,0,8004,0.0,0,0,0,0,0.0,0.0
0,0.0,5267,0,0,0,0,0,9337,0,0,0,0,0.0,0,0,1,0,0,1.0,0,0.0,0,0,0.0,0,0,2018.7644257119612,0.0,0,0,0,1,0,2125,0.0,0,0,0,0,0.0,0.0
0,0.0,5460,0,0,0,0,0,9337,0,0,0,0,0.0,0,0,1,0,0,0.546689129702555,0,0.0,0,0,0.0,0,1,2020.0,0.453310870297445,0,0,0,1,0,8729,0.0,0,0,0,0,0.0,0.0
0,0.0,5365,0,0,1,1,0,4096,0,0,0,0,0.0,0,0,1,0,0,0.0,0,0.0,0,0,0.0,0,0,2006.0,0.0,1,2,0,1,1,1710,1.0,0,0,0,0,0.0,0.0
0,0.0,4987,0,0,0,0,0,9337,0,0,0,0,0.0,0,0,1,0,0,0.7697837455704024,0,0.0,0,0,0.0,0,0,1993.0575689050359,0.0,0,0,0,1,0,6558,0.0,0,0,0,0,0.2302162544295976,0.0
0,0.0,7268,0,0,0,0,0,9337,0,0,0,0,0.0,0,0,3,0,0,1.0,0,0.0,0,0,0.0,0,0,2020.5974670315181,0.0,0,0,0,1,0,7362,0.0,0,0,0,0,0.0,0.0
0,0.0,9168,0,0,0,0,0,9337,0,0,0,0,0.0,0,0,1,0,0,0.0,0,0.0,0,0,0.0,0,0,2020.2955071107046,0.0,0,0,0,1,0,7300,0.29550711070472235,0,0,0,0,0.7044928892952776,0.0
0,0.0,3715,0,0,0,0,0,9337,0,0,0,0,0.0,0,0,1,0,0,1.0,0,0.0,0,0,0.0,0,0,2019.72877164918,0.0,0,0,0,1,0,1909,0.0,0,0,0,0,0.0,0.0
0,0.0,3419,0,0,0,0,0,9337,0,0,0,0,0.0,0,0,1,0,0,0.4206389493143814,0,0.0,0,0,0.0,0,0,2017.896805253428,0.0,0,0,0,1,0,7602,0.0,0,0,0,0,0.5793610506856186,0.0
0,0.0,5375,0,0,0,0,0,9337,0,0,0,0,0.0,0,0,1,0,0,0.0,0,0.0,0,0,0.0,0,0,2014.5731959434352,1.0,0,0,0,1,0,8730,0.0,0,0,0,0,0.0,0.0
0,0.0,7496,0,0,0,0,0,9337,0,0,0,0,0.0,0,0,1,0,0,0.0037398705071971516,0,0.0,0,0,0.0,0,0,2021.0,0.0,0,0,0,1,0,8844,0.0,0,0,0,0,0.9962601294928028,0.0
0,0.0,5715,0,0,0,0,0,7969,0,0,0,0,0.0,0,0,1,0,0,0.0,0,0.0,0,0,0.0,0,0,2021.0,1.0,1,0,0,1,0,1276,0.0,0,0,0,0,0.0,0.0
0,0.0,5864,0,0,0,0,0,9337,0,0,0,0,0.0,0,0,1,0,0,0.0,0,0.0,0,0,0.0,0,0,2019.9464014579837,0.0,0,0,0,1,0,4995,0.026799271008176362,0,0,0,0,0.9732007289918236,0.0
0,0.0,7396,0,0,0,0,0,9337,0,0,0,0,0.0,0,0,1,0,0,0.0,0,0.0,0,0,0.0,0,0,2018.5096857629076,0.7019371525815211,1,0,0,1,0,2205,0.0,0,0,0,0,0.2980628474184789,0.0
0,0.0,3583,0,0,0,0,0,9337,0,0,0,0,0.0,0,0,2,0,1,0.0,0,0.0,0,0,0.0,0,0,2020.0,0.0,0,0,0,1,0,4852,0.0,0,1,1,0,1.0,0.0
0,0.0,3542,0,0,0,0,0,9337,0,0,0,0,0.0,0,0,1,0,0,0.0,0,0.0,0,0,0.0,0,1,2019.0,1.0,1,0,0,1,0,8037,0.0,0,0,0,0,0.0,0.0
0,0.0,6900,0,0,0,0,0,9337,0,0,0,0,0.0,0,0,3,0,0,0.0743024338048196,0,0.0,0,0,0.0,0,1,2020.8513951323903,0.0,0,0,0,1,0,8424,0.0,0,0,0,0,0.9256975661951804,0.0
0,0.0,8819,0,0,0,0,0,9337,0,0,0,0,0.0,0,0,1,0,0,1.0,0,0.0,0,0,0.0,0,0,2021.0,0.0,0,0,0,1,0,8682,0.0,0,0,0,0,0.0,0.0
0,0.0,5763,0,0,0,0,0,9337,0,0,0,0,0.0,0,0,3,0,0,0.8946106966482202,0,0.0,0,0,0.0,0,0,2021.0,0.0,0,0,0,1,0,6938,0.10538930335177976,0,0,0,0,0.0,0.0
0,0.0,8026,0,0,0,0,0,9337,0,0,0,0,0.0,0,0,1,0,0,1.0,0,0.0,0,0,0.0,0,1,2020.0,0.0,0,0,0,1,0,2099,0.0,0,0,0,0,0.0,0.0
0,0.0,3774,0,0,0,0,0,9337,0,0,0,0,0.0,0,0,1,0,0,1.0,0,0.0,0,0,0.0,0,0,2002.9404589029384,0.0,0,0,0,1,0,6704,0.0,0,0,0,0,0.0,0.0
0,0.0,6137,0,0,0,0,0,9337,0,0,0,0,0.0,0,0,2,0,1,0.0,0,0.0,0,0,0.0,0,0,2020.0,0.0,0,0,0,1,0,6798,0.0,0,1,1,0,1.0,0.0
0,0.0,2679,0,0,0,0,0,9337,0,0,0,0,0.0,0,0,1,0,0,1.0,0,0.0,0,0,0.0,0,0,1991.968061668707,0.0,0,0,0,1,0,8510,0.0,0,0,0,0,0.0,0.0
0,0.0,4430,0,0,0,0,0,9337,0,0,0,0,0.0,0,0,1,0,0,0.0,0,0.0,0,0,0.0,0,0,2018.5069199595657,0.0,0,0,0,1,0,8862,1.0,0,0,0,0,0.0,0.0
0,0.0,6136,0,0,0,0,0,9337,0,0,0,0,0.0,0,0,2,0,1,0.0,0,0.0,0,0,0.0,0,0,2020.0,0.0,0,0,0,1,0,6797,0.0,0,1,1,0,1.0,0.0
0,0.0,7768,0,0,0,0,0,9337,0,0,0,0,0.0,0,0,1,0,0,0.0,0,0.0,0,0,0.0,0,0,2021.0,0.0,0,0,0,1,0,7153,0.0,0,0,0,0,1.0,0.0
0,0.0,5823,0,0,0,0,0,9337,0,0,0,0,0.0,0,0,4,0,0,1.0,0,0.0,0,0,0.0,0,0,2021.0,0.0,0,0,0,1,0,6929,0.0,0,0,0,0,0.0,0.0
0,0.0,5115,0,0,0,0,0,9337,0,0,0,0,0.0,0,0,2,0,1,0.0,0,0.0,0,0,0.0,0,0,2020.0,0.0,0,0,0,1,0,1261,0.0,0,1,1,0,1.0,0.0
0,0.0,2553,0,0,0,0,0,9337,0,0,0,0,0.0,0,0,1,0,0,0.8308358473677968,0,0.0,0,0,0.0,0,0,2021.0,0.0,0,0,0,1,0,3061,0.0,0,0,0,0,0.1691641526322032,0.0
0,0.0,6644,0,0,0,0,0,9337,0,0,0,0,0.0,0,0,1,0,0,0.0,0,0.0,0,0,0.0,0,1,2020.317140829828,0.6828591701719823,1,0,0,1,0,8879,0.0,0,0,0,0,0.3171408298280177,0.0
0,0.0,2244,0,0,0,0,0,9337,0,0,0,0,0.0,0,0,1,0,0,0.0,0,0.0,0,0,0.0,0,1,2019.0,1.0,1,0,0,1,0,1991,0.0,0,0,0,0,0.0,0.0
0,0.0,3281,0,0,0,0,0,9337,0,0,0,0,0.0,0,0,2,0,1,0.0,0,0.0,0,0,0.0,0,0,2020.0,0.0,0,0,0,1,0,8209,0.0,0,1,1,0,1.0,0.0
0,0.0,2290,0,0,0,0,0,9337,0,0,0,0,0.0,0,0,1,0,0,1.0,0,0.0,0,0,0.0,0,0,2019.6510207216006,0.0,0,0,0,1,0,1815,0.0,0,0,0,0,0.0,0.0
0,0.0,4504,0,0,0,0,0,9337,0,0,0,0,0.0,0,0,1,0,0,1.0,0,0.0,0,0,0.0,0,0,1985.3519642869207,0.0,0,0,0,1,0,2212,0.0,0,0,0,0,0.0,0.0
0,0.0,8276,0,0,0,0,0,9337,0,0,0,0,0.0,0,0,3,0,0,0.7166869333825215,0,0.0,0,0,0.0,0,0,2020.7166869333826,0.0,0,0,0,1,0,7236,0.0,0,0,0,0,0.28331306661747846,0.0
0,0.0,5007,0,0,0,0,0,9337,0,0,0,0,0.0,0,0,1,0,0,0.8996894531080427,0,0.0,0,0,0.0,0,0,1988.5108691412186,0.0,0,0,0,1,0,6596,0.0,0,0,0,0,0.10031054689195729,0.0
0,0.0,7918,0,0,0,0,0,9337,0,0,0,0,0.0,0,0,3,0,0,0.27387874871649853,0,0.0,0,0,0.0,0,1,2020.7261212512835,0.0,0,0,0,1,0,7028,0.0,0,0,0,0,0.7261212512835015,0.0
0,0.0,5082,0,0,0,0,0,9337,0,0,0,0,0.0,0,0,1,0,0,1.0,0,0.0,0,0,0.0,0,0,2017.0072321358125,0.0,0,0,0,1,0,4033,0.0,0,0,0,0,0.0,0.0
0,0.0,2902,0,0,0,0,0,9337,0,0,0,0,0.0,0,0,1,0,0,0.0,0,0.0,0,0,0.0,0,0,2019.6272436590807,0.0,0,0,0,1,0,8810,0.6863781704596754,0,0,0,0,0.3136218295403246,0.0
0,0.0,7186,0,0,0,0,0,9337,0,0,0,0,0.0,0,0,1,0,0,1.0,0,0.0,0,0,0.0,0,0,2016.0918962090498,0.0,0,0,0,1,0,7718,0.0,0,0,0,0,0.0,0.0
0,0.0,4142,0,0,0,0,0,9337,0,0,0,0,0.0,0,0,1,0,0,0.20591411567412365,0,0.0,0,0,0.0,0,0,2018.1763435373034,0.0,0,0,0,1,0,3147,0.7940858843258763,0,0,0,0,0.0,0.0
0,0.0,4463,0,0,0,0,0,9337,0,0,0,0,0.0,0,0,1,0,0,0.0,0,0.0,0,0,0.0,0,0,2019.5864933976184,0.0,0,0,0,1,0,4206,0.0,0,1,0,0,1.0,0.0
0,0.0,5107,0,0,0,0,0,3543,0,0,0,0,0.0,0,0,1,0,0,0.0,0,0.0,0,0,0.0,0,1,2018.0,0.0,0,0,0,1,0,6481,1.0,0,0,0,0,0.0,0.0
0,0.0,1098,0,0,0,0,0,4096,0,0,0,1,0.0,0,0,1,0,0,1.0,0,0.0,0,0,0.0,0,1,2014.0,0.0,0,0,0,1,0,5129,0.0,0,0,0,0,0.0,0.0
0,0.0,9173,0,0,0,0,0,9337,0,0,0,0,0.0,0,0,1,0,0,1.0,0,0.0,0,0,0.0,0,0,2020.3545740784032,0.0,0,0,0,1,0,3208,0.0,0,0,0,0,0.0,0.0
0,0.0,2143,0,0,0,0,0,4096,1,0,0,0,0.0,0,0,1,0,0,0.0,0,0.0,0,0,0.0,0,0,1981.0,0.0,1,1,0,1,0,6797,0.0,0,0,0,0,1.0,0.0
0,0.0,6608,0,0,0,0,0,9337,0,0,0,0,0.0,0,0,1,0,0,1.0,0,0.0,0,0,0.0,0,0,2019.0,0.0,0,0,0,1,0,4823,0.0,0,0,0,0,0.0,0.0
0,0.0,5106,0,0,0,0,0,9337,0,0,0,0,0.0,0,0,1,0,0,1.0,0,0.0,0,0,0.0,0,0,2020.4954992630733,0.0,0,0,0,1,0,1862,0.0,0,0,0,0,0.0,0.0
0,0.0,8862,0,0,0,0,0,9337,0,0,0,0,0.0,0,0,1,0,0,1.0,0,0.0,0,0,0.0,0,0,2017.003755175072,0.0,0,0,0,1,0,4541,0.0,0,0,0,0,0.0,0.0
0,0.0,4073,0,0,0,0,0,9337,0,0,0,0,0.0,0,0,2,0,1,0.0,0,0.0,0,0,0.0,0,0,2020.0,0.0,0,0,0,1,0,9698,0.0,0,1,1,0,1.0,0.0
0,0.0,7475,0,0,0,0,0,9337,0,0,0,0,0.0,0,0,1,0,0,0.0,0,0.0,0,1,0.0,0,1,2021.0,0.0,0,0,0,1,0,8909,0.0,0,0,0,0,1.0,0.0
0,0.0,6059,0,0,0,0,0,9337,0,0,0,0,0.0,0,0,1,0,0,0.23243130999660455,0,0.0,0,0,0.0,0,0,2021.0,0.0,0,0,0,1,0,2350,0.0,0,0,0,0,0.7675686900033954,0.0
0,0.0,9495,0,0,0,0,0,9337,0,0,0,0,0.0,0,0,1,0,0,1.0,0,0.0,0,0,0.0,0,0,2021.0,0.0,0,0,0,1,0,3685,0.0,0,0,0,0,0.0,0.0
0,0.0,8131,0,1,0,0,0,4096,1,0,0,0,0.0,0,0,1,0,0,1.0,0,0.0,0,0,0.0,0,1,2016.0,0.0,0,0,0,1,0,2636,0.0,0,0,0,0,0.0,0.0
0,0.0,7099,0,0,0,0,0,9337,0,0,0,0,0.0,0,0,1,0,0,1.0,0,0.0,0,0,0.0,0,0,2019.5417664440135,0.0,0,0,0,1,0,3314,0.0,0,0,0,0,0.0,0.0
0,0.0,4822,0,0,0,0,0,9337,0,0,0,0,0.0,0,0,1,0,0,0.08854639211404591,0,0.0,0,0,0.0,0,1,2020.822907215772,0.0,0,0,0,1,0,3863,0.9114536078859541,0,0,0,0,0.0,0.0
0,0.0,2026,0,0,0,0,0,9337,0,0,0,0,0.0,0,0,1,0,0,0.0,0,0.0,0,0,0.0,0,1,2019.3379302288506,1.0,1,0,0,1,0,1904,0.0,0,0,0,0,0.0,0.0
0,0.0,3372,0,0,0,0,0,9337,0,0,0,0,0.0,1,0,1,0,1,0.0,0,0.0,0,0,0.0,0,0,2019.0,0.0,0,0,0,1,0,2849,1.0,0,0,0,0,0.0,0.0
0,0.0,3816,0,1,0,0,0,9337,0,0,1,0,0.0,0,0,1,0,1,0.0,0,0.0,0,0,0.0,0,0,2011.0,1.0,0,0,0,1,0,5771,0.0,0,0,0,0,0.0,0.0
0,0.0,1667,0,0,0,0,0,9337,0,0,0,0,0.0,0,0,1,0,0,1.0,0,0.0,0,0,0.0,0,0,2021.0,0.0,0,0,0,1,0,9395,0.0,0,0,0,0,0.0,0.0
0,0.0,3540,0,0,0,0,0,9337,0,0,0,0,0.0,0,0,2,0,1,0.0,0,0.0,0,0,0.0,0,0,2020.0,0.0,0,0,0,1,0,7904,0.0,0,1,1,0,1.0,0.0
0,0.0,9265,0,0,0,0,0,9337,0,0,0,0,0.0,0,0,1,0,0,1.0,0,0.0,0,0,0.0,0,0,2019.4260504063077,0.0,0,0,0,1,0,3325,0.0,0,0,0,0,0.0,0.0
0,0.0,8573,0,0,0,2,0,4096,0,0,0,0,0.0,0,0,3,0,0,1.0,0,0.0,0,0,0.0,0,0,2015.0,0.0,0,1,0,1,0,1990,0.0,0,0,0,0,0.0,0.0
0,0.0,7408,0,0,0,0,0,9337,0,0,0,0,0.0,0,0,1,0,0,0.0,0,0.0,0,1,0.0,0,1,2021.0,0.0,0,0,0,1,0,9127,0.0,0,0,0,0,1.0,0.0
0,0.0,6057,0,0,0,0,0,4655,0,0,0,0,0.0,0,0,2,0,0,0.0,0,0.0,0,0,0.0,0,1,2021.0,1.0,1,0,0,1,0,1968,0.0,0,0,0,0,0.0,0.0
0,0.0,1532,0,0,0,0,0,9337,0,0,0,0,0.0,0,0,1,0,0,0.9920532906094193,0,0.0,0,0,0.0,0,0,2021.0,0.0,0,0,0,1,0,7985,0.00794670939058073,0,0,0,1,0.0,0.0
0,0.0,2237,0,0,0,0,0,9337,0,0,0,0,0.0,0,0,1,0,0,0.0,0,0.0,0,0,0.0,0,0,2021.0,0.0,0,0,0,1,0,7927,0.0,0,0,0,0,1.0,0.0
0,0.0,3762,0,0,0,0,0,9337,0,0,0,0,0.0,0,0,1,0,0,0.2224599770262221,0,0.0,0,0,0.0,0,0,2020.2224599770261,0.0,0,0,0,1,0,4894,0.0,0,0,0,0,0.7775400229737779,0.0
0,0.0,7628,0,0,0,0,0,9337,0,0,0,0,0.0,0,0,1,0,0,1.0,0,0.0,0,0,0.0,0,0,2015.0,0.0,0,0,0,1,0,4110,0.0,0,0,0,0,0.0,0.0
0,0.0,8629,0,0,0,0,0,9337,0,0,0,0,0.0,0,0,1,0,0,1.0,0,0.0,0,0,0.0,0,0,2021.0,0.0,0,0,0,1,0,8729,0.0,0,0,0,0,0.0,0.0
0,0.0,3029,0,0,0,0,0,9337,0,0,0,0,0.0,0,0,3,0,0,0.0,0,0.0,0,0,0.0,0,1,2020.909916077585,0.045041961207496595,1,0,0,1,0,9625,0.0,0,0,0,0,0.9549580387925034,0.0
0,0.0,8843,0,0,0,0,0,9337,0,0,0,0,0.0,0,0,1,0,0,1.0,0,0.0,0,0,0.0,0,0,2018.253956163429,0.0,0,0,0,1,0,8510,0.0,0,0,0,0,0.0,0.0
0,0.0,8303,0,0,0,0,0,9337,0,0,0,0,0.0,0,0,1,0,0,1.0,0,0.0,0,0,0.0,0,0,2017.2519066157283,0.0,0,0,0,1,0,1997,0.0,0,0,0,0,0.0,0.0
0,0.0,3996,0,0,0,0,0,9337,0,0,0,0,0.0,0,0,1,0,0,0.481956394819929,0,0.0,0,0,0.0,0,0,2017.5902180259004,0.0,0,0,0,1,0,9335,0.0,0,0,0,0,0.518043605180071,0.0
0,0.0,4233,0,1,0,0,0,9337,0,0,1,0,0.0,0,0,1,0,1,0.0,0,0.0,0,0,0.0,0,0,2011.0,1.0,0,0,0,1,0,6162,0.0,0,0,0,0,0.0,0.0
0,0.0,5556,0,0,0,0,0,9337,0,0,0,0,0.0,0,0,1,0,0,0.0,0,0.0,0,1,0.0,0,1,2021.0,0.0,0,0,0,1,0,4510,0.0,0,0,0,0,1.0,0.0
0,0.0,3257,0,0,0,0,0,9337,0,0,0,0,0.0,0,0,1,0,0,0.0,0,0.0,0,0,0.0,0,0,2016.1843051655967,0.29607629139917746,1,0,0,1,0,9440,0.0,0,0,0,0,0.7039237086008225,0.0
0,0.0,3480,0,0,0,0,0,4096,0,0,0,0,0.0,1,0,1,0,1,0.0,0,0.0,0,0,0.0,0,0,2019.0,0.0,0,0,0,1,0,4268,1.0,0,0,0,0,0.0,0.0
0,0.0,4870,0,0,0,0,0,9337,0,0,0,0,0.0,0,0,1,0,0,1.0,0,0.0,0,0,0.0,0,0,2011.6883527241707,0.0,0,0,0,1,0,2090,0.0,0,0,0,0,0.0,0.0
0,0.0,6693,0,0,0,0,1,4096,0,0,0,0,0.0,0,0,3,0,0,1.0,0,0.0,0,1,0.0,0,0,2016.0,0.0,0,0,0,1,0,5557,0.0,0,0,0,0,0.0,0.0
0,0.0,2916,0,0,0,0,0,9337,0,0,0,0,0.0,0,0,3,0,0,0.0,0,0.0,0,0,0.0,0,0,2021.0,0.0,0,0,0,1,0,9481,0.0,0,0,0,0,1.0,0.0
0,0.0,7021,0,0,0,0,0,9337,0,0,0,0,0.0,0,0,1,0,0,1.0,0,0.0,0,0,0.0,0,0,2016.231497696327,0.0,0,0,0,1,0,7822,0.0,0,0,0,0,0.0,0.0
0,0.0,5320,0,0,0,0,1,4096,0,0,0,0,0.0,0,0,3,0,0,1.0,0,0.0,0,1,0.0,0,0,2016.0,0.0,0,0,0,1,0,6280,0.0,0,0,0,0,0.0,0.0
0,0.0,4237,0,0,0,0,0,9337,0,0,0,0,0.0,0,0,1,0,0,0.46344044060677625,0,0.0,0,0,0.0,0,0,2020.0731191187865,0.0,0,0,0,1,0,7155,0.5365595593932238,0,0,0,0,0.0,0.0
0,0.0,4874,0,0,0,0,0,3325,0,0,0,0,0.0,0,0,1,0,0,0.0,0,0.0,0,0,0.0,0,0,2020.0,1.0,0,0,0,1,0,6305,0.0,0,0,0,0,0.0,0.0
0,0.0,2707,0,0,0,0,0,9337,0,0,0,0,0.0,0,0,1,0,1,0.0,0,0.0,0,0,0.0,0,0,2019.8258560645477,0.0,0,0,0,1,0,2975,0.17414393545240436,0,0,0,0,0.8258560645475956,0.0
0,0.0,1722,0,0,0,0,0,9337,0,0,0,0,0.0,0,0,1,0,0,1.0,0,0.0,0,0,0.0,0,0,2018.5037140696413,0.0,0,0,0,1,0,3586,0.0,0,0,0,0,0.0,0.0
0,0.0,6883,0,0,0,0,0,9337,0,0,0,0,0.0,0,0,2,0,1,0.0,0,0.0,0,0,0.0,0,0,2020.0,0.0,0,0,0,1,0,5204,0.0,0,1,1,0,1.0,0.0
0,0.0,3401,0,0,0,0,0,9337,0,0,0,0,0.0,0,0,2,0,1,0.0,0,0.0,0,0,0.0,0,0,2020.0,0.0,0,0,0,1,0,8099,0.0,0,1,1,0,1.0,0.0
0,0.0,7851,0,0,0,0,0,4096,0,0,0,0,0.0,1,0,1,0,0,0.0,0,0.0,0,0,0.0,0,0,2021.0,0.0,0,0,0,1,0,8869,0.0,0,0,0,0,1.0,0.0
0,0.0,7488,0,0,0,0,0,9337,1,0,0,0,0.0,0,0,4,0,0,0.0,0,0.0,0,0,0.0,0,1,2021.0,0.0,1,0,0,1,0,5086,0.0,0,0,0,0,1.0,0.0
0,0.0,9101,0,0,0,0,0,9337,0,0,0,0,0.0,0,0,1,0,0,1.0,0,0.0,0,0,0.0,0,0,2021.0,0.0,0,0,0,1,0,4825,0.0,0,0,0,0,0.0,0.0
0,0.0,2358,0,0,0,0,0,9337,0,0,0,0,0.0,0,0,1,0,0,0.4363856858786678,0,0.0,0,0,0.0,0,0,2021.0,0.0,0,0,0,1,0,8040,0.0,0,0,0,0,0.5636143141213322,0.0
0,0.0,7541,0,0,0,0,0,9337,0,0,0,0,0.0,0,0,1,0,0,0.7639863014469734,0,0.0,0,0,0.0,0,0,2016.180068492765,0.0,0,0,0,1,0,7331,0.0,0,0,0,0,0.23601369855302656,0.0
0,0.0,3847,0,0,0,0,0,9337,0,0,0,0,0.0,0,0,1,0,0,0.7450892450312421,0,0.0,0,0,0.0,0,0,2016.019643019875,0.0,0,0,0,1,0,2777,0.2549107549687579,0,0,0,0,0.0,0.0
0,0.0,5967,0,0,0,0,0,9337,0,0,0,0,0.0,0,0,2,0,0,0.4432124686524004,0,0.0,0,0,0.0,0,0,2019.8864249373048,0.0,0,0,0,1,0,7026,0.5567875313475996,0,0,0,0,0.0,0.0
0,0.0,4868,0,0,0,0,0,4096,0,0,0,0,0.0,0,0,2,0,0,1.0,0,0.0,0,1,0.0,0,1,2015.0,0.0,0,0,0,1,0,8359,0.0,0,0,0,0,0.0,0.0
0,0.0,1338,0,0,0,0,0,9337,0,0,0,0,0.0,0,0,1,0,0,0.0,0,0.0,0,0,0.0,0,1,2021.0,0.0,0,0,0,1,0,8517,1.0,0,0,0,1,0.0,0.0
0,0.0,5399,0,0,0,0,0,9337,0,0,0,0,0.0,0,0,1,0,0,0.615808787171317,0,0.0,0,0,0.0,0,0,2020.6158087871713,0.0,0,0,0,1,0,1440,0.0,0,0,0,0,0.38419121282868296,0.0
0,0.0,9053,0,0,0,0,0,9337,0,0,0,0,0.0,0,0,1,0,0,1.0,0,0.0,0,0,0.0,0,0,2020.7107395168077,0.0,0,0,0,1,0,5051,0.0,0,0,0,0,0.0,0.0
0,0.0,5916,0,0,0,0,0,9337,0,0,0,0,0.0,0,0,3,0,0,1.0,0,0.0,0,0,0.0,0,0,2020.7083188891418,0.0,0,0,0,1,0,6954,0.0,0,0,0,0,0.0,0.0
0,0.0,4351,0,0,0,0,0,4096,0,0,0,0,0.0,1,0,1,0,1,0.0,0,0.0,0,0,0.0,0,0,2019.0,0.0,0,0,0,1,0,9870,1.0,0,0,0,0,0.0,0.0
0,0.0,5139,0,0,0,0,0,9337,0,0,0,0,0.0,0,0,1,0,0,0.0,0,0.0,0,0,0.0,0,1,2018.0,0.0,0,0,0,1,0,5074,1.0,0,0,0,0,0.0,0.0
0,0.0,6068,0,0,0,0,0,9337,0,0,0,0,0.0,0,0,2,0,1,0.0,0,0.0,0,0,0.0,0,0,2020.0,0.0,0,0,0,1,0,6730,0.0,0,1,1,0,1.0,0.0
0,0.0,8106,0,0,0,0,0,9337,0,0,0,0,0.0,0,0,1,0,0,0.35488746788271086,0,0.0,0,0,0.0,0,1,2020.6451125321173,0.0,0,0,0,1,0,9737,0.0,0,0,0,0,0.6451125321172891,0.0
0,0.0,6043,0,0,0,0,0,9337,0,0,0,0,0.0,0,0,1,0,0,1.0,0,0.0,0,0,0.0,0,0,2021.0,0.0,0,0,0,1,0,2377,0.0,0,0,0,0,0.0,0.0
0,0.0,9314,0,0,0,0,0,9337,0,0,0,0,0.0,0,0,1,0,0,1.0,0,0.0,0,0,0.0,0,0,2019.2436768022637,0.0,0,0,0,1,0,2620,0.0,0,0,0,0,0.0,0.0
1,0.0,4094,0,0,0,1,1,4096,0,0,0,0,0.0,0,0,1,0,0,0.0,0,0.0,0,0,0.0,0,0,2012.0,0.0,1,1,0,1,0,5920,1.0,0,1,0,0,0.0,0.0
0,0.0,1460,0,0,0,0,0,9337,0,0,0,0,0.0,0,0,1,0,0,0.6254708117859797,0,0.0,0,0,0.0,0,0,2021.0,0.0,0,0,0,1,0,8181,0.37452918821402026,0,0,0,1,0.0,0.0
0,0.0,2394,0,0,0,0,0,9337,0,0,0,0,0.0,0,0,1,0,0,1.0,0,0.0,0,0,0.0,0,0,2017.2518361745645,0.0,0,0,0,1,0,2927,0.0,0,0,0,0,0.0,0.0
0,0.0,7253,0,0,0,0,0,9337,0,0,0,0,0.0,0,0,1,0,0,0.0,0,0.0,0,0,0.0,0,0,2015.0,0.0,1,0,0,1,0,2056,0.0,0,1,0,0,1.0,0.0
0,0.0,1834,0,0,0,0,1,4096,0,0,0,0,0.0,0,0,1,0,0,1.0,0,0.0,0,0,0.0,0,0,2020.0,0.0,0,0,0,1,0,2068,0.0,0,0,0,0,0.0,0.0
0,0.0,8553,0,0,0,0,0,9337,0,0,0,0,0.0,0,0,1,0,0,1.0,0,0.0,0,0,0.0,0,0,2015.2549765410809,0.0,0,0,0,1,0,1909,0.0,0,0,0,0,0.0,0.0
0,0.0,4787,0,0,0,0,0,9337,0,0,0,0,0.0,0,0,1,0,0,0.0,0,0.0,0,0,0.0,0,1,2021.0,0.0,0,0,0,1,0,7925,1.0,0,0,0,1,0.0,0.0
0,0.0,2536,0,0,0,0,0,9337,0,0,0,0,0.0,0,0,2,0,1,0.0,0,0.0,0,0,0.0,0,0,2020.0,0.0,0,0,0,1,0,6730,0.0,0,1,1,0,1.0,0.0
0,0.0,7461,0,0,0,0,0,9337,0,0,0,0,0.0,0,0,2,0,0,0.0,0,0.0,0,0,0.0,0,0,2021.0,0.0,0,0,0,1,0,4816,0.0,0,0,0,0,1.0,0.0
0,0.0,7402,0,0,0,0,0,9337,0,0,0,0,0.0,0,0,3,0,0,0.7340843205613484,0,0.0,0,0,0.0,0,0,2020.7340843205614,0.0,0,0,0,1,0,7288,0.0,0,0,0,0,0.2659156794386516,0.0
0,0.0,6602,0,0,0,0,0,9337,0,0,0,0,0.0,0,0,1,0,0,1.0,0,0.0,0,0,0.0,0,0,2019.0,0.0,0,0,0,1,0,4820,0.0,0,0,0,0,0.0,0.0
0,0.0,4265,0,0,0,0,0,9337,0,0,0,0,0.0,0,0,2,0,0,1.0,0,0.0,0,0,0.0,0,0,2021.0,0.0,0,0,0,1,0,9164,0.0,0,0,0,0,0.0,0.0
0,0.0,3371,0,0,0,0,0,9337,0,0,0,0,0.0,0,0,1,0,0,0.547786033376421,0,0.0,0,0,0.0,0,0,2017.261069833118,0.0,0,0,0,1,0,7524,0.0,0,0,0,0,0.45221396662357904,0.0
0,0.0,1166,0,0,0,0,1,4096,0,0,0,0,0.0,0,0,3,0,0,1.0,0,0.0,0,1,0.0,0,0,2016.0,0.0,0,0,0,1,0,6508,0.0,0,0,0,0,0.0,0.0
0,0.0,3759,0,0,0,0,0,9337,0,0,0,0,0.0,0,0,1,0,0,0.2553924611149607,0,0.0,0,0,0.0,0,0,2020.255392461115,0.0,0,0,0,1,0,1657,0.0,0,0,0,0,0.7446075388850393,0.0
0,0.0,7813,0,0,0,0,0,9337,0,0,0,0,0.0,0,0,1,0,0,0.0,0,0.0,0,0,0.0,0,1,2020.7588117448001,0.24118825519986342,0,0,0,1,0,9679,0.0,0,0,0,0,0.7588117448001366,0.0
0,0.0,8413,0,0,0,0,0,4096,0,0,0,0,0.0,0,0,1,0,0,0.0,0,0.0,0,0,0.0,0,1,2021.0,0.0,0,0,0,1,0,1510,1.0,0,0,0,1,0.0,0.0
0,0.0,2289,0,0,0,0,0,9337,0,0,0,0,0.0,0,0,1,0,0,0.33858647213500703,0,0.0,0,0,0.0,0,0,2018.307067639325,0.0,0,0,0,1,0,6788,0.0,0,0,0,0,0.661413527864993,0.0
0,0.0,3483,0,0,0,0,0,9337,0,0,0,0,0.0,0,0,1,0,1,0.0,0,0.0,0,0,0.0,0,0,2017.3493005133198,0.2945221651866795,0,0,0,1,0,6108,0.0,0,0,0,0,0.7054778348133205,0.0
0,0.0,4335,0,0,0,0,0,4096,0,0,0,0,0.0,1,0,1,0,1,0.0,0,0.0,0,0,0.0,0,0,2019.0,0.0,0,0,0,1,0,9891,1.0,0,0,0,0,0.0,0.0
0,0.0,3380,0,0,0,0,0,9337,0,0,0,0,0.0,0,0,1,0,0,0.0,0,0.0,0,0,0.0,0,0,2017.9708215468481,0.7427053867120165,1,0,0,1,0,9312,0.0,0,0,0,0,0.25729461328798353,0.0
0,0.0,7487,0,0,0,0,0,9337,0,0,0,0,0.0,0,0,1,0,0,0.9598753515608729,0,0.0,0,0,0.0,0,0,2015.2006232421957,0.0,0,0,0,1,0,7371,0.0,0,0,0,0,0.04012464843912711,0.0
0,0.0,6674,0,0,0,0,1,4096,0,0,0,0,0.0,0,0,3,0,0,1.0,0,0.0,0,1,0.0,0,0,2016.0,0.0,0,0,0,1,0,5527,0.0,0,0,0,0,0.0,0.0
0,0.0,8303,0,0,0,0,0,9337,0,0,0,0,0.0,0,0,1,0,0,1.0,0,0.0,0,0,0.0,0,0,2017.4218629815707,0.0,0,0,0,1,0,4772,0.0,0,0,0,0,0.0,0.0
0,0.0,4293,0,0,0,0,0,9337,0,0,0,0,0.0,0,0,1,0,0,0.0,0,0.0,0,0,0.0,0,0,2016.6759196639575,0.0,0,0,0,1,0,3616,0.41897991598939344,0,0,0,0,0.5810200840106066,0.0
0,0.0,6381,0,0,0,0,0,9337,0,0,0,0,0.0,0,0,1,0,0,0.0,0,0.0,0,0,0.0,0,0,2020.2383145815277,1.0,1,0,0,1,0,9063,0.0,0,0,0,0,0.0,0.0
0,0.0,1980,0,0,0,0,0,9337,0,0,0,0,0.0,0,0,3,0,0,1.0,0,0.0,0,0,0.0,0,0,2021.0,0.0,0,0,0,1,0,9830,0.0,0,0,0,0,0.0,0.0
0,0.0,7390,0,0,0,0,0,9337,0,0,0,0,0.0,0,0,1,0,0,1.0,0,0.0,0,0,0.0,0,0,2020.2935756505217,0.0,0,0,0,1,0,3147,0.0,0,0,0,0,0.0,0.0
0,0.0,6466,0,0,0,0,0,9337,0,0,0,0,0.0,0,0,1,0,1,0.0,0,0.0,0,0,0.0,0,0,2019.9299157996045,0.0,0,0,0,1,0,7149,0.07008420039544949,0,0,0,0,0.9299157996045505,0.0
0,0.0,1601,0,0,0,0,0,9337,0,0,0,0,0.0,0,0,2,0,1,0.0,0,0.0,0,0,0.0,0,0,2020.0,0.0,0,0,0,1,0,9572,0.0,0,1,1,0,1.0,0.0
0,0.0,8972,0,0,0,0,0,9337,0,0,0,0,0.0,0,0,1,0,0,1.0,0,0.0,0,0,0.0,0,1,2019.4029276824615,0.0,0,0,0,1,0,2322,0.0,0,0,0,0,0.0,0.0
0,0.0,6839,0,0,0,0,0,9337,0,0,0,0,0.0,0,0,1,0,0,1.0,0,0.0,0,0,0.0,0,0,2020.2453591579415,0.0,0,0,0,1,0,4874,0.0,0,0,0,0,0.0,0.0
0,0.0,1401,0,0,0,0,0,9337,0,0,0,0,0.0,0,0,1,0,0,0.0,0,0.0,0,0,0.0,0,1,2019.0,1.0,1,0,0,1,0,1909,0.0,0,0,0,0,0.0,0.0
0,0.0,5844,0,0,0,0,0,8575,0,0,0,0,0.0,0,0,1,0,0,0.0,0,0.0,0,0,0.0,0,0,2021.0,1.0,1,0,0,1,0,9596,0.0,0,0,0,0,0.0,0.0
0,0.0,8171,0,1,0,0,0,4096,0,0,1,0,0.0,0,0,1,0,1,0.0,0,0.0,0,0,0.0,0,0,2011.0,1.0,0,0,0,1,0,3390,0.0,0,0,0,0,0.0,0.0
0,0.0,1659,0,0,0,0,0,9337,0,0,0,0,0.0,1,0,1,0,1,0.0,0,0.0,0,0,0.0,0,0,2019.0,0.0,0,0,0,1,0,8030,1.0,0,0,0,0,0.0,0.0
0,0.0,3947,0,1,0,0,0,4096,1,0,0,0,0.0,0,0,1,0,0,1.0,0,0.0,0,0,0.0,0,1,2016.0,0.0,0,0,0,1,0,1703,0.0,0,0,0,0,0.0,0.0
0,0.0,5583,0,0,0,0,0,9337,0,0,0,0,0.0,0,0,1,0,0,0.9076663211942027,0,0.0,0,0,0.0,0,0,2021.0,0.0,0,0,0,1,0,1592,0.0,0,0,0,0,0.09233367880579735,0.0
0,0.0,6124,0,0,0,0,0,9337,0,0,0,0,0.0,0,0,2,0,1,0.0,0,0.0,0,0,0.0,0,0,2020.0,0.0,0,0,0,1,0,6786,0.0,0,1,1,0,1.0,0.0
0,0.0,4886,0,0,0,0,0,9337,0,0,0,0,0.0,0,0,1,0,0,0.0,0,0.0,0,0,0.0,0,0,2020.0556288644318,1.0,1,0,0,1,0,7634,0.0,0,0,0,0,0.0,0.0
0,0.0,6752,0,0,0,0,0,9337,0,0,0,0,0.0,0,0,2,0,1,0.0,0,0.0,0,0,0.0,0,0,2020.0,0.0,0,0,0,1,0,4996,0.0,0,1,1,0,1.0,0.0
0,0.0,4302,0,0,0,1,0,3325,0,0,0,0,0.0,0,1,1,1,1,0.0,0,0.0,0,0,0.0,0,0,2020.0,1.0,0,1,0,1,0,7946,0.0,0,0,0,0,0.0,0.0
0,0.0,6498,0,1,0,0,0,4096,1,0,0,0,0.0,0,0,1,0,0,1.0,0,0.0,0,0,0.0,0,1,2016.0,0.0,0,0,0,1,0,8720,0.0,0,0,0,0,0.0,0.0
0,0.0,2973,0,0,0,0,0,9337,0,0,0,0,0.0,0,0,4,0,0,0.03706928379130725,0,0.0,0,0,0.0,0,0,2021.0,0.0,0,0,0,1,0,9650,0.0,0,0,0,0,0.9629307162086927,0.0
0,0.0,5369,0,0,1,1,0,4096,0,0,0,0,0.0,0,0,1,0,0,0.0,0,0.0,0,0,0.0,0,0,2006.0,0.0,1,2,0,1,1,1710,1.0,0,0,0,0,0.0,0.0
0,0.0,2811,0,0,0,0,0,9337,0,0,0,0,0.0,0,0,1,0,0,1.0,0,0.0,0,0,0.0,0,0,2019.241784574764,0.0,0,0,0,1,0,8562,0.0,0,0,0,0,0.0,0.0
0,0.0,5812,0,0,0,0,0,3543,0,0,0,0,0.0,0,0,2,0,0,0.0,0,0.0,0,0,0.0,0,0,2015.0,0.0,0,0,0,1,0,2573,0.0,0,0,0,0,1.0,0.0
0,0.0,9476,0,0,0,0,0,9337,0,0,0,0,0.0,0,0,1,0,0,0.0,0,0.0,0,0,0.0,0,0,2017.3646176058176,0.0,0,0,0,1,0,6378,0.3941029343029384,0,0,0,0,0.6058970656970616,0.0
0,0.0,7503,0,0,0,0,0,9337,0,0,0,0,0.0,0,0,1,0,0,1.0,0,0.0,0,0,0.0,0,1,2020.0,0.0,0,0,0,1,0,3265,0.0,0,0,0,0,0.0,0.0
0,0.0,3681,0,0,0,0,0,9337,0,0,0,0,0.0,0,0,1,0,1,0.0,0,0.0,0,0,0.0,0,0,2019.6607437224395,0.0,0,0,0,1,0,1948,0.33925627756051535,0,0,0,0,0.6607437224394846,0.0
0,0.0,9471,0,0,0,0,0,9337,0,0,0,0,0.0,0,0,1,0,0,0.0,0,0.0,0,0,0.0,0,0,2020.2717978311377,0.0,0,0,0,1,0,1378,0.3641010844311534,0,0,0,0,0.6358989155688466,0.0
0,0.0,9026,0,0,0,0,0,9337,0,0,0,0,0.0,0,0,1,0,0,1.0,0,0.0,0,0,0.0,0,0,2020.168468452458,0.0,0,0,0,1,0,5180,0.0,0,0,0,0,0.0,0.0
0,0.0,8982,0,0,0,0,0,9337,0,0,0,0,0.0,0,0,1,0,0,0.37909975647029803,0,0.0,0,0,0.0,0,0,2019.6209002435296,0.0,0,0,0,1,0,3521,0.0,0,0,0,0,0.620900243529702,0.0
0,0.0,3379,0,0,0,0,0,9337,0,0,0,0,0.0,0,0,1,0,0,0.0147200525709561,0,0.0,0,0,0.0,0,0,2020.014720052571,0.0,0,0,0,1,0,4885,0.0,0,0,0,0,0.9852799474290439,0.0
0,0.0,8105,0,0,0,0,0,9337,0,0,0,0,0.0,0,0,1,0,0,1.0,0,0.0,0,0,0.0,0,1,2020.0,0.0,0,0,0,1,0,2076,0.0,0,0,0,0,0.0,0.0
0,0.0,2543,0,0,0,0,0,9337,0,0,0,0,0.0,0,0,1,0,0,0.0,0,0.0,0,0,0.0,0,1,2020.0,1.0,1,0,0,1,0,6851,0.0,0,0,0,0,0.0,0.0
0,0.0,2790,0,0,0,0,0,9337,0,0,0,0,0.0,0,0,1,0,0,1.0,0,0.0,0,0,0.0,0,0,2003.3841051004642,0.0,0,0,0,1,0,8602,0.0,0,0,0,0,0.0,0.0
0,0.0,2635,0,0,0,0,0,9337,0,0,0,0,0.0,0,0,1,0,0,1.0,0,0.0,0,0,0.0,0,0,1999.696470506227,0.0,0,0,0,1,0,8424,0.0,0,0,0,0,0.0,0.0
0,0.0,5089,0,0,0,0,0,3543,0,0,0,0,0.0,0,0,1,0,0,0.0,0,0.0,0,0,0.0,0,1,2018.0,0.0,0,0,0,1,0,6516,1.0,0,0,0,0,0.0,0.0
0,0.0,6455,0,0,0,0,0,9337,0,0,0,0,0.0,0,0,2,0,1,0.0,0,0.0,0,0,0.0,0,0,2020.0,0.0,0,0,0,1,0,7113,0.0,0,1,1,0,1.0,0.0
0,0.0,5103,0,0,0,0,0,9337,0,0,0,0,0.0,0,0,1,0,0,0.8582564802197289,0,0.0,0,0,0.0,0,0,2021.0,0.0,0,0,0,1,0,2620,0.0,0,0,0,0,0.1417435197802711,0.0
0,0.0,3182,0,0,0,0,0,9337,0,0,0,0,0.0,0,0,1,0,1,0.0,0,0.0,0,0,0.0,0,0,2019.8557934347928,0.0,0,0,0,1,0,8340,0.14420656520715958,0,0,0,0,0.8557934347928404,0.0
0,0.0,4081,0,0,0,0,0,9337,0,0,0,0,0.0,0,0,1,0,0,0.0,0,0.0,0,0,0.0,0,1,2021.0,0.0,0,0,0,1,0,5245,1.0,0,0,0,1,0.0,0.0
0,0.0,1574,0,0,0,0,0,9337,0,0,0,0,0.0,0,0,2,0,0,0.667155945441503,0,0.0,0,0,0.0,0,0,2019.3328440545586,0.0,0,0,0,1,0,5313,0.0,0,0,0,0,0.33284405455849697,0.0
0,0.0,8802,0,0,0,0,0,9337,0,0,0,0,0.0,0,0,1,0,0,0.41416782460140056,0,0.0,0,0,0.0,0,0,2017.3433287015944,0.0,0,0,0,1,0,1483,0.5858321753985994,0,0,0,0,0.0,0.0
0,0.0,8106,0,0,0,0,0,9337,0,0,0,0,0.0,0,0,1,0,0,0.5262600924159773,0,0.0,0,0,0.0,0,0,2020.0,0.0,0,0,0,1,0,9734,0.0,0,0,0,0,0.47373990758402273,0.0
0,0.0,8879,0,0,0,0,0,9337,0,0,0,0,0.0,0,0,1,0,0,1.0,0,0.0,0,0,0.0,0,0,2017.4603555827057,0.0,0,0,0,1,0,5527,0.0,0,0,0,0,0.0,0.0
0,0.0,6610,0,0,0,0,0,9337,0,0,0,0,0.0,0,0,1,0,0,1.0,0,0.0,0,0,0.0,0,0,2019.0,0.0,0,0,0,1,0,3740,0.0,0,0,0,0,0.0,0.0
0,0.0,5107,0,0,0,0,0,3543,0,0,0,0,0.0,0,0,1,0,0,0.0,0,0.0,0,0,0.0,0,1,2018.0,0.0,0,0,0,1,0,6481,1.0,0,0,0,0,0.0,0.0
0,0.0,5715,0,0,0,0,0,7969,0,0,0,0,0.0,0,0,1,0,0,0.0,0,0.0,0,0,0.0,0,0,2021.0,1.0,1,0,0,1,0,1289,0.0,0,0,0,0,0.0,0.0
0,0.0,7634,0,0,0,0,0,9337,0,0,0,0,0.0,0,0,1,0,0,0.0,0,0.0,0,0,0.0,0,1,2019.0,1.0,1,0,0,1,0,6153,0.0,0,0,0,0,0.0,0.0
0,0.0,3620,0,0,0,0,0,9337,0,0,0,0,0.0,0,0,1,0,0,1.0,0,0.0,0,0,0.0,0,0,1994.526509646302,0.0,0,0,0,1,0,6811,0.0,0,0,0,0,0.0,0.0
0,0.0,5385,0,0,0,0,0,9337,0,0,0,0,0.0,0,0,1,0,0,0.0,0,0.0,0,1,0.0,0,1,2021.0,0.0,0,0,0,1,0,4522,0.0,0,0,0,0,1.0,0.0
0,0.0,5275,0,0,0,0,0,9337,0,0,0,0,0.0,0,0,1,0,0,1.0,0,0.0,0,0,0.0,0,1,2020.0,0.0,0,0,0,1,0,8819,0.0,0,0,0,0,0.0,0.0
0,0.0,7911,0,0,0,0,0,9337,0,0,0,0,0.0,0,0,3,0,0,0.32172451002961966,0,0.0,0,0,0.0,0,1,2020.6782754899705,0.0,0,0,0,1,0,7047,0.0,0,0,0,0,0.6782754899703803,0.0
0,0.0,2543,0,0,0,0,0,9337,0,0,0,0,0.0,0,0,1,0,0,0.0,0,0.0,0,0,0.0,0,1,2019.3476898550894,1.0,1,0,0,1,0,6851,0.0,0,0,0,0,0.0,0.0
0,0.0,4121,0,0,0,0,0,4096,0,0,0,0,0.0,1,0,1,0,0,1.0,0,0.0,0,0,0.0,0,0,2021.0,0.0,0,0,0,1,0,7957,0.0,0,0,0,0,0.0,0.0
0,0.0,1648,0,0,0,0,0,9337,0,0,0,0,0.0,0,0,1,0,0,0.0,0,0.0,0,0,0.0,0,0,2019.0545054240774,0.0,0,0,0,1,0,8040,1.0,0,0,0,0,0.0,0.0
0,0.0,7257,0,0,0,0,0,9337,0,0,0,0,0.0,0,0,3,0,0,1.0,0,0.0,0,0,0.0,0,0,2020.0001662393183,0.0,0,0,0,1,0,7409,0.0,0,0,0,0,0.0,0.0
0,0.0,5841,0,0,0,0,0,9337,0,0,0,0,0.0,0,0,1,0,0,0.10893020556698074,0,0.0,0,0,0.0,0,1,2019.891069794433,0.8910697944330193,0,0,0,1,0,4737,0.0,0,0,0,0,0.0,0.0
0,0.0,9171,0,0,0,0,0,9337,0,0,0,0,0.0,0,0,1,0,0,0.6999753330434996,0,0.0,0,0,0.0,0,1,2020.3000246669565,0.0,0,0,0,1,0,1367,0.0,0,0,0,0,0.30002466695650043,0.0
0,0.0,4490,0,0,0,0,0,9337,0,0,0,0,0.0,0,0,1,0,0,0.0,0,0.0,0,0,0.0,0,0,2019.6377795721546,0.0,0,0,0,1,0,7771,1.0,0,0,0,0,0.0,0.0
0,0.0,3658,0,0,0,0,0,9337,0,0,0,0,0.0,0,0,1,0,0,0.3616087749187865,0,0.0,0,0,0.0,0,0,2017.5535649003248,0.0,0,0,0,1,0,2724,0.6383912250812135,0,0,0,0,0.0,0.0
0,0.0,7249,0,0,0,0,0,9337,0,0,0,0,0.0,0,0,3,0,0,1.0,0,0.0,0,0,0.0,0,0,2019.564617080766,0.0,0,0,0,1,0,7444,0.0,0,0,0,0,0.0,0.0
0,0.0,7975,0,0,0,0,0,9337,0,0,0,0,0.0,0,0,1,0,0,1.0,0,0.0,0,0,0.0,0,0,2020.6936809845274,0.0,0,0,0,1,0,9121,0.0,0,0,0,0,0.0,0.0
0,0.0,5520,0,0,0,0,0,9337,0,0,0,0,0.0,0,0,1,0,0,1.0,0,0.0,0,0,0.0,0,0,2021.0,0.0,0,0,0,1,0,1585,0.0,0,0,0,0,0.0,0.0
0,0.0,3698,0,0,0,0,0,9337,0,0,0,0,0.0,0,0,1,0,0,1.0,0,0.0,0,0,0.0,0,0,1992.733152623977,0.0,0,0,0,1,0,8756,0.0,0,0,0,0,0.0,0.0
0,0.0,5527,0,0,0,0,0,9337,0,0,0,0,0.0,0,0,1,0,0,0.0,0,0.0,0,0,0.0,0,1,2020.0,1.0,1,0,0,1,0,8658,0.0,0,0,0,0,0.0,0.0
0,0.0,5179,0,0,0,0,0,9337,0,0,0,0,0.0,0,0,1,0,0,1.0,0,0.0,0,0,0.0,0,0,2021.0,0.0,0,0,0,1,0,1781,0.0,0,0,0,0,0.0,0.0
0,0.0,5960,0,0,0,0,0,9337,0,0,0,0,0.0,0,0,2,0,0,0.43871295786233144,0,0.0,0,0,0.0,0,0,2020.4387129578624,0.0,0,0,0,1,0,6817,0.0,0,0,0,0,0.5612870421376686,0.0
0,0.0,9240,0,0,0,0,0,9337,0,0,0,0,0.0,0,0,1,0,0,0.0,0,0.0,0,0,0.0,0,0,2015.0,0.0,1,0,0,1,0,6267,0.0,0,1,0,0,1.0,0.0
0,0.0,5054,0,0,0,0,0,3543,0,0,0,0,0.0,0,0,1,0,0,0.0,0,0.0,0,0,0.0,0,1,2018.0,0.0,0,0,0,1,0,6582,1.0,0,0,0,0,0.0,0.0
0,0.0,2972,0,0,0,0,0,9337,0,0,0,0,0.0,0,0,1,0,0,0.6637309451272357,0,0.0,0,0,0.0,0,0,2019.3362690548727,0.0,0,0,0,1,0,8500,0.0,0,0,0,0,0.33626905487276426,0.0
0,0.0,2852,0,0,0,0,0,9337,0,0,0,0,0.0,0,0,1,0,0,1.0,0,0.0,0,0,0.0,0,0,2019.0,0.0,0,0,0,1,0,8614,0.0,0,0,0,0,0.0,0.0
0,0.0,2236,0,0,0,0,0,9337,0,0,0,0,0.0,0,0,1,0,0,1.0,0,0.0,0,0,0.0,0,0,2015.0,0.0,0,0,0,1,0,2925,0.0,0,0,0,0,0.0,0.0
0,0.0,3431,0,0,0,0,0,9337,0,0,0,0,0.0,0,0,2,0,1,0.0,0,0.0,0,0,0.0,0,0,2020.0,0.0,0,0,0,1,0,4873,0.0,0,1,1,0,1.0,0.0
0,0.0,4716,0,0,0,0,0,9337,0,0,0,0,0.0,0,0,1,0,0,1.0,0,0.0,0,0,0.0,0,0,2000.1713100084423,0.0,0,0,0,1,0,2144,0.0,0,0,0,0,0.0,0.0
0,0.0,7564,0,0,0,0,0,9337,0,0,0,0,0.0,1,0,1,0,1,0.0,0,0.0,0,0,0.0,0,0,2019.0,0.0,0,0,0,1,0,9839,1.0,0,0,0,0,0.0,0.0
0,0.0,8262,0,0,0,0,0,9337,0,0,0,0,0.0,0,0,1,0,0,1.0,0,0.0,0,0,0.0,0,1,2020.0,0.0,0,0,0,1,0,2031,0.0,0,0,0,0,0.0,0.0
0,0.0,7312,0,0,0,0,0,9337,0,0,0,0,0.0,0,0,3,0,0,0.0,0,0.0,0,0,0.0,0,1,2020.3397407298967,0.3301296350516587,1,0,0,1,0,5243,0.0,0,0,0,0,0.6698703649483413,0.0
0,0.0,1843,0,0,0,0,0,9337,0,0,0,0,0.0,0,0,1,0,0,1.0,0,0.0,0,0,0.0,0,0,2016.0521885761793,0.0,0,0,0,1,0,6734,0.0,0,0,0,0,0.0,0.0
0,0.0,9417,0,0,0,0,0,9337,1,0,0,0,0.0,0,0,4,0,0,0.0,0,0.0,0,0,0.0,0,1,2021.0,0.0,1,0,0,1,0,4442,0.0,0,0,0,0,1.0,0.0
0,0.0,4452,0,0,0,1,0,3325,0,0,0,0,0.0,0,1,1,1,1,0.0,0,0.0,0,0,0.0,0,0,2020.0,1.0,0,1,0,1,0,7870,0.0,0,0,0,0,0.0,0.0
0,0.0,7842,0,0,0,0,0,9337,0,0,0,0,0.0,0,0,1,0,0,1.0,0,0.0,0,0,0.0,0,1,2020.0,0.0,0,0,0,1,0,1948,0.0,0,0,0,0,0.0,0.0
0,0.0,6518,0,0,0,0,0,9337,0,0,0,0,0.0,0,0,1,0,0,0.0,0,0.0,0,0,0.0,0,1,2020.0,1.0,1,0,0,1,0,9069,0.0,0,0,0,0,0.0,0.0
0,0.0,1767,0,0,0,0,0,9337,0,0,0,0,0.0,0,0,1,0,0,1.0,0,0.0,0,0,0.0,0,0,2015.209237439903,0.0,0,0,0,1,0,6799,0.0,0,0,0,0,0.0,0.0
0,0.0,7569,0,0,0,0,0,9337,0,0,0,0,0.0,0,0,1,0,0,0.0,0,0.0,0,0,0.0,0,1,2019.0,1.0,1,0,0,1,0,6102,0.0,0,0,0,0,0.0,0.0
0,0.0,1087,0,0,0,0,0,9337,0,0,0,0,0.0,0,0,1,0,0,0.0,0,0.0,0,0,0.0,0,1,2019.0,1.0,1,0,0,1,0,1878,0.0,0,0,0,0,0.0,0.0
0,0.0,5813,0,0,0,1,0,4096,0,1,0,0,0.0,0,0,2,0,0,0.0,0,0.0,0,0,0.0,0,0,2014.0,0.0,0,0,0,1,0,8202,1.0,0,0,0,0,0.0,0.0
0,0.0,6007,0,0,0,0,0,9337,0,0,0,0,0.0,0,0,2,0,0,1.0,0,0.0,0,0,0.0,0,0,2021.0,0.0,0,0,0,1,0,2434,0.0,0,0,0,0,0.0,0.0
0,0.0,1552,0,0,0,0,0,9337,0,0,0,0,0.0,0,0,1,0,0,0.0,0,0.0,0,0,0.0,0,1,2019.9151738194867,1.0,1,0,0,1,0,1745,0.0,0,0,0,0,0.0,0.0
0,0.0,6964,0,0,0,1,0,4096,0,0,0,0,0.0,0,0,3,1,1,0.0,0,0.0,0,0,0.0,0,0,2018.0,1.0,0,1,0,1,0,9697,0.0,0,0,0,0,0.0,0.0
0,0.0,3871,0,0,0,0,0,9337,0,0,0,0,0.0,0,0,1,0,0,0.773375710018328,0,0.0,0,0,0.0,0,0,2016.1331214499085,0.0,0,0,0,1,0,8677,0.0,0,0,0,0,0.22662428998167194,0.0
0,0.0,3735,0,0,0,0,0,9337,0,0,0,0,0.0,0,0,1,0,0,1.0,0,0.0,0,0,0.0,0,0,1985.0,0.0,0,0,0,1,0,4506,0.0,0,0,0,0,0.0,0.0
0,0.0,8236,0,0,0,0,0,9337,0,0,0,0,0.0,0,0,4,0,0,0.9475451618761371,0,0.0,0,0,0.0,0,0,2021.0,0.0,0,0,0,1,0,7091,0.0,0,0,0,0,0.05245483812386287,0.0
0,0.0,7372,0,0,0,0,0,9337,0,0,0,0,0.0,0,0,2,0,0,0.0,0,0.0,0,0,0.0,0,1,2020.3134792537046,0.3432603731476531,1,0,0,1,0,5570,0.0,0,0,0,0,0.6567396268523469,0.0
0,0.0,6498,0,0,0,0,0,9337,0,0,0,0,0.0,0,0,1,0,0,1.0,0,0.0,0,0,0.0,0,0,2020.995626407734,0.0,0,0,0,1,0,3434,0.0,0,0,0,0,0.0,0.0
0,0.0,6101,0,0,0,0,0,9337,0,0,0,0,0.0,0,0,1,0,0,1.0,0,0.0,0,0,0.0,0,0,2019.0,0.0,0,0,0,1,0,4104,0.0,0,0,0,0,0.0,0.0
0,0.0,2543,0,0,0,0,0,9337,0,0,0,0,0.0,0,0,1,0,0,0.0,0,0.0,0,0,0.0,0,1,2019.381492071895,1.0,1,0,0,1,0,6851,0.0,0,0,0,0,0.0,0.0
0,0.0,6194,0,1,0,0,0,4096,0,0,1,0,0.0,0,0,1,0,1,0.0,0,0.0,0,0,0.0,0,0,2011.0,1.0,0,0,0,1,0,4755,0.0,0,0,0,0,0.0,0.0
0,0.0,4616,0,0,0,0,0,9337,0,0,0,0,0.0,0,0,1,0,0,1.0,0,0.0,0,0,0.0,0,0,1989.6340998517676,0.0,0,0,0,1,0,2203,0.0,0,0,0,0,0.0,0.0
0,0.0,1715,0,0,0,0,0,9337,0,0,0,0,0.0,0,0,1,0,0,1.0,0,0.0,0,0,0.0,0,0,2017.032544744344,0.0,0,0,0,1,0,6680,0.0,0,0,0,0,0.0,0.0
0,0.0,2270,0,0,0,0,0,9337,0,0,0,0,0.0,0,0,1,0,0,0.0,0,0.0,0,0,0.0,0,1,2019.3611676092698,1.0,1,0,0,1,0,1907,0.0,0,0,0,0,0.0,0.0
0,0.0,1758,0,0,0,0,0,9337,0,0,0,0,0.0,0,0,1,0,0,0.9122712621669199,0,0.0,0,0,0.0,0,0,2014.6490850486678,0.0877287378330801,0,0,0,1,0,6771,0.0,0,0,0,0,0.0,0.0
0,0.0,3356,0,0,0,0,0,9337,0,0,0,0,0.0,1,0,1,0,1,0.0,0,0.0,0,0,0.0,0,0,2019.0,0.0,0,0,0,1,0,2876,1.0,0,0,0,0,0.0,0.0
0,0.0,5481,0,0,0,0,0,9337,0,0,0,0,0.0,0,0,1,0,0,0.0,0,0.0,0,0,0.0,0,0,2020.4482253307733,0.0,0,0,0,1,0,3680,0.0,0,0,0,0,1.0,0.0
0,0.0,4407,0,0,0,0,0,9337,0,0,0,0,0.0,0,0,1,0,0,0.0,0,0.0,0,0,0.0,0,0,2018.873218993316,0.0,0,0,0,1,0,7727,1.0,0,0,0,0,0.0,0.0
0,0.0,6211,0,0,0,0,0,9337,0,0,0,0,0.0,0,0,1,0,1,0.0,0,0.0,0,0,0.0,0,0,2019.311353752781,0.0,0,0,0,1,0,7119,0.6886462472188798,0,0,0,0,0.3113537527811202,0.0
0,0.0,6070,0,0,0,0,0,9337,0,0,0,0,0.0,0,0,1,0,0,0.16929177872304313,0,0.0,0,0,0.0,0,0,2020.169291778723,0.0,0,0,0,1,0,2333,0.0,0,0,0,0,0.8307082212769569,0.0
0,0.0,5313,0,0,0,0,0,9337,0,0,0,0,0.0,0,0,1,0,0,0.10515911787021925,0,0.0,0,0,0.0,0,0,2021.0,0.0,0,0,0,1,0,7012,0.8948408821297807,0,0,0,0,0.0,0.0
0,0.0,6891,0,0,0,0,0,9337,0,0,0,0,0.0,0,0,3,0,0,0.0,0,0.0,0,0,0.0,0,1,2020.9372616577443,0.06273834225559327,1,0,0,1,0,8507,0.0,0,0,0,0,0.9372616577444067,0.0
0,0.0,2212,0,0,0,0,0,9337,0,0,0,0,0.0,0,0,3,0,0,0.7453404417167676,0,0.0,0,0,0.0,0,0,2020.7453404417167,0.2546595582832324,0,0,0,1,0,1927,0.0,0,0,0,0,0.0,0.0
0,0.0,5973,0,0,0,0,0,9337,0,0,0,0,0.0,0,0,1,0,0,0.0,0,0.0,0,0,0.0,0,0,2020.9524645215076,1.0,1,0,0,1,0,9046,0.0,0,0,0,0,0.0,0.0
0,0.0,9518,0,0,0,0,0,9337,1,0,0,0,0.0,0,0,4,0,0,0.0,0,0.0,0,0,0.0,0,1,2021.0,0.0,1,0,0,1,0,4596,0.0,0,0,0,0,1.0,0.0
0,0.0,8509,0,0,1,1,0,4096,0,0,0,0,0.0,0,0,1,0,0,1.0,0,0.0,0,0,0.0,0,1,2021.0,0.0,0,0,0,1,0,1855,0.0,0,0,0,0,0.0,0.0
0,0.0,2207,0,0,0,0,0,9337,0,0,0,0,0.0,0,0,4,0,0,0.8233120195903258,0,0.0,0,0,0.0,0,0,2021.0,0.0,0,0,0,1,0,9777,0.0,0,0,0,0,0.17668798040967415,0.0
0,0.0,7737,0,0,0,0,0,9337,0,0,0,0,0.0,0,0,1,0,0,0.0,0,0.0,0,0,0.0,0,1,2019.0,1.0,1,0,0,1,0,6233,0.0,0,0,0,0,0.0,0.0
0,0.0,3585,0,0,0,0,0,9337,0,0,0,0,0.0,0,0,1,0,0,0.0,0,0.0,0,0,0.0,0,0,2020.0,0.0,0,0,0,1,0,9049,0.0,0,0,0,0,1.0,0.0
0,0.0,2155,0,0,0,0,0,9337,0,0,0,0,0.0,1,0,1,0,1,0.0,0,0.0,0,0,0.0,0,0,2019.0,0.0,0,0,0,1,0,8720,1.0,0,0,0,0,0.0,0.0
0,0.0,6403,0,0,0,0,0,9337,0,0,0,0,0.0,0,0,1,0,0,1.0,0,0.0,0,0,0.0,0,0,2019.0,0.0,0,0,0,1,0,3479,0.0,0,0,0,0,0.0,0.0
0,0.0,1342,0,0,0,0,0,9337,0,0,0,0,0.0,0,0,1,0,0,1.0,0,0.0,0,0,0.0,0,0,2021.0,0.0,0,0,0,1,0,4888,0.0,0,0,0,0,0.0,0.0
0,0.0,1901,0,0,0,0,0,9337,0,0,0,0,0.0,0,0,1,0,0,1.0,0,0.0,0,0,0.0,0,0,2017.7864601201954,0.0,0,0,0,1,0,3381,0.0,0,0,0,0,0.0,0.0
0,0.0,1374,0,0,0,0,0,9337,0,0,0,0,0.0,0,0,1,0,0,0.0,0,0.0,0,0,0.0,0,0,2015.748256587533,0.525174341246707,0,0,0,1,0,6385,0.0,0,0,0,0,0.47482565875329297,0.0
0,0.0,1534,0,0,0,0,0,9337,0,0,0,0,0.0,0,0,1,0,0,1.0,0,0.0,0,0,0.0,0,0,2021.0,0.0,0,0,0,1,0,7981,0.0,0,0,0,1,0.0,0.0
0,0.0,9781,0,0,0,0,0,9337,0,0,0,0,0.0,0,0,1,0,0,0.1744743598331946,0,0.0,0,0,0.0,0,1,2020.6510512803336,0.0,0,0,0,1,0,1547,0.0,0,0,0,0,0.8255256401668054,0.0
0,0.0,1086,0,0,0,0,0,9337,0,0,0,0,0.0,0,0,1,0,0,0.16748900564432212,0,0.0,0,0,0.0,0,0,2021.0,0.0,0,0,0,1,0,5398,0.8325109943556779,0,0,0,1,0.0,0.0
0,0.0,7442,0,0,0,0,0,9337,0,0,0,0,0.0,0,0,1,0,0,0.0,0,0.0,0,1,0.0,0,1,2021.0,0.0,0,0,0,1,0,9017,0.0,0,0,0,0,1.0,0.0
0,0.0,3780,0,0,0,0,0,9337,0,0,0,0,0.0,0,0,1,0,0,0.5027501584350405,0,0.0,0,0,0.0,0,0,2017.4862492078248,0.0,0,0,0,1,0,8794,0.0,0,0,0,0,0.49724984156495955,0.0
0,0.0,9328,0,0,0,0,0,9337,0,0,0,0,0.0,0,0,1,0,0,1.0,0,0.0,0,0,0.0,0,0,2020.5983995097831,0.0,0,0,0,1,0,1316,0.0,0,0,0,0,0.0,0.0
0,0.0,2346,0,1,0,0,0,4096,1,0,0,0,0.0,0,0,1,0,0,1.0,0,0.0,0,0,0.0,0,1,2016.0,0.0,0,0,0,1,0,8351,0.0,0,0,0,0,0.0,0.0
0,0.0,5515,0,0,0,0,0,9337,0,0,0,0,0.0,0,0,1,0,0,0.0,0,0.0,0,1,0.0,0,1,2021.0,0.0,0,0,0,1,0,3047,0.0,0,0,0,0,1.0,0.0
0,0.0,2627,0,0,0,0,0,9337,0,0,0,0,0.0,0,0,1,0,0,0.0,0,0.0,0,0,0.0,0,0,2020.0,0.0,0,0,0,1,0,6186,0.0,0,0,0,0,1.0,0.0
0,0.0,8087,0,0,0,0,0,9337,0,0,0,0,0.0,0,0,1,0,0,1.0,0,0.0,0,0,0.0,0,0,2018.9901595871688,0.0,0,0,0,1,0,2073,0.0,0,0,0,0,0.0,0.0
0,0.0,2579,0,0,0,0,0,9337,0,0,0,0,0.0,0,0,2,0,1,0.0,0,0.0,0,0,0.0,0,0,2020.0,0.0,0,0,0,1,0,6730,0.0,0,1,1,0,1.0,0.0
0,0.0,9698,0,0,0,0,0,4655,0,0,0,0,0.0,0,0,2,0,0,0.0,0,0.0,0,0,0.0,0,1,2021.0,1.0,1,0,0,1,0,1968,0.0,0,0,0,0,0.0,0.0
0,0.0,3533,0,0,0,0,0,9337,0,0,0,0,0.0,0,0,2,0,1,0.0,0,0.0,0,0,0.0,0,0,2020.0,0.0,0,0,0,1,0,4859,0.0,0,1,1,0,1.0,0.0
0,0.0,5374,0,0,0,0,0,9337,0,0,0,0,0.0,0,0,1,0,0,0.0,0,0.0,0,0,0.0,0,0,2014.5485477774612,1.0,0,0,0,1,0,8730,0.0,0,0,0,0,0.0,0.0
0,0.0,6509,0,0,0,0,0,9337,0,0,0,0,0.0,0,0,1,0,0,0.0,0,0.0,0,0,0.0,0,0,2020.015173776966,1.0,1,0,0,1,0,9068,0.0,0,0,0,0,0.0,0.0
0,0.0,6068,0,0,0,0,0,4096,0,0,0,0,0.0,0,0,2,0,1,0.0,0,0.0,0,0,0.0,0,0,2020.0,0.0,0,0,0,1,0,4798,0.0,0,1,1,0,1.0,0.0
0,0.0,6724,0,0,0,0,0,9337,0,0,0,0,0.0,0,0,1,0,0,1.0,0,0.0,0,0,0.0,0,0,2019.0,0.0,0,0,0,1,0,3713,0.0,0,0,0,0,0.0,0.0
0,0.0,7459,0,0,0,0,0,9337,0,0,0,0,0.0,0,0,3,0,0,0.0,0,0.0,0,0,0.0,0,1,2020.7059275265904,0.14703623670485322,1,0,0,1,0,5068,0.0,0,0,0,0,0.8529637632951468,0.0
0,0.0,8041,0,0,0,0,0,9337,0,0,0,0,0.0,0,0,1,0,0,1.0,0,0.0,0,0,0.0,0,1,2020.0,0.0,0,0,0,1,0,9631,0.0,0,0,0,0,0.0,0.0
0,0.0,9098,0,0,0,0,0,9337,0,0,0,0,0.0,0,0,3,0,0,0.2409611588547932,0,0.0,0,0,0.0,0,0,2019.5542330468713,0.0,0,0,0,1,0,4256,0.0,0,0,0,0,0.7590388411452068,0.0
0,0.0,6409,0,0,0,0,0,9337,0,0,0,0,0.0,0,0,1,0,0,0.0,0,0.0,0,0,0.0,0,0,2020.1356989579167,1.0,1,0,0,1,0,9106,0.0,0,0,0,0,0.0,0.0
0,0.0,4252,0,0,0,0,0,9337,0,0,0,0,0.0,0,0,1,0,1,0.0,0,0.0,0,0,0.0,0,0,2019.8040434338589,0.0,0,0,0,1,0,9208,0.1959565661411039,0,0,0,0,0.8040434338588961,0.0
0,0.0,4497,0,0,0,0,0,9337,0,0,0,0,0.0,0,0,1,0,0,0.39745624187550355,0,0.0,0,0,0.0,0,0,2016.589824967502,0.0,0,0,0,1,0,3741,0.0,0,0,0,0,0.6025437581244965,0.0
0,0.0,5673,0,0,0,0,0,9337,0,0,0,0,0.0,0,0,1,0,0,0.0,0,0.0,0,0,0.0,0,1,2020.0,1.0,1,0,0,1,0,8756,0.0,0,0,0,0,0.0,0.0
0,0.0,5644,0,0,0,0,0,9337,0,0,0,0,0.0,0,0,3,0,0,0.048148925025684686,0,0.0,0,0,0.0,0,0,2021.0,0.0,0,0,0,1,0,1964,0.0,0,0,0,0,0.9518510749743153,0.0
0,0.0,8310,0,0,0,0,0,9337,0,0,0,0,0.0,0,0,3,0,0,1.0,0,0.0,0,0,0.0,0,0,2019.523767075488,0.0,0,0,0,1,0,7118,0.0,0,0,0,0,0.0,0.0
0,0.0,3469,0,0,0,0,0,9337,0,0,0,0,0.0,1,0,1,0,1,0.0,0,0.0,0,0,0.0,0,0,2019.0,0.0,0,0,0,1,0,2692,1.0,0,0,0,0,0.0,0.0
0,0.0,8519,0,0,0,0,0,3543,0,0,0,0,0.0,0,0,2,0,0,0.0,0,0.0,0,0,0.0,0,0,2015.0,0.0,0,0,0,1,0,1039,0.0,0,0,0,0,1.0,0.0
0,0.0,3537,0,0,0,0,0,9337,0,0,0,0,0.0,0,0,1,0,1,0.0,0,0.0,0,0,0.0,0,0,2019.1899117173905,0.0,0,0,0,1,0,2466,0.8100882826094594,0,0,0,0,0.18991171739054058,0.0
0,0.0,5648,0,0,0,0,0,9337,0,0,0,0,0.0,0,0,3,0,0,0.0,0,0.0,0,0,0.0,0,0,2021.0,0.0016302519343888155,1,0,0,1,0,1984,0.0,0,0,0,0,0.9983697480656112,0.0
0,0.0,8048,0,0,0,0,0,9337,0,0,0,0,0.0,0,0,1,0,0,1.0,0,0.0,0,0,0.0,0,0,2019.297024121459,0.0,0,0,0,1,0,2087,0.0,0,0,0,0,0.0,0.0
0,0.0,3010,0,0,0,0,0,9337,0,0,0,0,0.0,0,0,3,0,0,0.0,0,0.0,0,0,0.0,0,1,2021.0,0.0,0,0,0,1,0,9425,0.0,0,0,0,0,1.0,0.0
0,0.0,9096,0,0,0,0,0,9337,0,0,0,0,0.0,0,0,1,0,0,1.0,0,0.0,0,0,0.0,0,0,2020.261781414966,0.0,0,0,0,1,0,1316,0.0,0,0,0,0,0.0,0.0
0,0.0,3642,0,0,0,0,0,9337,0,0,0,0,0.0,0,0,1,0,0,1.0,0,0.0,0,0,0.0,0,0,2003.982856402366,0.0,0,0,0,1,0,4141,0.0,0,0,0,0,0.0,0.0
0,0.0,1323,0,0,1,1,0,4096,0,0,0,0,0.0,0,0,1,0,0,0.0,0,0.0,0,0,0.0,0,0,2006.0,0.0,1,2,0,1,1,1710,1.0,0,0,0,0,0.0,0.0
0,0.0,8792,0,0,0,0,0,9337,0,0,0,0,0.0,0,0,1,0,0,1.0,0,0.0,0,0,0.0,0,0,2016.6253057279241,0.0,0,0,0,1,0,8424,0.0,0,0,0,0,0.0,0.0
0,0.0,9035,0,0,0,0,0,9337,0,0,0,0,0.0,0,0,1,0,0,1.0,0,0.0,0,0,0.0,0,1,2020.0,0.0,0,0,0,1,0,4191,0.0,0,0,0,0,0.0,0.0
0,0.0,4877,0,0,0,0,0,9337,0,0,0,0,0.0,0,0,1,0,0,0.0,0,0.0,0,0,0.0,0,0,2020.028727133654,1.0,1,0,0,1,0,7633,0.0,0,0,0,0,0.0,0.0
0,0.0,4094,0,0,0,0,0,9337,0,0,0,0,0.0,0,0,1,0,0,1.0,0,0.0,0,0,0.0,0,0,2021.0,0.0,0,0,0,1,0,9085,0.0,0,0,0,1,0.0,0.0
0,0.0,3228,0,0,0,0,0,9337,0,0,0,0,0.0,0,0,2,0,1,0.0,0,0.0,0,0,0.0,0,0,2020.0,0.0,0,0,0,1,0,6387,0.0,0,1,1,0,1.0,0.0
0,0.0,7567,0,0,0,0,0,9337,0,0,0,0,0.0,0,0,1,0,0,0.7400042072875372,0,0.0,0,0,0.0,0,0,2016.5599747562749,0.0,0,0,0,1,0,4163,0.0,0,0,0,0,0.25999579271246276,0.0
1,0.0,1465,0,0,0,1,1,4096,0,0,0,0,0.0,0,0,1,0,0,0.0,0,0.0,0,0,0.0,0,0,2012.0,0.0,1,1,0,1,0,5920,1.0,0,1,0,0,0.0,0.0
0,0.0,8653,0,0,0,0,0,4096,0,0,0,0,0.0,0,0,1,0,0,0.0,0,0.0,0,0,1.0,0,0,2019.0,0.0,0,0,0,1,0,4621,0.0,0,0,0,0,0.0,0.0
0,0.0,2211,0,0,0,0,0,9337,0,0,0,0,0.0,0,0,3,0,0,1.0,0,0.0,0,0,0.0,0,0,2020.4936888418713,0.0,0,0,0,1,0,1928,0.0,0,0,0,0,0.0,0.0
0,0.0,5239,0,0,0,0,0,9337,0,0,0,0,0.0,0,0,1,0,0,1.0,0,0.0,0,0,0.0,0,0,2017.5043665331539,0.0,0,0,0,1,0,2129,0.0,0,0,0,0,0.0,0.0
0,0.0,9214,0,0,0,0,0,9337,0,0,0,0,0.0,0,0,3,0,0,0.009729973767240496,0,0.0,0,0,0.0,0,0,2020.9416201573965,0.0,0,0,0,1,0,4147,0.0,0,0,0,0,0.9902700262327595,0.0
0,0.0,9766,0,0,0,0,0,9337,1,0,0,0,0.0,0,0,4,0,0,0.0,0,0.0,0,0,0.0,0,1,2021.0,0.0,1,0,0,1,0,4970,0.0,0,0,0,0,1.0,0.0
0,0.0,5068,0,0,0,0,0,9337,0,0,0,0,0.0,0,0,1,0,0,0.0,0,0.0,0,0,0.0,0,0,2020.5958141462834,1.0,1,0,0,1,0,7655,0.0,0,0,0,0,0.0,0.0
0,0.0,2293,0,0,0,0,0,4096,0,0,0,0,0.0,0,0,2,0,1,0.0,0,0.0,0,0,0.0,0,0,2020.0,0.0,0,0,0,1,0,1711,0.0,0,1,1,0,1.0,0.0
0,0.0,4954,0,0,0,0,0,9337,0,0,0,0,0.0,0,0,1,0,0,0.0,0,0.0,0,0,0.0,0,1,2018.701647360693,0.0,0,0,0,1,0,7425,1.0,0,0,0,0,0.0,0.0
0,0.0,3411,0,0,0,0,0,9337,0,0,0,0,0.0,1,0,1,0,1,0.0,0,0.0,0,0,0.0,0,0,2019.0,0.0,0,0,0,1,0,2786,1.0,0,0,0,0,0.0,0.0
0,0.0,7365,0,0,0,1,0,4096,0,0,0,0,0.0,0,0,3,1,1,0.0,0,0.0,0,0,0.0,0,0,2018.0,1.0,0,1,0,1,0,3950,0.0,0,0,0,0,0.0,0.0
0,0.0,5946,0,0,0,0,0,9337,0,0,0,0,0.0,0,0,1,0,0,0.0,0,0.0,0,0,0.0,0,0,2021.0,1.0,1,0,0,1,0,9045,0.0,0,0,0,0,0.0,0.0
0,0.0,4339,0,0,0,1,0,3325,0,0,0,0,0.0,0,1,1,1,1,0.0,0,0.0,0,0,0.0,0,0,2020.0,1.0,0,1,0,1,0,7928,0.0,0,0,0,0,0.0,0.0
0,0.0,2607,0,0,0,0,0,9337,0,0,0,0,0.0,0,0,1,0,0,0.0033544616671048466,0,0.0,0,0,0.0,0,0,2021.0,0.0,0,0,0,1,0,3159,0.0,0,0,0,0,0.9966455383328952,0.0
0,0.0,1155,0,0,0,0,0,9337,0,0,0,0,0.0,0,0,1,0,1,0.0,0,0.0,0,0,0.0,0,0,2018.7353131531959,0.1405207607560014,0,0,0,1,0,6283,0.0,0,0,0,0,0.8594792392439986,0.0
0,0.0,3068,0,0,0,0,0,9337,0,0,0,0,0.0,0,0,1,0,0,0.0,0,0.0,0,0,0.0,0,0,2019.7452311479751,0.0,0,0,0,1,0,2996,0.6273844260124021,0,0,0,0,0.3726155739875979,0.0
0,0.0,2176,0,0,0,0,0,9337,0,0,0,0,0.0,0,0,4,0,0,1.0,0,0.0,0,0,0.0,0,0,2021.0,0.0,0,0,0,1,0,1985,0.0,0,0,0,0,0.0,0.0
0,0.0,7202,0,0,0,0,0,9337,0,0,0,0,0.0,0,0,1,0,0,0.7334075838130513,0,0.0,0,0,0.0,0,0,2020.733407583813,0.26659241618694873,0,0,0,1,0,2699,0.0,0,0,0,0,0.0,0.0
0,0.0,7751,0,0,0,0,0,9337,0,0,0,0,0.0,0,0,1,0,0,0.5691049142761895,0,0.0,0,0,0.0,0,0,2021.0,0.0,0,0,0,1,0,8874,0.0,0,0,0,0,0.4308950857238105,0.0
0,0.0,5139,0,0,0,0,0,3543,0,0,0,0,0.0,0,0,1,0,0,0.0,0,0.0,0,0,0.0,0,1,2018.0,0.0,0,0,0,1,0,6423,1.0,0,0,0,0,0.0,0.0
1,0.0,3177,0,0,0,1,1,4096,0,0,0,0,0.0,0,0,1,0,0,0.0,0,0.0,0,0,0.0,0,0,2012.0,0.0,1,1,0,1,0,5920,1.0,0,1,0,0,0.0,0.0
0,0.0,3384,0,0,0,0,0,9337,0,0,0,0,0.0,0,0,2,0,1,0.0,0,0.0,0,0,0.0,0,0,2020.0,0.0,0,0,0,1,0,8115,0.0,0,1,1,0,1.0,0.0
0,0.0,3716,0,0,0,0,0,9337,0,0,0,0,0.0,0,0,2,0,1,0.0,0,0.0,0,0,0.0,0,0,2020.0,0.0,0,0,0,1,0,4833,0.0,0,1,1,0,1.0,0.0
0,0.0,3552,0,0,0,0,0,9337,0,0,0,0,0.0,0,0,1,0,0,0.35160132748578254,0,0.0,0,0,0.0,0,0,2019.7032026549716,0.0,0,0,0,1,0,2401,0.6483986725142175,0,0,0,0,0.0,0.0
0,0.0,2443,0,0,0,0,0,9337,0,0,0,0,0.0,0,0,1,0,0,1.0,0,0.0,0,0,0.0,0,0,2009.4788717951358,0.0,0,0,0,1,0,8862,0.0,0,0,0,0,0.0,0.0
0,0.0,1872,0,0,0,0,0,9337,0,0,0,0,0.0,0,0,1,0,0,0.8112200403500859,0,0.0,0,0,0.0,0,0,2016.1326797578995,0.0,0,0,0,1,0,3379,0.0,0,0,0,0,0.18877995964991412,0.0
0,0.0,4589,0,0,0,0,0,9337,0,0,0,0,0.0,0,0,1,0,0,1.0,0,0.0,0,0,0.0,0,0,1990.731528830821,0.0,0,0,0,1,0,2189,0.0,0,0,0,0,0.0,0.0
1,0.0,1479,0,0,0,1,1,4096,0,0,0,0,0.0,0,0,1,0,0,0.0,0,0.0,0,0,0.0,0,0,2012.0,0.0,1,1,0,1,0,5920,1.0,0,1,0,0,0.0,0.0
0,0.0,7451,0,0,0,0,0,9337,0,0,0,0,0.0,0,0,1,0,0,0.0,0,0.0,0,1,0.0,0,1,2021.0,0.0,0,0,0,1,0,8985,0.0,0,0,0,0,1.0,0.0
0,0.0,7627,0,0,0,0,0,9337,0,0,0,0,0.0,0,0,1,0,0,0.9994409060970754,0,0.0,0,0,0.0,0,0,2015.0027954695147,0.0,0,0,0,1,0,4110,0.0,0,0,0,0,0.0005590939029246345,0.0
0,0.0,9533,0,0,0,0,0,9337,0,0,0,0,0.0,0,0,2,0,1,0.0,0,0.0,0,0,0.0,0,0,2020.0,0.0,0,0,0,1,0,8275,0.0,0,1,1,0,1.0,0.0
0,0.0,7307,0,0,0,0,0,9337,0,0,0,0,0.0,0,0,1,0,0,0.0,0,0.0,0,0,0.0,0,1,2019.7194584767253,0.6402707616373711,0,0,0,1,0,9599,0.0,0,0,0,0,0.35972923836262893,0.0
