help,rating_R,cast,finds,man,man,high,high,family,father,country,young,love,love,woman,home,duration,life,life,rating_TV-MA,teen,rating_PG,old,series,world,world,release_year,rating_TV-14,new,day,school,type,group,director,rating_TV-PG,friends,girl,girl,rating_TV-Y7,rating_PG-13
0,0.0,7524,0,0,0,0,0,0,0,9337,0,0,0,0,0,7,0,0,1.0,0,0.0,0,0,0,0,2019.0,0.0,0,0,0,1,0,4289,0.0,0,0,0,0.0,0.0
0,0.0,2085,0,0,0,0,0,0,0,9337,0,0,0,0,0,4,0,0,1.0,0,0.0,0,0,0,0,2020.0,0.0,0,0,0,1,0,9569,0.0,0,0,0,0.0,0.0
0,0.0,2056,0,0,0,0,0,0,0,9337,0,0,0,0,0,10,0,0,1.0,0,0.0,0,0,0,0,2019.0,0.0,0,0,0,1,0,6108,0.0,0,0,0,0.0,0.0
0,0.0,7894,0,0,0,0,0,0,0,9337,0,0,0,0,0,6,0,0,1.0,0,0.0,0,0,0,0,2018.0,0.0,0,0,0,1,0,1101,0.0,0,0,0,0.0,0.0
0,0.0,5366,0,0,0,0,0,0,0,9337,0,0,0,0,0,7,0,0,0.0,0,0.0,0,0,0,0,2006.0,1.0,0,0,0,1,0,6672,0.0,0,0,0,0.0,0.0
0,0.0,2077,0,0,0,0,0,0,0,9337,0,0,0,0,0,9,0,0,1.0,0,0.0,0,0,0,0,2019.0,0.0,0,0,0,1,0,9622,0.0,0,0,0,0.0,0.0
0,0.0,2361,0,0,0,0,0,0,0,9337,0,0,0,0,0,10,0,0,0.0,0,0.0,0,0,0,0,2019.0,0.0,0,0,0,1,0,7284,0.0,0,0,0,1.0,0.0
0,0.0,9401,0,0,0,0,0,0,0,6044,0,0,0,0,0,4,0,0,0.0,0,0.0,0,0,0,0,2007.0,1.0,0,0,0,1,0,3236,0.0,0,0,0,0.0,0.0
0,0.0,5427,0,0,0,0,0,0,0,9337,0,0,0,0,0,11,0,0,0.0,0,0.0,0,0,0,0,2003.0,0.0,0,0,0,1,0,6844,1.0,0,0,0,0.0,0.0
0,0.0,7419,0,0,0,0,0,0,0,9337,0,0,0,0,0,7,0,0,0.0,0,0.0,0,0,0,0,2020.0,1.0,0,0,0,1,0,6065,0.0,0,0,0,0.0,0.0
0,0.0,8153,0,0,0,0,0,0,0,6044,0,0,0,0,0,3,0,1,1.0,0,0.0,0,0,0,0,2015.0,0.0,0,0,0,1,0,4171,0.0,0,0,0,0.0,0.0
0,0.0,9824,0,0,0,0,0,0,0,3543,0,0,0,0,0,3,0,0,1.0,0,0.0,0,0,0,0,2019.0,0.0,0,0,0,1,0,1182,0.0,0,0,0,0.0,0.0
0,0.0,2560,0,0,0,0,0,0,0,9337,0,0,0,0,0,2,0,0,0.0,0,0.0,0,0,0,0,1990.0,1.0,0,0,0,1,0,7934,0.0,0,0,0,0.0,0.0
0,0.0,6686,0,0,0,0,0,0,0,9337,0,0,0,0,0,3,0,0,0.0,0,0.0,0,0,0,0,2019.0,1.0,0,0,0,1,0,5450,0.0,0,0,0,0.0,0.0
0,0.0,2182,0,0,0,0,0,0,0,9337,0,0,0,0,0,9,0,0,1.0,0,0.0,0,0,0,0,2019.0,0.0,0,0,0,1,0,5217,0.0,0,0,0,0.0,0.0
0,0.0,9818,0,0,0,0,0,0,0,3543,0,0,0,0,0,3,0,0,1.0,0,0.0,0,1,0,0,2019.0,0.0,0,0,0,1,0,9426,0.0,0,0,0,0.0,0.0
0,0.0,8789,0,0,0,0,0,0,0,6044,0,0,0,0,0,5,0,0,1.0,0,0.0,0,0,0,0,2017.0,0.0,0,0,0,1,0,4924,0.0,0,0,0,0.0,0.0
0,0.0,7679,0,0,0,0,0,0,0,3543,0,0,0,0,0,10,0,0,0.0,0,0.0,0,0,0,0,2019.0,0.0,0,0,0,1,0,4640,0.0,0,0,0,1.0,0.0
0,0.0,5716,0,0,0,0,0,0,0,9337,0,0,0,0,0,5,0,0,1.0,0,0.0,0,0,0,0,2019.0,0.0,0,0,0,1,0,3713,0.0,0,0,0,0.0,0.0
0,0.0,7546,0,0,0,0,0,0,0,9337,0,0,0,0,0,9,0,0,1.0,0,0.0,0,0,0,0,2019.0,0.0,0,0,0,1,0,9259,0.0,0,0,0,0.0,0.0
0,0.0,6158,0,0,0,0,0,0,0,9337,0,0,0,0,0,2,0,0,1.0,0,0.0,0,0,0,0,2016.0,0.0,0,0,0,1,0,7959,0.0,0,0,0,0.0,0.0
0,0.0,7546,0,0,0,0,0,0,0,9337,0,0,0,0,0,9,0,0,1.0,0,0.0,0,0,0,0,2019.0,0.0,0,0,0,1,0,9259,0.0,0,0,0,0.0,0.0
0,0.0,9363,0,0,0,0,0,0,0,3543,0,0,0,0,0,12,0,0,0.0,0,0.0,0,0,0,0,2017.0,1.0,0,0,0,1,1,5111,0.0,0,0,0,0.0,0.0
0,0.0,7535,0,0,0,0,0,0,0,9337,0,0,0,0,0,3,0,0,1.0,0,0.0,0,0,0,0,2019.0,0.0,0,0,0,1,0,6807,0.0,0,0,0,0.0,0.0
0,0.0,4608,0,0,0,0,0,0,0,6044,0,0,0,0,0,9,0,0,1.0,0,0.0,0,0,0,0,2020.0,0.0,0,0,0,1,0,9344,0.0,0,0,0,0.0,0.0
0,0.0,9777,0,0,0,0,0,0,0,9337,0,0,0,0,0,7,0,0,0.0,0,0.0,0,0,0,0,2005.0,1.0,0,0,0,1,0,9277,0.0,0,0,0,0.0,0.0
0,0.0,5822,0,0,0,0,0,0,0,9337,0,0,0,0,0,3,0,0,1.0,0,0.0,0,0,0,0,2014.0,0.0,0,0,0,1,0,6245,0.0,0,0,0,0.0,0.0
0,0.0,6127,0,0,0,0,0,0,0,9337,0,0,0,0,0,1,0,0,0.0,0,0.0,0,0,0,0,2003.0,1.0,0,0,0,1,0,1641,0.0,0,0,0,0.0,0.0
0,0.0,7784,0,0,0,0,0,0,0,9337,0,0,0,0,0,4,0,0,0.0,0,0.0,0,0,0,0,2018.0,0.0,0,0,0,1,0,1484,0.0,0,0,0,0.0,0.0
0,0.0,4151,0,0,0,0,0,0,0,9337,0,0,0,0,0,8,0,0,1.0,0,0.0,0,0,0,0,2013.0,0.0,0,0,0,1,0,1122,0.0,0,0,0,0.0,0.0
0,0.0,7978,0,0,0,0,0,0,0,6044,0,0,0,0,0,2,0,0,1.0,0,0.0,0,0,0,0,2013.0,0.0,0,0,0,1,0,9950,0.0,0,0,0,0.0,0.0
0,0.0,5501,0,0,0,0,0,0,0,9337,0,0,0,0,0,3,0,0,0.0,0,0.0,0,0,0,0,2019.0,1.0,0,0,0,1,0,4901,0.0,0,0,0,0.0,0.0
0,0.0,8658,0,0,0,0,0,0,0,3543,0,0,0,0,0,12,0,0,0.0,0,0.0,0,0,0,0,2017.0,1.0,0,0,0,1,1,9858,0.0,0,0,0,0.0,0.0
0,0.0,4390,0,0,0,0,0,0,0,9337,0,0,0,0,0,3,0,0,1.0,0,0.0,0,0,0,0,2019.0,0.0,0,0,0,1,0,9445,0.0,0,0,0,0.0,0.0
0,0.0,3085,0,0,0,0,0,0,0,6044,0,0,0,0,0,3,0,0,0.0,0,0.0,0,0,0,0,2011.0,1.0,0,0,0,1,0,7881,0.0,0,0,0,0.0,0.0
0,0.0,3942,0,0,0,0,0,0,0,9337,0,0,0,0,0,2,0,0,0.0,0,0.0,0,1,0,0,1997.0,0.0,0,0,0,1,0,7026,0.0,0,0,0,0.0,0.0
0,0.0,9242,0,0,0,0,0,0,0,9337,0,0,0,0,0,3,0,0,0.0,0,0.0,0,0,0,0,2018.0,1.0,0,0,0,1,0,1384,0.0,0,0,0,0.0,0.0
0,0.0,4778,0,0,0,0,0,0,0,9337,0,0,0,0,0,10,0,0,1.0,0,0.0,0,0,0,0,2019.0,0.0,0,0,0,1,0,3384,0.0,0,0,0,0.0,0.0
0,0.0,4610,0,0,0,0,0,0,0,9337,0,0,0,0,0,7,0,1,0.0,0,0.0,0,0,0,0,2012.0,1.0,0,0,0,1,0,9073,0.0,0,0,0,0.0,0.0
0,0.0,6174,0,0,0,0,0,0,0,3543,0,0,0,0,0,10,0,0,0.0,0,0.0,0,0,0,0,2019.0,0.0,0,0,0,1,0,4960,0.0,0,0,0,1.0,0.0
0,0.0,8091,0,0,0,0,0,0,0,6044,0,0,0,0,0,9,0,0,1.0,0,0.0,0,0,0,0,2020.0,0.0,0,0,0,1,0,9344,0.0,0,0,0,0.0,0.0
0,0.0,9138,0,0,0,0,0,0,0,3543,0,0,0,0,0,2,0,0,0.0,0,0.0,0,1,0,0,2019.0,0.0,0,0,0,1,0,3767,1.0,0,0,0,0.0,0.0
0,0.0,4503,0,0,0,0,0,0,0,9337,0,0,0,0,0,9,0,0,1.0,0,0.0,0,0,0,0,2019.0,0.0,0,0,0,1,0,7095,0.0,0,0,0,0.0,0.0
0,0.0,6505,0,0,0,0,0,0,0,9337,0,0,0,0,0,6,0,0,0.0,0,0.0,0,0,0,0,2020.0,1.0,0,0,0,1,0,9362,0.0,0,0,0,0.0,0.0
0,0.0,8158,0,0,0,0,0,0,0,9337,0,0,0,0,0,7,0,0,0.0,0,0.0,0,0,0,0,2006.0,1.0,0,0,0,1,0,4036,0.0,0,0,0,0.0,0.0
0,0.0,6490,0,0,0,0,0,0,0,9337,0,0,0,0,0,9,0,0,1.0,0,0.0,0,0,0,0,2019.0,0.0,0,0,0,1,0,1740,0.0,0,0,0,0.0,0.0
0,0.0,4402,0,0,0,0,0,0,0,9337,0,0,0,0,0,5,0,0,0.0,0,0.0,0,0,0,0,2017.0,0.0,0,0,0,1,0,8894,0.0,0,0,0,1.0,0.0
0,0.0,7546,0,0,0,0,0,0,0,9337,0,0,0,0,0,9,0,0,1.0,0,0.0,0,0,0,0,2019.0,0.0,0,0,0,1,0,9259,0.0,0,0,0,0.0,0.0
0,0.0,1639,0,0,0,0,0,0,0,9337,0,0,0,0,0,4,0,0,0.0,0,0.0,0,1,0,0,2017.0,1.0,0,0,0,1,0,2872,0.0,0,0,0,0.0,0.0
0,0.0,9678,0,0,0,0,0,0,0,9337,0,0,0,0,0,8,0,0,0.0,0,0.0,0,0,0,0,1967.0,0.0,0,0,0,1,0,5878,0.0,0,0,0,0.0,0.0
0,0.0,4823,0,0,0,0,0,0,0,3543,0,0,0,0,0,2,0,0,1.0,0,0.0,0,0,0,0,2020.0,0.0,0,0,0,1,0,2646,0.0,0,0,0,0.0,0.0
0,0.0,7459,0,0,0,0,0,0,0,3543,0,0,0,0,0,10,0,0,1.0,0,0.0,0,0,0,0,2006.0,0.0,0,0,0,1,0,2733,0.0,0,0,0,0.0,0.0
0,0.0,1811,0,0,0,0,0,0,0,9337,0,0,0,0,0,8,0,0,0.0,0,0.0,0,0,0,0,2016.0,1.0,0,0,0,1,0,2148,0.0,0,0,0,0.0,0.0
0,0.0,4697,0,0,0,0,0,0,0,6044,0,0,0,0,0,4,0,0,1.0,0,0.0,0,0,0,0,2020.0,0.0,0,0,0,1,0,7520,0.0,0,0,0,0.0,0.0
0,0.0,9234,0,0,0,0,0,0,0,6044,0,0,0,0,0,5,0,0,0.0,0,0.0,0,0,0,0,2016.0,1.0,0,0,0,1,0,7822,0.0,0,0,0,0.0,0.0
0,0.0,7132,0,0,0,0,0,0,0,6044,0,0,0,0,0,4,0,0,0.0,0,0.0,0,0,0,0,1974.0,1.0,0,0,0,1,0,4820,0.0,0,0,0,0.0,0.0
0,0.0,3216,0,0,0,0,0,0,0,9337,0,0,0,0,0,5,0,0,0.0,0,0.0,0,1,0,0,2018.0,0.0,0,0,0,1,0,2226,1.0,0,0,0,0.0,0.0
0,0.0,1140,0,0,0,0,0,0,0,3543,0,0,0,0,0,5,0,0,0.0,0,0.0,0,0,0,0,2019.0,0.0,0,0,0,1,0,8983,1.0,0,0,0,0.0,0.0
0,0.0,4041,0,0,0,0,0,0,0,6044,0,0,0,0,0,4,0,0,1.0,0,0.0,0,0,0,0,2020.0,0.0,0,0,0,1,0,7586,0.0,0,0,0,0.0,0.0
0,0.0,4832,0,0,0,0,0,0,0,6044,0,0,0,0,0,5,0,0,1.0,0,0.0,0,0,0,0,2017.0,0.0,0,0,0,1,0,7988,0.0,0,0,0,0.0,0.0
0,0.0,1859,0,0,0,0,0,0,0,9337,0,0,0,0,0,7,0,0,0.0,0,0.0,0,0,0,0,2005.0,1.0,0,0,0,1,0,8765,0.0,0,0,0,0.0,0.0
0,0.0,4374,0,0,0,0,0,0,0,9337,0,0,0,0,0,7,0,0,0.0,0,0.0,0,0,0,0,2006.0,1.0,0,0,0,1,0,2255,0.0,0,0,0,0.0,0.0
0,0.0,5813,0,0,0,0,0,0,0,9337,0,0,0,0,0,11,0,0,0.0,0,0.0,0,0,0,0,1992.0,0.0,0,0,0,1,0,7765,1.0,0,0,0,0.0,0.0
0,0.0,7965,0,0,0,0,0,0,0,9337,0,0,0,0,0,10,0,0,1.0,0,0.0,0,0,0,0,2019.0,0.0,0,0,0,1,0,3441,0.0,0,0,0,0.0,0.0
0,0.0,3741,0,0,0,0,0,0,0,9337,0,0,0,0,0,1,0,0,1.0,0,0.0,0,0,0,0,2015.0,0.0,0,0,0,1,0,3091,0.0,0,0,0,0.0,0.0
0,0.0,3270,0,0,0,0,0,0,0,6044,0,0,0,0,0,3,0,1,1.0,0,0.0,0,0,0,0,2015.0,0.0,0,0,0,1,0,4171,0.0,0,0,0,0.0,0.0
0,0.0,2315,0,0,0,0,0,0,0,9337,0,0,0,0,0,11,0,0,0.0,0,0.0,0,0,0,0,1992.0,0.0,0,0,0,1,0,6338,1.0,0,0,0,0.0,0.0
0,0.0,7784,0,0,0,0,0,0,0,9337,0,0,0,0,0,4,0,0,0.0,0,0.0,0,0,0,0,2018.0,0.0,0,0,0,1,0,1484,0.0,0,0,0,0.0,0.0
0,0.0,6327,0,0,0,0,0,0,0,9337,0,0,0,0,0,12,0,0,0.0,0,0.0,0,0,0,0,2017.0,1.0,0,0,0,1,1,8054,0.0,0,0,0,0.0,0.0
0,0.0,2275,0,0,0,0,0,0,0,3543,0,0,0,0,0,12,0,0,1.0,0,0.0,0,0,0,0,2018.0,0.0,0,0,0,1,0,3914,0.0,0,0,0,0.0,0.0
0,0.0,3438,0,0,0,0,0,0,0,9337,0,0,0,0,0,15,0,0,0.0,0,0.0,0,0,0,0,2019.0,1.0,0,0,0,1,0,5475,0.0,0,0,0,0.0,0.0
0,0.0,4970,0,0,0,0,0,0,0,9337,0,0,0,0,0,4,0,0,1.0,0,0.0,0,0,0,0,2016.0,0.0,0,0,0,1,0,9539,0.0,0,0,0,0.0,0.0
0,0.0,5637,0,0,0,0,0,0,0,9337,0,0,0,0,0,5,0,0,0.0,0,0.0,0,0,0,0,2019.0,1.0,0,0,0,1,0,3565,0.0,0,0,0,0.0,0.0
0,0.0,9460,0,0,0,0,0,0,0,9337,0,0,0,0,0,7,0,0,0.0,0,0.0,0,0,0,0,2018.0,1.0,0,0,0,1,0,5310,0.0,0,0,0,0.0,0.0
0,0.0,2780,0,0,0,0,0,0,0,9337,0,0,0,0,0,6,0,0,0.0,0,0.0,0,0,0,0,2017.0,0.0,0,0,0,1,0,6538,0.0,0,0,0,0.0,0.0
0,0.0,2058,0,0,0,0,0,0,0,9337,0,0,0,0,0,11,0,0,0.0,0,0.0,0,0,0,0,1992.0,0.0,0,0,0,1,0,2354,1.0,0,0,0,0.0,0.0
0,0.0,7132,0,0,0,0,0,0,0,6044,0,0,0,0,0,4,0,0,0.0,0,0.0,0,0,0,0,1974.0,1.0,0,0,0,1,0,7890,0.0,0,0,0,0.0,0.0
0,0.0,1963,0,0,0,0,0,0,0,9337,0,0,0,0,0,3,0,0,0.0,0,0.0,0,1,0,0,2016.0,0.0,0,0,0,1,0,2796,1.0,0,0,0,0.0,0.0
0,0.0,7099,0,0,0,0,0,0,0,6044,0,0,0,0,0,1,0,0,0.0,0,0.0,0,0,0,0,2013.0,0.0,0,0,0,1,0,2999,0.0,0,0,0,0.0,0.0
0,0.0,7151,0,0,0,0,0,0,0,9337,0,0,0,0,0,5,0,0,0.0,0,0.0,0,0,0,0,2015.0,1.0,0,0,0,1,0,2293,0.0,0,0,0,0.0,0.0
0,0.0,1234,0,0,0,0,0,0,0,9337,0,0,0,0,0,2,0,0,0.0,0,0.0,0,0,0,0,1990.0,1.0,0,0,0,1,0,6122,0.0,0,0,0,0.0,0.0
0,0.0,1642,0,0,0,0,0,0,0,6044,0,0,0,0,1,10,0,0,0.0,0,0.0,0,0,0,1,1977.0,0.0,0,0,0,1,0,6906,1.0,0,0,0,0.0,0.0
0,0.0,5398,0,0,0,0,0,0,0,9337,0,0,0,0,0,4,0,0,0.0,0,0.0,0,0,0,0,2018.0,0.0,0,0,0,1,0,7089,0.0,0,0,0,0.0,0.0
0,0.0,3815,0,0,0,0,0,0,0,9337,0,0,0,0,0,5,0,0,0.0,0,0.0,0,0,0,0,2017.0,1.0,0,0,0,1,0,1122,0.0,0,0,0,0.0,0.0
0,0.0,6701,0,0,0,0,0,0,0,3543,0,0,0,0,0,4,0,0,0.0,0,0.0,0,0,0,0,2016.0,1.0,0,0,0,1,0,9773,0.0,0,0,0,0.0,0.0
0,0.0,7776,0,0,0,0,0,0,0,9337,0,0,0,0,0,6,0,0,0.0,0,0.0,0,0,0,0,2015.0,1.0,0,0,0,1,0,5991,0.0,0,0,0,0.0,0.0
0,0.0,8489,0,0,0,0,0,0,0,6044,0,0,0,0,0,2,0,0,1.0,0,0.0,0,0,0,0,2012.0,0.0,0,0,0,1,0,1099,0.0,0,0,0,0.0,0.0
0,0.0,9365,0,0,0,0,0,0,0,9337,0,0,0,0,0,8,0,0,1.0,0,0.0,0,0,0,0,2013.0,0.0,0,0,0,1,0,5826,0.0,0,0,0,0.0,0.0
0,0.0,2085,0,0,0,0,0,0,0,6044,0,0,0,0,0,4,0,0,1.0,0,0.0,0,0,0,0,2020.0,0.0,0,0,0,1,0,1944,0.0,0,0,0,0.0,0.0
0,0.0,6127,0,0,0,0,0,0,0,9337,0,0,0,0,0,1,0,0,0.0,0,0.0,0,0,0,0,2003.0,1.0,0,0,0,1,0,1641,0.0,0,0,0,0.0,0.0
0,0.0,3072,0,0,0,0,0,0,0,3543,0,0,0,0,0,2,0,0,0.0,0,0.0,0,1,0,0,2019.0,0.0,0,0,0,1,0,2450,1.0,0,0,0,0.0,0.0
0,0.0,7677,0,0,0,0,0,0,0,9337,0,0,0,0,0,12,0,0,0.0,0,0.0,0,0,0,0,2017.0,1.0,0,0,0,1,1,4506,0.0,0,0,0,0.0,0.0
0,0.0,2913,0,0,0,0,0,0,0,9337,0,0,0,0,0,13,0,1,0.0,0,0.0,0,0,0,0,2015.0,0.0,0,0,0,1,0,6495,0.0,0,0,0,0.0,0.0
0,0.0,5106,0,0,0,0,0,0,0,9337,0,0,0,0,0,7,0,0,0.0,0,0.0,0,0,0,0,2000.0,0.0,0,0,0,1,0,4280,1.0,0,0,0,0.0,0.0
0,0.0,4449,0,0,0,0,0,0,0,6044,0,0,0,0,1,10,0,0,0.0,0,0.0,0,0,0,1,1977.0,0.0,0,0,0,1,0,2324,1.0,0,0,0,0.0,0.0
0,0.0,8827,0,0,0,0,0,0,0,9337,0,0,0,0,0,3,0,0,1.0,0,0.0,0,0,0,0,2020.0,0.0,0,0,0,1,0,9714,0.0,0,0,0,0.0,0.0
0,0.0,5958,0,0,0,0,0,0,0,9337,0,0,0,0,0,5,0,0,0.0,0,0.0,0,0,0,0,2019.0,1.0,0,0,0,1,0,9355,0.0,0,0,0,0.0,0.0
0,0.0,4833,0,0,0,0,0,0,0,6044,0,0,0,0,0,2,0,0,0.0,0,0.0,0,1,0,0,2020.0,0.0,0,0,0,1,0,2196,0.0,0,0,0,0.0,0.0
0,0.0,4555,0,0,0,0,0,0,0,9337,0,0,0,0,0,6,0,0,0.0,0,0.0,0,0,0,0,2017.0,0.0,0,0,0,1,0,8006,0.0,0,0,0,0.0,0.0
0,0.0,5405,0,0,0,0,0,0,0,9337,0,0,0,0,0,8,0,0,1.0,0,0.0,0,0,0,0,2012.0,0.0,0,0,0,1,0,7803,0.0,0,0,0,0.0,0.0
0,0.0,5784,0,0,0,0,0,0,0,9337,0,0,0,0,0,6,0,0,1.0,0,0.0,0,0,0,0,2018.0,0.0,0,0,0,1,0,1488,0.0,0,0,0,0.0,0.0
0,0.0,9092,0,0,0,0,0,0,0,3543,0,0,0,0,0,2,0,0,1.0,0,0.0,0,0,0,0,2007.0,0.0,0,0,0,1,0,8473,0.0,0,0,0,0.0,0.0
0,0.0,1501,0,0,0,0,0,0,0,9337,0,0,0,0,0,5,0,0,0.0,0,0.0,0,0,0,0,2019.0,1.0,0,0,0,1,0,3795,0.0,0,0,0,0.0,0.0
0,0.0,2212,0,0,0,0,0,0,0,9337,0,0,0,0,0,3,0,0,0.0,0,0.0,0,0,0,0,2012.0,1.0,0,0,0,1,0,8992,0.0,0,0,0,0.0,0.0
0,0.0,7357,0,0,0,0,0,0,0,9337,0,0,0,0,0,9,0,0,1.0,0,0.0,0,0,0,0,2019.0,0.0,0,0,0,1,0,2362,0.0,0,0,0,0.0,0.0
0,0.0,3212,0,0,0,0,0,0,0,9337,0,0,0,0,0,9,0,0,1.0,0,0.0,0,0,0,0,2019.0,0.0,0,0,0,1,0,3514,0.0,0,0,0,0.0,0.0
0,0.0,5604,0,0,0,0,0,0,0,9337,0,0,0,0,0,2,0,0,1.0,0,0.0,0,0,0,0,2017.0,0.0,0,0,0,1,0,3923,0.0,0,0,0,0.0,0.0
0,0.0,1683,0,0,0,0,0,0,0,3543,0,0,0,0,0,2,0,0,1.0,0,0.0,0,0,0,0,2007.0,0.0,0,0,0,1,0,3224,0.0,0,0,0,0.0,0.0
0,0.0,3423,0,0,0,0,0,0,0,9337,0,0,0,0,0,7,0,0,0.0,0,0.0,0,0,0,0,2006.0,1.0,0,0,0,1,0,4890,0.0,0,0,0,0.0,0.0
0,0.0,3122,0,0,0,0,0,0,0,9337,0,0,0,0,0,2,0,0,0.0,0,0.0,0,0,0,0,1990.0,1.0,0,0,0,1,0,4557,0.0,0,0,0,0.0,0.0
0,0.0,8867,0,0,0,0,0,0,0,9337,0,0,0,0,0,3,0,0,0.0,0,0.0,0,0,0,0,2018.0,1.0,0,0,0,1,0,5250,0.0,0,0,0,0.0,0.0
0,0.0,4108,0,0,0,0,0,0,0,9337,0,0,0,0,0,6,0,0,0.0,0,0.0,0,0,0,0,2015.0,1.0,0,0,0,1,0,8716,0.0,0,0,0,0.0,0.0
0,0.0,3542,0,0,0,0,0,0,0,9337,0,0,0,0,0,2,0,0,0.0,0,0.0,0,0,0,0,2014.0,1.0,0,0,0,1,0,3999,0.0,0,0,0,0.0,0.0
0,0.0,5854,0,0,0,0,0,0,0,9337,0,0,0,0,0,10,0,0,1.0,0,0.0,0,0,0,0,2019.0,0.0,0,0,0,1,0,8194,0.0,0,0,0,0.0,0.0
0,0.0,8085,0,0,0,0,0,0,0,9337,0,0,0,0,0,2,0,0,0.0,0,0.0,0,0,0,0,2006.0,1.0,0,0,0,1,0,2187,0.0,0,0,0,0.0,0.0
0,0.0,2790,0,0,0,0,0,0,0,3543,0,0,0,0,0,2,0,0,0.0,0,0.0,0,1,0,0,2019.0,0.0,0,0,0,1,0,2443,1.0,0,0,0,0.0,0.0
0,0.0,3027,0,0,0,0,0,0,0,9337,0,0,0,0,0,3,0,0,1.0,0,0.0,0,0,0,0,2020.0,0.0,0,0,0,1,0,3181,0.0,0,0,0,0.0,0.0
0,0.0,9010,0,0,0,0,0,0,0,6044,0,0,0,0,0,5,0,0,1.0,0,0.0,0,0,0,0,2017.0,0.0,0,0,0,1,0,9890,0.0,0,0,0,0.0,0.0
0,0.0,9372,0,0,0,0,0,0,0,9337,0,0,0,0,0,4,0,0,1.0,0,0.0,0,0,0,0,2016.0,0.0,0,0,0,1,0,7741,0.0,0,0,0,0.0,0.0
0,0.0,9257,0,0,0,0,0,0,0,6044,0,0,0,0,0,6,0,0,0.0,0,0.0,0,1,0,0,2017.0,1.0,0,0,0,1,0,6150,0.0,0,0,0,0.0,0.0
0,0.0,7713,0,0,0,0,0,0,0,9337,0,0,0,0,0,5,0,0,0.0,0,0.0,0,0,0,0,2019.0,1.0,0,0,0,1,0,7632,0.0,0,0,0,0.0,0.0
0,0.0,5261,0,0,0,0,0,0,0,9337,0,0,0,0,0,3,0,0,1.0,0,0.0,0,0,0,0,2019.0,0.0,0,0,0,1,0,3052,0.0,0,0,0,0.0,0.0
0,0.0,9903,0,0,0,0,0,0,0,9337,0,0,0,0,0,5,0,0,0.0,0,0.0,0,0,0,0,2019.0,1.0,0,0,0,1,0,2922,0.0,0,0,0,0.0,0.0
0,0.0,7200,0,0,0,0,0,0,0,9337,0,0,0,0,0,8,0,0,0.0,0,0.0,0,0,0,0,2019.0,1.0,0,0,0,1,0,1151,0.0,0,0,0,0.0,0.0
0,0.0,7692,0,0,0,0,0,0,0,6044,0,0,0,0,0,2,0,0,1.0,0,0.0,0,0,0,0,2017.0,0.0,0,0,0,1,0,2477,0.0,0,0,0,0.0,0.0
0,0.0,1853,0,0,0,0,0,0,0,9337,0,0,0,0,0,3,0,0,0.0,0,0.0,0,0,0,0,2020.0,0.0,0,0,0,1,0,7740,0.0,0,0,0,0.0,0.0
0,0.0,7437,0,0,0,0,0,0,0,1856,0,0,0,0,0,3,0,0,1.0,0,0.0,0,0,0,0,2020.0,0.0,0,0,0,1,1,4918,0.0,0,0,0,0.0,0.0
0,0.0,8308,0,0,0,0,0,0,0,9337,0,0,0,0,0,4,0,0,0.0,0,0.0,0,1,0,0,2017.0,1.0,0,0,0,1,0,5236,0.0,0,0,0,0.0,0.0
0,0.0,4220,0,0,0,0,0,0,0,9337,0,0,0,0,0,8,0,0,0.0,0,0.0,0,0,0,0,1967.0,0.0,0,0,0,1,0,8889,0.0,0,0,0,0.0,0.0
0,0.0,1834,0,0,0,0,0,0,0,9337,0,0,0,0,0,4,0,0,0.0,0,0.0,0,0,0,1,2015.0,0.0,0,0,0,1,0,1538,0.0,0,0,0,0.0,0.0
0,0.0,8291,0,0,0,0,0,0,0,3543,0,0,0,0,0,7,0,0,0.0,0,0.0,0,0,0,0,2015.0,0.0,0,0,0,1,0,5296,1.0,0,0,0,0.0,0.0
0,0.0,4053,0,0,0,0,0,0,0,9337,0,0,0,0,0,9,0,0,1.0,0,0.0,0,0,0,0,2019.0,0.0,0,0,0,1,0,2488,0.0,0,0,0,0.0,0.0
0,0.0,4714,0,0,0,0,0,0,0,9337,0,0,0,0,0,8,0,0,0.0,0,0.0,0,0,0,0,2016.0,1.0,0,0,0,1,0,1511,0.0,0,0,0,0.0,0.0
0,0.0,2598,0,0,0,0,0,0,0,3543,0,0,0,0,0,10,0,0,1.0,0,0.0,0,0,0,0,2006.0,0.0,0,0,0,1,0,7805,0.0,0,0,0,0.0,0.0
0,0.0,4897,0,0,0,0,0,0,0,6044,0,0,0,0,0,1,0,0,0.0,0,0.0,0,0,0,0,1994.0,0.0,0,0,0,1,0,6951,0.0,0,0,0,0.0,0.0
0,0.0,3971,0,0,0,0,0,0,0,9337,0,0,0,0,0,7,0,0,0.0,0,0.0,0,0,0,0,2020.0,1.0,0,0,0,1,0,6734,0.0,0,0,0,0.0,0.0
0,0.0,2887,0,0,0,0,0,0,0,9337,0,0,0,0,0,7,0,0,0.0,0,0.0,0,0,0,0,2020.0,1.0,0,0,0,1,0,8116,0.0,0,0,0,0.0,0.0
0,0.0,1228,0,0,0,0,0,0,0,9337,0,0,0,0,0,6,0,0,0.0,0,0.0,0,0,0,0,2015.0,0.0,0,0,0,1,0,7291,0.0,0,0,0,0.0,0.0
0,0.0,8652,0,0,0,0,0,0,0,9337,0,0,0,0,0,5,0,0,0.0,0,0.0,0,0,0,0,2019.0,1.0,0,0,0,1,0,3565,0.0,0,0,0,0.0,0.0
0,0.0,7221,0,0,0,0,0,0,0,3543,0,0,0,0,0,7,0,0,0.0,0,0.0,0,0,0,0,2015.0,0.0,0,0,0,1,0,9610,1.0,0,0,0,0.0,0.0
0,0.0,8927,0,0,0,0,0,0,0,9337,0,0,0,0,0,3,0,0,1.0,0,0.0,0,0,0,0,2018.0,0.0,0,0,0,1,0,1781,0.0,0,0,0,0.0,0.0
0,0.0,6511,0,0,0,0,0,0,0,6044,0,0,0,0,0,2,0,0,1.0,0,0.0,0,0,0,0,2017.0,0.0,0,0,0,1,0,1553,0.0,0,0,0,0.0,0.0
0,0.0,8765,0,0,0,0,0,0,0,3543,0,0,0,0,1,6,0,0,1.0,0,0.0,0,1,0,0,2009.0,0.0,0,0,0,1,1,3850,0.0,0,0,0,0.0,0.0
0,0.0,8591,0,0,0,0,0,0,0,9337,0,0,0,0,0,1,0,0,0.0,0,0.0,0,0,0,0,1990.0,1.0,0,0,0,1,0,5245,0.0,0,0,0,0.0,0.0
0,0.0,6098,0,0,0,0,0,0,0,9337,0,0,0,0,0,5,0,0,1.0,0,0.0,0,0,0,0,2019.0,0.0,0,0,0,1,0,3713,0.0,0,0,0,0.0,0.0
0,0.0,6098,0,0,0,0,0,0,0,9337,0,0,0,0,0,5,0,0,1.0,0,0.0,0,0,0,0,2019.0,0.0,0,0,0,1,0,3713,0.0,0,0,0,0.0,0.0
0,0.0,6948,0,0,0,0,0,0,0,9337,0,0,0,0,0,2,0,0,1.0,0,0.0,0,0,0,0,2017.0,0.0,0,0,0,1,0,8727,0.0,0,0,0,0.0,0.0
0,0.0,6786,0,0,0,0,0,0,0,3944,0,0,0,0,0,1,0,0,0.0,0,0.0,0,0,0,0,1979.0,0.0,0,0,0,1,0,6320,1.0,0,0,0,0.0,0.0
0,0.0,4921,0,0,0,0,0,0,0,9337,0,0,0,0,0,7,0,0,0.0,0,0.0,0,0,0,0,2006.0,1.0,0,0,0,1,0,2542,0.0,0,0,0,0.0,0.0
0,0.0,7480,0,0,0,0,0,0,0,3944,0,0,0,0,0,7,0,0,1.0,0,0.0,0,0,0,0,2019.0,0.0,0,0,0,1,0,4446,0.0,0,0,0,0.0,0.0
0,0.0,2597,0,0,0,0,0,0,0,6044,0,0,0,0,0,2,0,0,1.0,0,0.0,0,0,0,0,2018.0,0.0,0,0,0,1,0,1574,0.0,0,0,0,0.0,0.0
0,0.0,6335,0,0,0,0,0,0,0,6044,0,0,0,0,0,6,0,0,0.0,0,0.0,0,1,0,0,2017.0,1.0,0,0,0,1,0,6150,0.0,0,0,0,0.0,0.0
0,0.0,4739,0,0,0,0,0,0,0,9337,0,0,0,0,0,4,0,0,0.0,0,0.0,0,0,0,1,2015.0,0.0,0,0,0,1,0,2872,0.0,0,0,0,0.0,0.0
0,0.0,9600,0,0,0,0,0,0,0,3543,0,0,0,0,0,7,0,0,0.0,0,0.0,0,0,0,0,2015.0,0.0,0,0,0,1,0,6231,1.0,0,0,0,0.0,0.0
0,0.0,3715,0,0,0,0,0,0,0,9337,0,0,0,0,0,2,0,0,0.0,0,0.0,0,0,0,0,2017.0,1.0,0,0,0,1,0,3156,0.0,0,0,0,0.0,0.0
0,0.0,1642,0,0,0,0,0,0,0,6044,0,0,0,0,1,10,0,0,0.0,0,0.0,0,0,0,1,1977.0,0.0,0,0,0,1,0,6906,1.0,0,0,0,0.0,0.0
0,0.0,5694,0,0,0,0,0,0,0,9337,0,0,0,0,0,5,0,0,1.0,0,0.0,0,0,0,0,2019.0,0.0,0,0,0,1,0,3713,0.0,0,0,0,0.0,0.0
0,0.0,2753,0,0,0,0,0,0,0,9337,0,0,0,0,0,7,0,0,0.0,0,0.0,0,0,0,0,2000.0,0.0,0,0,0,1,0,8264,1.0,0,0,0,0.0,0.0
0,0.0,7084,0,0,0,0,0,0,0,9337,0,0,0,0,0,13,0,1,0.0,0,0.0,0,0,0,0,2015.0,0.0,0,0,0,1,0,4959,0.0,0,0,0,0.0,0.0
0,0.0,2720,0,0,0,0,0,0,0,9337,0,0,0,0,0,3,0,0,0.0,0,0.0,0,0,0,0,2019.0,0.0,0,0,0,1,0,1513,0.0,0,0,0,0.0,0.0
0,0.0,6192,0,0,0,0,0,0,0,6044,0,0,0,0,0,2,0,0,0.0,0,0.0,0,0,0,0,2016.0,0.0,0,0,0,1,0,4957,0.0,0,0,0,0.0,0.0
0,0.0,7073,0,0,0,0,0,0,0,9337,0,0,0,0,0,2,0,0,0.0,0,0.0,0,0,0,0,1990.0,1.0,0,0,0,1,0,6866,0.0,0,0,0,0.0,0.0
0,0.0,4551,0,0,0,0,0,0,0,9337,0,0,0,0,0,9,0,0,1.0,0,0.0,0,0,0,0,2019.0,0.0,0,0,0,1,0,4834,0.0,0,0,0,0.0,0.0
0,0.0,4051,0,0,0,0,0,0,0,6044,0,0,0,0,0,3,0,0,0.0,0,0.0,0,0,0,0,2015.0,0.0,0,0,0,1,0,4570,1.0,0,0,0,0.0,0.0
0,0.0,3463,0,0,0,0,0,0,0,3543,0,0,0,0,0,13,0,0,0.0,0,0.0,0,0,0,0,2019.0,1.0,0,0,0,1,0,3690,0.0,0,0,0,0.0,0.0
0,0.0,4801,0,0,0,0,0,0,0,9337,0,0,0,0,0,8,0,0,0.0,0,0.0,0,0,0,0,2016.0,0.0,1,0,0,1,0,1208,1.0,0,0,0,0.0,0.0
0,0.0,8637,0,0,0,0,0,0,0,9337,0,0,0,0,0,7,0,0,1.0,0,0.0,0,0,0,0,2019.0,0.0,0,0,0,1,0,5455,0.0,0,0,0,0.0,0.0
0,0.0,8483,0,0,0,0,0,0,0,9337,0,0,0,0,0,13,0,1,0.0,0,0.0,0,0,0,0,2015.0,0.0,0,0,0,1,0,2657,0.0,0,0,0,0.0,0.0
0,0.0,7692,0,0,0,0,0,0,0,6044,0,0,0,0,0,2,0,0,1.0,0,0.0,0,0,0,0,2017.0,0.0,0,0,0,1,0,2477,0.0,0,0,0,0.0,0.0
0,0.0,4448,0,0,0,0,0,0,0,9337,0,0,0,0,0,8,0,0,0.0,0,0.0,0,0,0,0,2019.0,1.0,0,0,0,1,0,1151,0.0,0,0,0,0.0,0.0
0,0.0,3932,0,0,0,0,0,0,0,9337,0,0,0,0,0,9,0,0,1.0,0,0.0,0,0,0,0,2019.0,0.0,0,0,0,1,0,4933,0.0,0,0,0,0.0,0.0
0,0.0,2655,0,0,0,0,0,0,0,9337,0,0,0,0,0,2,0,0,0.0,0,0.0,0,0,0,0,2016.0,0.0,0,0,0,1,0,2682,0.0,0,0,0,0.0,0.0
0,0.0,4051,0,0,0,0,0,0,0,9337,0,0,0,0,0,6,0,0,0.0,0,0.0,0,0,0,0,2015.0,1.0,0,0,0,1,0,6268,0.0,0,0,0,0.0,0.0
0,0.0,4976,0,0,0,0,0,0,0,9337,0,0,0,0,0,9,0,0,1.0,0,0.0,0,0,0,0,2019.0,0.0,0,0,0,1,0,7655,0.0,0,0,0,0.0,0.0
0,0.0,9305,0,0,0,0,0,0,0,9337,0,0,0,0,0,6,0,0,0.0,0,0.0,0,0,0,0,2020.0,1.0,0,0,0,1,0,9653,0.0,0,0,0,0.0,0.0
0,0.0,8765,0,0,0,0,0,0,0,9337,0,0,0,0,1,6,0,0,1.0,0,0.0,0,1,0,0,2009.0,0.0,0,0,0,1,1,6208,0.0,0,0,0,0.0,0.0
0,0.0,6374,0,0,0,0,0,0,0,9337,0,0,0,0,0,6,0,0,1.0,0,0.0,0,0,0,0,2020.0,0.0,0,0,0,1,0,8726,0.0,0,0,0,0.0,0.0
0,0.0,8569,0,0,0,0,0,0,0,9337,0,0,0,0,0,3,0,0,0.0,0,0.0,0,0,0,0,2018.0,0.0,0,0,0,1,0,3917,0.0,0,0,0,0.0,0.0
0,0.0,6186,0,0,0,0,0,0,0,6044,0,0,0,0,0,3,0,0,1.0,0,0.0,0,0,0,0,2019.0,0.0,0,0,0,1,0,5498,0.0,0,0,0,0.0,0.0
0,0.0,3052,0,0,0,0,0,0,0,3543,0,0,0,0,1,6,0,0,1.0,0,0.0,0,1,0,0,2009.0,0.0,0,0,0,1,1,4433,0.0,0,0,0,0.0,0.0
0,0.0,5615,0,0,0,0,0,0,0,3543,0,0,0,0,0,7,0,0,1.0,0,0.0,0,0,0,0,2020.0,0.0,0,0,0,1,0,2194,0.0,0,0,0,0.0,0.0
0,0.0,6568,0,0,0,0,0,0,0,9337,0,0,0,0,0,8,0,0,0.0,0,0.0,0,0,0,0,2019.0,1.0,0,0,0,1,0,1151,0.0,0,0,0,0.0,0.0
0,0.0,6234,0,0,0,0,0,0,0,9337,0,0,0,0,0,10,0,0,1.0,0,0.0,0,0,0,0,2006.0,0.0,0,0,0,1,0,9144,0.0,0,0,0,0.0,0.0
0,0.0,6070,0,0,0,0,0,0,0,6470,0,0,0,0,0,4,0,0,1.0,0,0.0,0,0,0,0,2018.0,0.0,0,0,0,1,0,5666,0.0,0,0,0,0.0,0.0
0,0.0,4778,0,0,0,0,0,0,0,9337,0,0,0,0,0,10,0,0,1.0,0,0.0,0,0,0,0,2019.0,0.0,0,0,0,1,0,3384,0.0,0,0,0,0.0,0.0
0,0.0,2919,0,0,0,0,0,0,0,9337,0,0,0,0,0,9,0,0,1.0,0,0.0,0,0,0,0,2019.0,0.0,0,0,0,1,0,7518,0.0,0,0,0,0.0,0.0
0,0.0,2324,0,0,0,0,0,0,0,6044,0,0,0,0,0,4,0,0,0.0,0,0.0,0,0,0,0,1974.0,1.0,0,0,0,1,0,2864,0.0,0,0,0,0.0,0.0
0,0.0,9407,0,0,0,0,0,0,0,9337,0,0,0,0,0,5,0,0,0.0,0,0.0,0,0,0,0,2015.0,1.0,0,0,0,1,0,5104,0.0,0,0,0,0.0,0.0
0,0.0,6870,0,0,0,0,0,0,0,9337,0,0,0,0,0,5,0,0,0.0,0,0.0,0,0,0,0,2019.0,1.0,0,0,0,1,0,4542,0.0,0,0,0,0.0,0.0
0,0.0,7599,0,0,0,0,0,0,0,3543,0,0,0,0,0,5,0,0,0.0,0,0.0,0,0,0,0,2016.0,1.0,0,0,0,1,0,1190,0.0,0,0,0,0.0,0.0
0,0.0,1958,0,0,0,0,0,0,0,9337,0,0,0,0,0,7,0,0,0.0,0,0.0,0,0,0,0,2015.0,1.0,0,0,0,1,0,9755,0.0,0,0,0,0.0,0.0
0,0.0,6888,0,0,0,0,0,0,0,6044,0,0,0,0,0,4,0,0,0.0,0,0.0,0,0,0,0,2007.0,1.0,0,0,0,1,0,5129,0.0,0,0,0,0.0,0.0
0,0.0,3438,0,0,0,0,0,0,0,3543,0,0,0,0,0,15,0,0,0.0,0,0.0,0,0,0,0,2019.0,1.0,0,0,0,1,0,5475,0.0,0,0,0,0.0,0.0
0,0.0,9334,0,0,0,0,0,0,0,6044,0,0,0,0,0,2,0,0,1.0,0,0.0,0,0,0,0,2016.0,0.0,0,0,0,1,0,3445,0.0,0,0,0,0.0,0.0
0,0.0,7833,0,0,0,0,0,0,0,9337,0,0,0,0,0,5,0,0,0.0,0,0.0,0,0,0,0,2019.0,1.0,0,0,0,1,0,3565,0.0,0,0,0,0.0,0.0
0,0.0,9497,0,0,0,0,0,0,0,3543,0,0,0,0,0,10,0,0,0.0,0,0.0,0,0,0,0,2019.0,0.0,0,0,0,1,0,9070,0.0,0,0,0,1.0,0.0
0,0.0,5942,0,0,0,0,0,0,0,9337,0,0,0,0,0,6,0,0,1.0,0,0.0,0,0,0,0,2018.0,0.0,0,0,0,1,0,4945,0.0,0,0,0,0.0,0.0
0,0.0,2292,0,0,0,0,0,0,0,6044,0,0,0,0,0,2,0,0,0.0,0,0.0,0,1,0,0,2019.0,0.0,0,0,0,1,0,8327,1.0,0,0,0,0.0,0.0
0,0.0,7180,0,0,0,0,0,0,0,6044,0,0,0,0,0,5,0,0,1.0,0,0.0,0,0,0,1,2019.0,0.0,0,0,0,1,0,4280,0.0,0,0,0,0.0,0.0
0,0.0,8029,0,0,0,0,0,0,0,9337,0,0,0,0,0,12,0,0,0.0,0,0.0,0,0,0,0,2017.0,1.0,0,0,0,1,1,6746,0.0,0,0,0,0.0,0.0
0,0.0,7374,0,0,0,0,0,0,0,3654,0,0,0,0,0,1,0,0,1.0,0,0.0,0,0,0,0,2019.0,0.0,0,1,0,1,1,1343,0.0,0,0,0,0.0,0.0
0,0.0,3005,0,0,0,0,0,0,0,9337,0,0,0,0,0,4,0,0,0.0,0,0.0,0,0,0,0,2007.0,1.0,0,0,0,1,0,6186,0.0,0,0,0,0.0,0.0
0,0.0,8875,0,0,0,0,0,0,0,9337,0,0,0,0,0,7,0,0,0.0,0,0.0,0,0,0,0,2015.0,0.0,0,0,0,1,0,3401,1.0,0,0,0,0.0,0.0
0,0.0,2719,0,0,0,0,0,0,0,9337,0,0,0,0,0,7,0,0,1.0,0,0.0,0,0,0,0,2019.0,0.0,0,0,0,1,0,2523,0.0,0,0,0,0.0,0.0
0,0.0,7363,0,0,0,0,0,0,0,9337,0,0,0,0,0,6,0,0,0.0,0,0.0,0,0,0,0,2017.0,0.0,0,0,0,1,0,5748,0.0,0,0,0,0.0,0.0
0,0.0,7770,0,0,0,0,0,0,0,9337,0,0,0,0,0,6,0,0,1.0,0,0.0,0,0,0,0,2019.0,0.0,0,0,0,1,0,9811,0.0,0,0,0,0.0,0.0
0,0.0,7041,0,0,0,0,0,0,0,9337,0,0,0,0,0,5,0,0,1.0,0,0.0,0,0,0,0,2019.0,0.0,0,0,0,1,0,3713,0.0,0,0,0,0.0,0.0
0,0.0,6291,0,0,0,0,0,0,0,9337,0,0,0,0,0,7,0,0,1.0,0,0.0,0,0,0,0,2020.0,0.0,0,0,0,1,0,7118,0.0,0,0,0,0.0,0.0
0,0.0,8594,0,0,0,0,0,0,0,9337,0,0,0,0,0,7,0,0,0.0,0,0.0,0,0,0,0,2015.0,0.0,0,0,0,1,0,7296,1.0,0,0,0,0.0,0.0
0,0.0,5030,0,0,0,0,0,0,0,9337,0,0,0,0,0,3,0,0,0.0,0,0.0,0,0,0,0,2018.0,1.0,0,0,0,1,0,9244,0.0,0,0,0,0.0,0.0
0,0.0,8116,0,0,0,0,0,0,0,9337,0,0,0,0,0,7,0,0,0.0,0,0.0,0,0,0,0,2015.0,0.0,0,0,0,1,0,3441,1.0,0,0,0,0.0,0.0
0,0.0,4411,0,0,0,0,0,0,0,6044,0,0,0,0,0,2,0,0,1.0,0,0.0,0,0,0,0,2019.0,0.0,0,0,0,1,0,8864,0.0,0,0,0,0.0,0.0
0,0.0,6636,0,0,0,0,0,0,0,9337,0,0,0,0,0,1,0,0,0.0,0,0.0,0,0,0,0,1986.0,1.0,0,0,0,1,0,3854,0.0,0,0,0,0.0,0.0
0,0.0,1643,0,0,0,0,0,0,0,9337,0,0,0,0,0,5,0,0,1.0,0,0.0,0,0,0,0,2019.0,0.0,0,0,0,1,0,3713,0.0,0,0,0,0.0,0.0
0,0.0,2288,0,0,0,0,0,0,0,9337,0,0,0,0,0,6,0,0,0.0,0,0.0,0,0,0,0,1998.0,0.0,0,0,0,1,0,7320,1.0,0,0,0,0.0,0.0
0,0.0,4649,0,0,0,0,0,0,0,9337,0,0,0,0,0,5,0,0,0.0,0,0.0,0,0,0,0,2016.0,1.0,0,0,0,1,0,4269,0.0,0,0,0,0.0,0.0
0,0.0,9730,0,0,0,0,0,0,0,9337,0,0,0,0,0,2,0,1,0.0,0,0.0,0,0,0,0,2018.0,1.0,0,0,0,1,0,5450,0.0,0,0,0,0.0,0.0
0,0.0,8499,0,0,0,0,0,0,0,9337,0,0,0,0,0,2,0,0,0.0,0,0.0,0,0,0,0,2017.0,1.0,0,0,0,1,0,6771,0.0,0,0,0,0.0,0.0
0,0.0,4374,0,0,0,0,0,0,0,9337,0,0,0,0,0,7,0,0,0.0,0,0.0,0,0,0,0,2006.0,1.0,0,0,0,1,0,4544,0.0,0,0,0,0.0,0.0
0,0.0,3138,0,0,0,0,0,0,0,3543,0,0,0,0,0,3,0,0,1.0,0,0.0,0,0,0,0,2019.0,0.0,0,0,0,1,0,7527,0.0,0,0,0,0.0,0.0
0,0.0,5506,0,0,0,0,0,0,0,9337,1,0,0,0,0,6,0,0,0.0,0,0.0,0,0,0,0,2002.0,1.0,0,0,0,1,1,4933,0.0,0,0,0,0.0,0.0
0,0.0,1324,0,0,0,0,0,0,0,9337,0,0,0,0,0,7,0,0,0.0,0,0.0,0,0,0,0,2015.0,0.0,0,0,0,1,0,7470,1.0,0,0,0,0.0,0.0
0,0.0,8293,0,0,0,0,0,0,0,9337,0,0,0,0,0,5,0,0,1.0,0,0.0,0,0,0,0,2019.0,0.0,0,0,0,1,0,3713,0.0,0,0,0,0.0,0.0
0,0.0,3834,0,0,0,0,0,0,0,3543,0,0,0,0,0,1,0,0,0.0,0,0.0,0,0,0,0,2019.0,1.0,0,0,0,1,0,4231,0.0,0,0,0,0.0,0.0
0,0.0,5124,0,0,0,0,0,0,0,6044,0,0,0,0,0,4,0,0,0.0,0,0.0,0,0,0,0,2007.0,1.0,0,0,0,1,0,7917,0.0,0,0,0,0.0,0.0
0,0.0,5124,0,0,0,0,0,0,0,9337,0,0,0,0,0,4,0,0,0.0,0,0.0,0,0,0,0,2007.0,1.0,0,0,0,1,0,7917,0.0,0,0,0,0.0,0.0
0,0.0,8291,0,0,0,0,0,0,0,3543,0,0,0,0,0,7,0,0,0.0,0,0.0,0,0,0,0,2015.0,0.0,0,0,0,1,0,5296,1.0,0,0,0,0.0,0.0
0,0.0,3884,0,0,0,0,0,0,0,9337,0,0,0,0,0,8,0,0,0.0,0,0.0,0,0,0,0,2019.0,1.0,0,0,0,1,0,1151,0.0,0,0,0,0.0,0.0
0,0.0,4921,0,0,0,0,0,0,0,9337,0,0,0,0,0,7,0,0,0.0,0,0.0,0,0,0,0,2006.0,1.0,0,0,0,1,0,2542,0.0,0,0,0,0.0,0.0
0,0.0,3848,0,0,0,0,0,0,0,9337,1,0,0,0,0,6,0,0,0.0,0,0.0,0,0,0,0,2002.0,1.0,0,0,0,1,1,1098,0.0,0,0,0,0.0,0.0
0,0.0,3710,0,0,0,0,0,0,0,6044,0,0,0,0,0,2,0,0,1.0,0,0.0,0,0,0,0,2019.0,0.0,0,0,0,1,0,1344,0.0,0,0,0,0.0,0.0
0,0.0,5775,0,0,0,0,0,0,0,3944,0,0,0,0,0,1,0,0,0.0,0,0.0,0,0,0,0,2010.0,0.0,0,0,0,1,0,4849,1.0,0,0,0,0.0,0.0
0,0.0,3971,0,0,0,0,0,0,0,9337,0,0,0,0,0,3,0,0,0.0,0,0.0,0,0,0,0,2019.0,0.0,0,0,0,1,0,9713,0.0,0,0,0,0.0,0.0
0,0.0,4211,0,0,0,0,0,0,0,3543,0,0,0,0,0,10,0,0,1.0,0,0.0,0,0,0,0,2006.0,0.0,0,0,0,1,0,3390,0.0,0,0,0,0.0,0.0
0,0.0,5791,0,0,0,0,0,0,0,9337,0,0,0,0,0,2,0,0,0.0,0,0.0,0,0,0,0,2018.0,0.0,0,0,0,1,0,6064,0.0,0,0,0,0.0,0.0
0,0.0,4225,0,0,0,0,0,0,0,9337,0,0,0,0,0,3,0,0,0.0,0,0.0,0,1,0,0,2018.0,0.0,0,0,0,1,0,4811,1.0,0,0,0,0.0,0.0
0,0.0,9835,0,0,0,0,0,0,0,6044,0,0,0,0,0,6,0,0,0.0,0,0.0,0,1,0,0,2017.0,1.0,0,0,0,1,0,6150,0.0,0,0,0,0.0,0.0
0,0.0,7978,0,0,0,0,0,0,0,6044,0,0,0,0,0,2,0,0,1.0,0,0.0,0,0,0,0,2013.0,0.0,0,0,0,1,0,9950,0.0,0,0,0,0.0,0.0
0,0.0,5615,0,0,0,0,0,0,0,3543,0,0,0,0,0,7,0,0,1.0,0,0.0,0,0,0,0,2020.0,0.0,0,0,0,1,0,2194,0.0,0,0,0,0.0,0.0
0,0.0,3582,0,0,0,0,0,0,0,6044,0,0,0,0,0,4,0,0,0.0,0,0.0,0,0,0,0,1974.0,1.0,0,0,0,1,0,8510,0.0,0,0,0,0.0,0.0
0,0.0,4525,0,0,0,0,0,0,0,6044,0,0,0,0,0,9,0,0,1.0,0,0.0,0,0,0,0,2020.0,0.0,0,0,0,1,0,9344,0.0,0,0,0,0.0,0.0
0,0.0,7680,0,0,0,0,0,0,0,9337,0,0,0,0,0,3,0,0,1.0,0,0.0,0,1,0,0,2018.0,0.0,0,0,0,1,0,4431,0.0,0,0,0,0.0,0.0
0,0.0,4389,0,0,0,0,0,0,0,9337,0,0,0,0,0,7,0,0,0.0,0,0.0,0,0,0,0,2006.0,1.0,0,0,0,1,0,5316,0.0,0,0,0,0.0,0.0
0,0.0,4431,0,0,0,0,0,0,0,3543,0,0,0,0,0,13,0,0,0.0,0,0.0,0,0,0,0,2019.0,1.0,0,0,0,1,0,8992,0.0,0,0,0,0.0,0.0
0,0.0,3530,0,0,0,0,0,0,0,9337,0,0,0,0,0,4,0,0,0.0,0,0.0,0,0,0,0,2017.0,1.0,0,0,0,1,0,3911,0.0,0,0,0,0.0,0.0
0,0.0,6327,0,0,0,0,0,0,0,3543,0,0,0,0,0,12,0,0,0.0,0,0.0,0,0,0,0,2017.0,1.0,0,0,0,1,1,7247,0.0,0,0,0,0.0,0.0
0,0.0,3087,0,0,0,0,0,0,0,3543,0,0,0,0,0,12,0,0,0.0,0,0.0,0,0,0,0,2017.0,1.0,0,0,0,1,1,6745,0.0,0,0,0,0.0,0.0
0,0.0,2538,0,0,0,0,0,0,0,3543,0,0,0,0,0,8,0,0,0.0,0,0.0,0,0,0,0,2018.0,0.0,0,0,0,1,0,8028,0.0,0,0,0,0.0,0.0
0,0.0,7775,0,0,0,0,0,0,0,9337,0,0,0,0,0,8,0,0,0.0,0,0.0,0,0,0,0,2019.0,1.0,0,0,0,1,0,1151,0.0,0,0,0,0.0,0.0
0,0.0,7153,0,0,0,0,0,0,0,9337,0,0,0,0,0,2,0,0,0.0,0,0.0,0,0,0,0,2014.0,1.0,0,0,0,1,0,1574,0.0,0,0,0,0.0,0.0
0,0.0,7567,0,0,0,0,0,0,0,9337,0,0,0,0,0,4,0,0,1.0,0,0.0,0,0,0,0,2018.0,0.0,0,0,0,1,0,2590,0.0,0,0,0,0.0,0.0
0,0.0,7656,0,0,0,0,0,0,0,3543,0,0,0,0,0,3,0,0,1.0,0,0.0,0,0,0,0,2019.0,0.0,0,0,0,1,0,9183,0.0,0,0,0,0.0,0.0
0,0.0,7059,0,0,0,0,0,0,0,3543,0,0,0,0,0,3,0,0,0.0,0,0.0,0,0,0,0,2016.0,0.0,0,0,0,1,0,9821,1.0,0,0,0,0.0,0.0
0,0.0,9678,0,0,0,0,0,0,0,6044,0,0,0,0,0,3,0,1,1.0,0,0.0,0,0,0,0,2015.0,0.0,0,0,0,1,0,4171,0.0,0,0,0,0.0,0.0
0,0.0,4447,0,0,0,0,0,0,0,9337,0,0,0,0,0,2,0,0,0.0,0,0.0,0,0,0,0,1990.0,1.0,0,0,0,1,0,8865,0.0,0,0,0,0.0,0.0
0,0.0,6229,0,0,0,0,0,0,0,9337,0,0,0,0,0,9,0,0,1.0,0,0.0,0,0,0,0,2019.0,0.0,0,0,0,1,0,6166,0.0,0,0,0,0.0,0.0
0,0.0,5155,0,0,0,0,0,0,0,9337,0,0,0,0,0,5,0,0,1.0,0,0.0,0,0,0,0,2017.0,0.0,0,0,0,1,0,3061,0.0,0,0,0,0.0,0.0
0,0.0,7677,0,0,0,0,0,0,0,9337,0,0,0,0,0,12,0,0,0.0,0,0.0,0,0,0,0,2017.0,1.0,0,0,0,1,1,7548,0.0,0,0,0,0.0,0.0
0,0.0,5824,0,0,0,0,0,0,0,6044,0,0,0,0,0,4,0,0,0.0,0,0.0,0,0,0,0,2007.0,1.0,0,0,0,1,0,4141,0.0,0,0,0,0.0,0.0
0,0.0,3788,0,0,0,0,0,0,0,9337,0,0,0,0,0,1,0,0,0.0,0,0.0,0,0,0,0,2015.0,1.0,0,0,0,1,0,5064,0.0,0,0,0,0.0,0.0
0,0.0,2919,0,0,0,0,0,0,0,9337,0,0,0,0,0,9,0,0,1.0,0,0.0,0,0,0,0,2019.0,0.0,0,0,0,1,0,1233,0.0,0,0,0,0.0,0.0
0,0.0,6936,0,0,0,0,0,0,0,9337,0,0,0,0,0,9,0,0,1.0,0,0.0,0,0,0,0,2019.0,0.0,0,0,0,1,0,2282,0.0,0,0,0,0.0,0.0
0,0.0,9956,0,0,0,0,0,0,0,9337,0,0,0,0,0,9,0,0,0.0,0,0.0,0,0,0,0,2012.0,1.0,0,0,0,1,0,4666,0.0,0,0,0,0.0,0.0
0,0.0,8644,0,0,0,0,0,0,0,9337,0,0,0,0,0,9,0,0,0.0,0,0.0,0,0,0,0,2012.0,1.0,0,0,0,1,0,5163,0.0,0,0,0,0.0,0.0
0,0.0,9103,0,0,0,0,0,0,0,9337,0,0,0,0,0,2,0,0,0.0,0,0.0,0,0,0,0,2019.0,1.0,0,0,0,1,0,2461,0.0,0,0,0,0.0,0.0
0,0.0,9989,0,0,0,0,0,0,0,9337,0,0,0,0,0,4,0,0,1.0,0,0.0,0,0,0,0,2016.0,0.0,0,0,0,1,0,7678,0.0,0,0,0,0.0,0.0
0,0.0,3212,0,0,0,0,0,0,0,9337,0,0,0,0,0,9,0,0,1.0,0,0.0,0,0,0,0,2019.0,0.0,0,0,0,1,0,3514,0.0,0,0,0,0.0,0.0
0,0.0,9554,0,0,0,0,0,0,0,9337,0,0,0,0,0,5,0,0,0.0,0,0.0,0,0,0,0,2019.0,0.0,0,0,0,1,0,6405,1.0,0,0,0,0.0,0.0
0,0.0,4889,0,0,0,0,0,0,0,6044,0,0,0,0,0,4,0,0,0.0,0,0.0,0,0,0,0,1974.0,1.0,0,0,0,1,0,3037,0.0,0,0,0,0.0,0.0
0,0.0,3686,0,0,0,0,0,0,0,9337,0,0,0,0,0,1,0,0,0.0,0,0.0,0,0,0,0,1990.0,1.0,0,0,0,1,0,5245,0.0,0,0,0,0.0,0.0
0,0.0,6451,0,0,0,0,0,0,0,3543,0,0,0,0,0,3,0,0,0.0,0,0.0,0,0,0,0,2019.0,0.0,0,0,0,1,0,7339,0.0,0,0,0,1.0,0.0
0,0.0,8304,0,0,0,0,0,0,0,6044,0,0,0,0,0,4,0,0,0.0,0,0.0,0,0,0,0,2017.0,1.0,0,0,0,1,0,2751,0.0,0,0,0,0.0,0.0
0,0.0,8372,0,0,0,0,0,0,0,9337,0,0,0,0,0,2,0,0,1.0,0,0.0,0,0,0,0,2017.0,0.0,0,0,0,1,0,5158,0.0,0,0,0,0.0,0.0
0,0.0,2697,0,0,0,0,0,0,0,9337,0,0,0,0,0,2,0,0,0.0,0,0.0,0,1,0,0,1997.0,0.0,0,0,0,1,0,2153,0.0,0,0,0,0.0,0.0
0,0.0,7965,0,0,0,0,0,0,0,9337,0,0,0,0,0,10,0,0,1.0,0,0.0,0,0,0,0,2019.0,0.0,0,0,0,1,0,3441,0.0,0,0,0,0.0,0.0
0,0.0,7794,0,0,0,0,0,0,0,9337,0,0,0,0,0,1,0,0,1.0,0,0.0,0,0,0,0,2017.0,0.0,0,0,0,1,0,4296,0.0,0,0,0,0.0,0.0
0,0.0,7798,0,0,0,0,0,0,0,6044,0,0,0,0,0,2,0,0,0.0,0,0.0,0,1,0,0,2017.0,1.0,0,0,0,1,0,5255,0.0,0,0,0,0.0,0.0
0,0.0,9273,0,0,0,0,0,0,0,6044,0,0,0,0,0,9,0,0,1.0,0,0.0,0,0,0,0,2020.0,0.0,0,0,0,1,0,9344,0.0,0,0,0,0.0,0.0
0,0.0,9104,0,0,0,0,0,0,0,9337,0,0,0,0,0,7,0,0,0.0,0,0.0,0,0,0,0,2015.0,1.0,0,0,0,1,0,2259,0.0,0,0,0,0.0,0.0
0,0.0,9522,0,0,0,0,0,0,0,6044,0,0,0,0,0,3,0,0,1.0,0,0.0,0,0,0,0,2019.0,0.0,0,0,0,1,0,9873,0.0,0,0,0,0.0,0.0
0,0.0,1735,0,0,0,0,0,0,0,3543,0,0,0,0,0,5,0,0,0.0,0,0.0,0,0,0,0,2019.0,0.0,0,0,0,1,0,3381,1.0,0,0,0,0.0,0.0
0,0.0,6888,0,0,0,0,0,0,0,6044,0,0,0,0,0,4,0,0,0.0,0,0.0,0,0,0,0,2007.0,1.0,0,0,0,1,0,5129,0.0,0,0,0,0.0,0.0
0,0.0,5766,0,0,0,0,0,0,0,6044,0,0,0,0,0,2,0,0,1.0,0,0.0,0,0,0,0,2018.0,0.0,0,0,0,1,0,8996,0.0,0,0,0,0.0,0.0
0,0.0,9276,0,0,0,0,0,0,0,9337,0,0,0,0,0,2,0,0,1.0,0,0.0,0,0,0,0,2018.0,0.0,0,0,0,1,0,2565,0.0,0,0,0,0.0,0.0
0,0.0,9187,0,0,0,0,0,0,0,6044,0,0,0,0,0,5,0,0,1.0,0,0.0,0,0,0,0,2017.0,0.0,0,0,0,1,0,1741,0.0,0,0,0,0.0,0.0
0,0.0,3087,0,0,0,0,0,0,0,3543,0,0,0,0,0,12,0,0,0.0,0,0.0,0,0,0,0,2017.0,1.0,0,0,0,1,1,9939,0.0,0,0,0,0.0,0.0
0,0.0,6898,0,0,0,0,0,0,0,9337,0,0,0,0,0,4,0,0,0.0,0,0.0,0,0,0,0,2013.0,0.0,1,0,0,1,0,5395,0.0,0,0,0,0.0,0.0
0,0.0,2866,0,0,0,0,0,0,0,9337,0,0,0,0,0,8,0,0,1.0,0,0.0,0,0,0,0,2012.0,0.0,0,0,0,1,0,8979,0.0,0,0,0,0.0,0.0
0,0.0,6765,0,0,0,0,0,0,0,6044,0,0,0,0,0,9,0,0,0.0,0,0.0,0,0,0,0,2018.0,1.0,0,0,0,1,0,1963,0.0,0,0,0,0.0,0.0
0,0.0,9363,0,0,0,0,0,0,0,9337,0,0,0,0,0,12,0,0,0.0,0,0.0,0,0,0,0,2017.0,1.0,0,0,0,1,1,9868,0.0,0,0,0,0.0,0.0
0,0.0,1709,0,0,0,0,0,0,0,9337,0,0,0,0,0,2,0,0,1.0,0,0.0,0,0,0,0,2018.0,0.0,0,0,0,1,0,5359,0.0,0,0,0,0.0,0.0
0,0.0,2677,0,0,0,0,0,0,0,9337,0,0,0,0,0,8,0,0,0.0,0,0.0,0,0,0,0,2016.0,1.0,0,0,0,1,0,6285,0.0,0,0,0,0.0,0.0
0,0.0,9517,0,0,0,0,0,0,0,6044,0,0,0,0,0,9,0,0,1.0,0,0.0,0,0,0,0,2020.0,0.0,0,0,0,1,0,9344,0.0,0,0,0,0.0,0.0
0,0.0,5093,0,0,0,0,0,0,0,3543,0,0,0,0,0,3,0,0,1.0,0,0.0,0,0,0,0,2019.0,0.0,0,0,0,1,0,2669,0.0,0,0,0,0.0,0.0
0,0.0,3892,0,0,0,0,0,0,0,9337,0,0,0,0,0,3,0,0,1.0,0,0.0,0,0,0,0,2019.0,0.0,0,0,0,1,0,2171,0.0,0,0,0,0.0,0.0
0,0.0,5519,0,0,0,0,0,0,0,9337,0,0,0,0,0,7,0,0,1.0,0,0.0,0,0,0,0,2019.0,0.0,0,0,0,1,0,9717,0.0,0,0,0,0.0,0.0
0,0.0,3564,0,0,0,0,0,0,0,9337,0,0,0,0,0,4,0,0,0.0,0,0.0,0,0,0,1,2015.0,0.0,0,0,0,1,0,1807,0.0,0,0,0,0.0,0.0
0,0.0,4474,0,0,0,0,0,0,0,9337,0,0,0,0,0,3,0,0,0.0,0,0.0,0,0,0,0,2018.0,1.0,0,0,0,1,0,2555,0.0,0,0,0,0.0,0.0
0,0.0,3419,0,0,0,0,0,0,0,3944,0,0,0,0,0,7,0,0,1.0,0,0.0,0,0,0,0,2019.0,0.0,0,0,0,1,0,1338,0.0,0,0,0,0.0,0.0
0,0.0,7149,0,0,0,0,0,0,0,9337,0,0,0,0,0,3,0,0,1.0,0,0.0,0,0,0,0,2019.0,0.0,0,0,0,1,0,4612,0.0,0,0,0,0.0,0.0
0,0.0,8298,0,0,0,0,0,0,0,3543,0,0,0,0,0,8,0,0,0.0,0,0.0,0,0,0,0,2018.0,0.0,0,0,0,1,0,8028,0.0,0,0,0,0.0,0.0
0,0.0,3915,0,0,0,0,0,0,0,9337,0,0,0,0,0,3,0,0,1.0,0,0.0,0,0,0,0,2014.0,0.0,0,0,0,1,0,1742,0.0,0,0,0,0.0,0.0
0,0.0,6838,0,0,0,0,0,0,0,9337,0,0,0,0,0,7,0,0,0.0,0,0.0,0,0,0,0,1999.0,1.0,0,0,0,1,0,4666,0.0,0,0,0,0.0,0.0
0,0.0,6696,0,0,0,0,0,0,0,6044,0,0,0,0,0,10,0,0,0.0,0,0.0,0,0,0,1,1992.0,0.0,0,0,0,1,0,5456,0.0,0,0,0,0.0,0.0
0,0.0,8594,0,0,0,0,0,0,0,3543,0,0,0,0,0,7,0,0,0.0,0,0.0,0,0,0,0,2015.0,0.0,0,0,0,1,0,4424,1.0,0,0,0,0.0,0.0
0,0.0,1489,0,0,0,0,0,0,0,6044,0,0,0,0,0,9,0,0,1.0,0,0.0,0,0,0,0,2020.0,0.0,0,0,0,1,0,9344,0.0,0,0,0,0.0,0.0
0,0.0,7191,0,0,0,0,0,0,0,3543,0,0,0,0,0,7,0,0,1.0,0,0.0,0,0,0,0,2020.0,0.0,0,0,0,1,0,1283,0.0,0,0,0,0.0,0.0
0,0.0,8321,0,0,0,0,0,0,0,9337,0,0,0,0,0,5,0,0,0.0,0,0.0,0,0,0,0,2019.0,1.0,0,0,0,1,0,3565,0.0,0,0,0,0.0,0.0
0,0.0,6117,0,0,0,0,0,0,0,6044,0,0,0,0,0,2,0,0,1.0,0,0.0,0,0,0,0,2013.0,0.0,0,0,0,1,0,2235,0.0,0,0,0,0.0,0.0
0,0.0,1174,0,0,0,0,0,0,0,6044,0,0,0,0,0,3,0,0,0.0,0,0.0,0,0,0,0,2011.0,1.0,0,0,0,1,0,5897,0.0,0,0,0,0.0,0.0
0,0.0,1924,0,0,0,0,0,0,0,9337,0,0,0,0,0,3,0,0,1.0,0,0.0,0,0,0,0,2019.0,0.0,0,0,0,1,0,2443,0.0,0,0,0,0.0,0.0
0,0.0,9376,0,0,0,0,0,0,0,3543,0,0,0,0,0,3,0,0,1.0,0,0.0,0,0,0,0,2018.0,0.0,0,0,0,1,0,4350,0.0,0,0,0,0.0,0.0
0,0.0,2142,0,0,0,0,0,0,0,3543,0,0,0,0,0,12,0,0,0.0,0,0.0,0,0,0,0,2017.0,1.0,0,0,0,1,1,2401,0.0,0,0,0,0.0,0.0
0,0.0,7677,0,0,0,0,0,0,0,9337,0,0,0,0,0,12,0,0,0.0,0,0.0,0,0,0,0,2017.0,1.0,0,0,0,1,1,7548,0.0,0,0,0,0.0,0.0
0,0.0,5311,0,0,0,0,0,0,0,6044,0,0,0,0,0,3,0,0,0.0,0,0.0,0,0,0,0,2011.0,1.0,0,0,0,1,0,4304,0.0,0,0,0,0.0,0.0
0,0.0,1727,0,0,0,0,0,0,0,3543,0,0,0,0,0,3,0,0,0.0,0,0.0,0,0,0,0,2017.0,1.0,0,0,0,1,0,6740,0.0,0,0,0,0.0,0.0
0,0.0,3490,0,0,0,0,0,0,0,9337,0,0,0,0,0,9,0,0,1.0,0,0.0,0,0,0,0,2019.0,0.0,0,0,0,1,0,9009,0.0,0,0,0,0.0,0.0
0,0.0,4389,0,0,0,0,0,0,0,9337,0,0,0,0,0,7,0,0,0.0,0,0.0,0,0,0,0,2006.0,1.0,0,0,0,1,0,2351,0.0,0,0,0,0.0,0.0
0,0.0,8029,0,0,0,0,0,0,0,9337,0,0,0,0,0,12,0,0,0.0,0,0.0,0,0,0,0,2017.0,1.0,0,0,0,1,1,6746,0.0,0,0,0,0.0,0.0
0,0.0,8675,0,0,0,0,0,0,0,9337,0,0,0,0,0,6,0,0,1.0,0,0.0,0,0,0,0,2018.0,0.0,0,0,0,1,0,1385,0.0,0,0,0,0.0,0.0
0,0.0,7151,0,0,0,0,0,0,0,3543,0,0,0,0,0,5,0,0,0.0,0,0.0,0,0,0,0,2015.0,1.0,0,0,0,1,0,7735,0.0,0,0,0,0.0,0.0
0,0.0,9334,0,0,0,0,0,0,0,9337,0,0,0,0,0,2,0,0,1.0,0,0.0,0,0,0,0,2016.0,0.0,0,0,0,1,0,3445,0.0,0,0,0,0.0,0.0
0,0.0,3119,0,0,0,0,0,0,0,9337,0,0,0,0,0,7,0,0,0.0,0,0.0,0,0,0,0,2005.0,1.0,0,0,0,1,0,3813,0.0,0,0,0,0.0,0.0
0,0.0,1840,0,0,0,0,0,0,0,9337,0,0,0,0,0,9,0,0,1.0,0,0.0,0,0,0,0,2019.0,0.0,0,0,0,1,0,2931,0.0,0,0,0,0.0,0.0
0,0.0,2331,0,0,0,0,0,0,0,3543,0,0,0,0,0,3,0,0,1.0,0,0.0,0,0,0,0,2019.0,0.0,0,0,0,1,0,5911,0.0,0,0,0,0.0,0.0
0,0.0,2993,0,0,0,0,0,0,0,3543,0,0,0,0,0,2,0,0,0.0,0,0.0,0,1,0,0,2019.0,0.0,0,0,0,1,0,2212,1.0,0,0,0,0.0,0.0
0,0.0,6234,0,0,0,0,0,0,0,3543,0,0,0,0,0,10,0,0,1.0,0,0.0,0,0,0,0,2006.0,0.0,0,0,0,1,0,9199,0.0,0,0,0,0.0,0.0
0,0.0,2897,0,0,0,0,0,0,0,9337,0,0,0,0,0,5,0,0,1.0,0,0.0,0,0,0,0,2019.0,0.0,0,0,0,1,0,3713,0.0,0,0,0,0.0,0.0
0,0.0,4739,0,0,0,0,0,0,0,6044,0,0,0,0,0,4,0,0,0.0,0,0.0,0,0,0,1,2015.0,0.0,0,0,0,1,0,2872,0.0,0,0,0,0.0,0.0
0,0.0,7775,0,0,0,0,0,0,0,6044,0,0,0,0,0,6,0,0,0.0,0,0.0,0,1,0,0,2017.0,1.0,0,0,0,1,0,6150,0.0,0,0,0,0.0,0.0
0,0.0,2222,0,0,0,0,0,0,0,9337,0,0,0,0,0,7,0,0,0.0,0,0.0,0,0,0,0,2015.0,1.0,0,0,0,1,0,3868,0.0,0,0,0,0.0,0.0
0,0.0,6366,0,0,0,0,0,0,0,9337,0,0,0,0,0,1,0,0,0.0,0,0.0,0,0,0,0,2019.0,0.0,0,0,0,1,0,1826,1.0,0,0,0,0.0,0.0
0,0.0,5615,0,0,0,0,0,0,0,9337,0,0,0,0,0,7,0,0,1.0,0,0.0,0,0,0,0,2020.0,0.0,0,0,0,1,0,3092,0.0,0,0,0,0.0,0.0
0,0.0,7149,0,0,0,0,0,0,0,9337,0,0,0,0,0,3,0,0,1.0,0,0.0,0,0,0,0,2019.0,0.0,0,0,0,1,0,4612,0.0,0,0,0,0.0,0.0
0,0.0,2467,0,0,0,0,0,0,0,3543,0,0,0,0,0,12,0,0,1.0,0,0.0,0,0,0,0,2018.0,0.0,0,0,0,1,0,7767,0.0,0,0,0,0.0,0.0
0,0.0,9404,0,0,0,0,0,0,0,3543,0,0,0,0,0,5,0,0,0.0,0,0.0,0,0,0,0,2016.0,1.0,0,0,0,1,0,1874,0.0,0,0,0,0.0,0.0
0,0.0,6081,0,0,0,0,1,0,0,9337,0,0,0,0,0,15,0,0,0.0,0,0.0,0,0,0,0,2017.0,1.0,0,0,0,1,0,7917,0.0,0,0,0,0.0,0.0
0,0.0,8006,0,0,0,0,0,0,0,9337,0,0,0,0,0,7,0,0,0.0,0,0.0,0,0,0,0,2018.0,1.0,0,0,0,1,0,8562,0.0,0,0,0,0.0,0.0
0,0.0,9686,0,0,0,0,0,0,0,6044,0,0,0,0,0,1,0,0,0.0,0,0.0,0,0,0,0,2014.0,1.0,0,0,0,1,0,7999,0.0,0,0,0,0.0,0.0
0,0.0,3480,0,0,0,0,0,0,0,6044,0,0,0,0,0,2,0,0,1.0,0,0.0,0,0,0,0,2017.0,0.0,0,0,0,1,0,2461,0.0,0,0,0,0.0,0.0
0,0.0,6607,0,0,0,0,0,0,0,6044,0,0,0,0,0,2,0,0,1.0,0,0.0,0,0,0,0,2006.0,0.0,0,0,0,1,0,4852,0.0,0,0,0,0.0,0.0
0,0.0,5450,0,0,0,0,0,0,0,9337,0,0,0,0,0,8,0,0,0.0,0,0.0,0,0,0,0,2016.0,1.0,0,0,0,1,0,9404,0.0,0,0,0,0.0,0.0
0,0.0,6694,0,0,0,0,0,0,0,9337,1,0,0,0,0,6,0,0,0.0,0,0.0,0,0,0,0,2002.0,1.0,0,0,0,1,1,8477,0.0,0,0,0,0.0,0.0
0,0.0,9437,0,0,0,0,0,0,0,9337,0,0,0,0,0,4,0,0,0.0,0,0.0,0,0,0,0,2014.0,0.0,0,0,0,1,0,4970,0.0,0,0,0,1.0,0.0
0,0.0,6358,0,0,0,0,0,0,0,9337,0,0,0,0,0,4,0,0,0.0,0,0.0,0,0,0,0,2017.0,1.0,0,0,0,1,0,6805,0.0,0,0,0,0.0,0.0
0,0.0,8737,0,0,0,0,0,0,0,3543,0,0,0,0,0,12,0,0,0.0,0,0.0,0,0,0,0,2017.0,1.0,0,0,0,1,1,5483,0.0,0,0,0,0.0,0.0
0,0.0,9777,0,0,0,0,0,0,0,6044,0,0,0,0,0,2,0,0,0.0,0,0.0,0,1,0,0,2016.0,0.0,0,0,0,1,0,6201,1.0,0,0,0,0.0,0.0
0,0.0,6059,0,0,0,0,0,0,0,9337,0,0,0,0,0,4,0,0,0.0,0,0.0,0,0,0,0,2004.0,1.0,1,0,0,1,0,2324,0.0,0,0,0,0.0,0.0
0,0.0,6098,0,0,0,0,0,0,0,9337,0,0,0,0,0,5,0,0,1.0,0,0.0,0,0,0,0,2019.0,0.0,0,0,0,1,0,3713,0.0,0,0,0,0.0,0.0
0,0.0,9300,0,0,0,0,0,0,0,3543,0,0,0,0,0,12,0,0,0.0,0,0.0,0,0,0,0,2017.0,1.0,0,0,0,1,1,6286,0.0,0,0,0,0.0,0.0
0,0.0,1961,0,0,0,0,0,0,0,9337,0,0,0,0,0,2,0,0,0.0,0,0.0,0,0,0,1,2008.0,1.0,0,0,0,1,0,6245,0.0,0,0,0,0.0,0.0
0,0.0,4026,0,0,0,0,0,0,0,3543,0,0,0,0,0,12,0,0,1.0,0,0.0,0,0,0,0,2018.0,0.0,0,0,0,1,0,3370,0.0,0,0,0,0.0,0.0
0,0.0,8227,0,0,0,0,0,0,0,9337,0,0,0,0,0,4,0,0,1.0,0,0.0,0,1,0,0,2018.0,0.0,0,0,0,1,0,8529,0.0,0,0,0,0.0,0.0
0,0.0,2560,0,0,0,0,0,0,0,9337,0,0,0,0,0,2,0,0,0.0,0,0.0,0,0,0,0,1990.0,1.0,0,0,0,1,0,6492,0.0,0,0,0,0.0,0.0
0,0.0,6073,0,0,0,0,0,0,0,9337,0,0,0,0,0,2,0,0,0.0,0,0.0,0,1,0,0,1997.0,0.0,0,0,0,1,0,9023,0.0,0,0,0,0.0,0.0
0,0.0,2043,0,0,0,0,0,0,0,9337,0,0,0,0,0,3,0,0,0.0,0,0.0,0,0,0,0,2020.0,0.0,0,0,0,1,0,7886,0.0,0,0,0,0.0,0.0
0,0.0,5572,0,0,0,0,0,0,0,9337,0,0,0,0,0,6,0,0,0.0,0,0.0,0,0,0,0,1998.0,0.0,0,0,0,1,0,9309,1.0,0,0,0,0.0,0.0
0,0.0,9144,0,0,0,0,0,0,0,9337,0,0,0,0,0,4,0,0,0.0,0,0.0,0,1,0,0,2017.0,1.0,0,0,0,1,0,4112,0.0,0,0,0,0.0,0.0
0,0.0,1746,0,0,0,0,0,0,0,3543,0,0,0,0,0,4,0,0,0.0,0,0.0,0,0,0,0,2016.0,1.0,0,0,0,1,0,3479,0.0,0,0,0,0.0,0.0
0,0.0,3122,0,0,0,0,0,0,0,9337,0,0,0,0,0,2,0,0,0.0,0,0.0,0,0,0,0,1990.0,1.0,0,0,0,1,0,9361,0.0,0,0,0,0.0,0.0
0,0.0,5576,0,0,0,0,0,0,0,3543,0,0,0,0,0,5,0,0,0.0,0,0.0,0,0,0,0,2016.0,1.0,0,0,0,1,0,1099,0.0,0,0,0,0.0,0.0
0,0.0,4440,0,0,0,0,0,0,0,9337,0,0,0,0,0,3,0,0,1.0,0,0.0,0,0,0,0,2019.0,0.0,0,0,0,1,0,2796,0.0,0,0,0,0.0,0.0
0,0.0,5050,0,0,0,0,0,0,0,9337,0,0,0,0,0,6,0,0,0.0,0,0.0,0,0,0,0,2015.0,1.0,0,0,0,1,0,3431,0.0,0,0,0,0.0,0.0
0,0.0,7796,0,0,0,0,0,0,0,3543,0,0,0,0,0,10,0,0,0.0,0,0.0,0,0,0,0,2019.0,0.0,0,0,0,1,0,2090,0.0,0,0,0,1.0,0.0
0,0.0,1784,0,0,0,0,0,0,0,9337,0,0,0,0,0,7,0,0,0.0,0,0.0,0,0,0,0,1999.0,1.0,0,0,0,1,0,1132,0.0,0,0,0,0.0,0.0
0,0.0,7742,0,0,0,0,0,0,0,6044,0,0,0,0,0,4,0,0,0.0,0,0.0,0,0,0,0,2017.0,1.0,0,0,0,1,0,6166,0.0,0,0,0,0.0,0.0
0,0.0,4419,0,0,0,0,0,0,0,9337,0,0,1,0,0,10,0,1,0.0,0,0.0,0,0,0,0,2003.0,1.0,0,0,0,1,0,6343,0.0,0,0,0,0.0,0.0
0,0.0,3066,0,0,0,0,0,0,0,9337,0,0,0,0,0,9,0,0,1.0,0,0.0,0,0,0,0,2019.0,0.0,0,0,0,1,0,7181,0.0,0,0,0,0.0,0.0
0,0.0,3156,0,0,0,0,0,0,0,9337,0,0,0,0,0,7,0,0,0.0,0,0.0,0,0,0,0,1999.0,1.0,0,0,0,1,0,8515,0.0,0,0,0,0.0,0.0
0,0.0,6948,0,0,0,0,0,0,0,9337,0,0,0,0,0,2,0,0,1.0,0,0.0,0,0,0,0,2017.0,0.0,0,0,0,1,0,8727,0.0,0,0,0,0.0,0.0
0,0.0,3927,0,0,0,0,0,0,0,9337,0,0,0,0,0,1,0,0,0.0,0,0.0,0,0,0,0,1990.0,1.0,0,0,0,1,0,5245,0.0,0,0,0,0.0,0.0
0,0.0,2778,0,0,0,0,0,0,0,9337,0,0,0,0,0,3,0,0,1.0,0,0.0,0,0,0,0,2019.0,0.0,0,0,0,1,0,6194,0.0,0,0,0,0.0,0.0
0,0.0,7816,0,0,0,0,0,0,0,9337,0,0,0,0,0,3,0,0,0.0,0,0.0,0,0,0,0,2012.0,1.0,0,0,0,1,0,5610,0.0,0,0,0,0.0,0.0
0,0.0,6158,0,0,0,0,0,0,0,9337,0,0,0,0,0,2,0,0,1.0,0,0.0,0,0,0,0,2016.0,0.0,0,0,0,1,0,7959,0.0,0,0,0,0.0,0.0
0,0.0,2234,0,0,0,0,0,0,0,9337,0,0,0,0,0,4,0,0,1.0,0,0.0,0,1,0,0,2018.0,0.0,0,0,0,1,0,2450,0.0,0,0,0,0.0,0.0
0,0.0,2487,0,0,0,0,0,0,0,6044,0,0,0,0,0,6,0,0,0.0,0,0.0,0,1,0,0,2017.0,1.0,0,0,0,1,0,6150,0.0,0,0,0,0.0,0.0
0,0.0,7868,0,0,0,0,0,0,0,9337,0,0,0,0,0,8,0,0,1.0,0,0.0,0,0,0,0,2012.0,0.0,0,0,0,1,0,7412,0.0,0,0,0,0.0,0.0
0,0.0,9507,0,0,0,0,0,0,0,9337,0,0,0,0,0,6,0,0,0.0,0,0.0,0,0,0,0,2020.0,1.0,0,0,0,1,0,3808,0.0,0,0,0,0.0,0.0
0,0.0,1231,0,0,0,0,0,0,0,3543,0,0,0,0,0,15,0,0,0.0,0,0.0,0,0,0,0,2019.0,1.0,0,0,0,1,0,5475,0.0,0,0,0,0.0,0.0
0,0.0,1431,0,0,0,0,0,0,0,9337,0,0,0,0,0,5,0,0,1.0,0,0.0,0,0,0,0,2019.0,0.0,0,0,0,1,0,3713,0.0,0,0,0,0.0,0.0
0,0.0,4188,0,0,0,0,0,0,0,9337,0,0,0,0,0,4,0,0,0.0,0,0.0,0,0,0,0,2020.0,1.0,0,0,0,1,0,6650,0.0,0,0,0,0.0,0.0
0,0.0,4551,0,0,0,0,0,0,0,9337,0,0,0,0,0,9,0,0,1.0,0,0.0,0,0,0,0,2019.0,0.0,0,0,0,1,0,4834,0.0,0,0,0,0.0,0.0
0,0.0,4988,0,0,0,0,0,0,0,9337,0,0,0,0,0,6,0,0,0.0,0,0.0,0,0,0,0,2015.0,1.0,0,0,0,1,0,5158,0.0,0,0,0,0.0,0.0
0,0.0,5810,0,0,0,0,0,0,0,9337,0,0,0,0,0,2,0,0,1.0,0,0.0,0,0,0,0,2006.0,0.0,0,0,0,1,0,3041,0.0,0,0,0,0.0,0.0
0,0.0,8281,0,0,0,0,0,0,0,3543,0,0,0,0,0,4,0,0,0.0,0,0.0,0,0,0,0,2016.0,1.0,0,0,0,1,0,2508,0.0,0,0,0,0.0,0.0
0,0.0,5553,0,0,0,0,0,0,0,9337,0,0,0,0,0,2,0,0,0.0,0,0.0,0,0,0,1,2008.0,1.0,0,0,0,1,0,4731,0.0,0,0,0,0.0,0.0
0,0.0,5194,0,0,0,0,0,0,0,9337,0,0,0,0,0,5,0,0,1.0,0,0.0,0,0,0,0,2019.0,0.0,0,0,0,1,0,3713,0.0,0,0,0,0.0,0.0
0,0.0,2913,0,0,0,0,0,0,0,9337,0,0,0,0,0,13,0,1,0.0,0,0.0,0,0,0,0,2015.0,0.0,0,0,0,1,0,6495,0.0,0,0,0,0.0,0.0
0,0.0,6628,0,0,0,0,0,0,0,9337,0,0,0,0,0,2,0,0,1.0,0,0.0,0,0,0,0,2019.0,0.0,0,0,0,1,0,6321,0.0,0,0,0,0.0,0.0
0,0.0,2256,0,0,0,0,0,0,0,9337,0,0,0,0,0,6,0,0,0.0,0,0.0,0,0,0,0,2020.0,1.0,0,0,0,1,0,4112,0.0,0,0,0,0.0,0.0
0,0.0,9046,0,0,0,0,0,0,0,9337,0,0,0,0,0,2,0,0,0.0,0,0.0,0,1,0,0,1997.0,0.0,0,0,0,1,0,8150,0.0,0,0,0,0.0,0.0
0,0.0,5426,0,0,0,0,0,0,0,3543,0,0,0,0,0,5,0,0,0.0,0,0.0,0,0,0,0,2019.0,0.0,0,0,0,1,0,2699,1.0,0,0,0,0.0,0.0
0,0.0,5915,0,0,0,0,0,0,0,6044,0,0,0,0,0,1,0,0,0.0,0,0.0,0,0,0,0,2008.0,0.0,0,0,0,1,0,9827,0.0,0,0,0,0.0,0.0
0,0.0,8517,0,0,0,0,0,0,0,6044,0,0,0,0,0,2,0,0,1.0,0,0.0,0,1,0,0,2012.0,0.0,0,0,0,1,0,6245,0.0,0,0,0,0.0,0.0
0,0.0,2380,0,0,0,0,0,0,0,6044,0,0,0,0,0,2,0,0,1.0,0,0.0,0,0,0,0,2013.0,0.0,0,0,0,1,0,3174,0.0,0,0,0,0.0,0.0
0,0.0,2056,0,0,0,0,0,0,0,9337,0,0,0,0,0,10,0,0,1.0,0,0.0,0,0,0,0,2019.0,0.0,0,0,0,1,0,6108,0.0,0,0,0,0.0,0.0
0,0.0,5539,0,0,0,0,0,0,0,9337,0,0,0,0,0,6,0,0,0.0,0,0.0,0,0,0,0,2015.0,1.0,0,0,0,1,0,5499,0.0,0,0,0,0.0,0.0
0,0.0,2049,0,0,0,0,0,0,0,9337,0,0,0,0,0,3,0,0,1.0,0,0.0,0,0,0,0,2019.0,0.0,0,0,0,1,0,2450,0.0,0,0,0,0.0,0.0
0,0.0,2363,0,0,0,0,0,0,0,9337,0,0,0,0,0,4,0,0,1.0,0,0.0,0,0,0,0,2016.0,0.0,0,0,0,1,0,3260,0.0,0,0,0,0.0,0.0
0,0.0,9101,0,0,0,0,0,0,0,3543,0,0,0,0,0,7,0,0,0.0,0,0.0,0,0,0,0,2015.0,0.0,0,0,0,1,0,9773,1.0,0,0,0,0.0,0.0
0,0.0,6866,0,0,0,0,0,0,0,9337,0,0,0,0,0,15,0,0,0.0,0,0.0,0,0,0,0,2019.0,1.0,0,0,0,1,0,5475,0.0,0,0,0,0.0,0.0
0,0.0,1680,0,0,0,0,0,0,0,9337,0,0,0,0,0,5,0,0,0.0,0,0.0,0,0,0,0,2019.0,1.0,0,0,0,1,0,3208,0.0,0,0,0,0.0,0.0
0,0.0,8299,0,0,0,0,0,0,0,6044,0,0,0,0,0,3,0,0,1.0,0,0.0,0,0,0,0,2019.0,0.0,0,0,0,1,0,9813,0.0,0,0,0,0.0,0.0
0,0.0,8240,0,0,0,0,0,0,0,3300,0,0,0,0,0,2,0,0,0.0,0,0.0,0,0,0,0,2016.0,0.0,0,0,0,1,0,9045,0.0,0,0,0,0.0,0.0
0,0.0,5785,0,0,0,0,0,0,0,9337,0,0,0,0,0,2,0,0,0.0,0,0.0,0,0,0,0,2018.0,0.0,0,0,0,1,0,2727,1.0,0,0,0,0.0,0.0
0,0.0,2533,0,0,0,0,0,0,0,6044,0,0,0,0,0,2,0,0,1.0,0,0.0,0,0,0,0,2019.0,0.0,0,0,0,1,0,3616,0.0,0,0,0,0.0,0.0
0,0.0,2002,0,0,0,0,0,0,0,9337,0,0,0,0,0,5,0,0,0.0,0,0.0,0,0,0,0,2006.0,1.0,0,0,0,1,0,7058,0.0,0,0,0,0.0,0.0
0,0.0,5626,0,0,0,0,0,0,0,9337,0,0,0,0,0,2,0,0,0.0,0,0.0,0,0,0,0,2018.0,0.0,0,0,0,1,0,2727,1.0,0,0,0,0.0,0.0
0,0.0,1155,0,0,0,0,0,0,0,9337,0,0,0,0,0,6,0,0,1.0,0,0.0,0,0,0,0,2018.0,0.0,0,0,0,1,0,8051,0.0,0,0,0,0.0,0.0
0,0.0,5491,0,0,0,0,0,0,0,9337,0,0,0,0,0,5,0,0,1.0,0,0.0,0,0,0,0,2019.0,0.0,0,0,0,1,0,3713,0.0,0,0,0,0.0,0.0
0,0.0,5381,0,0,0,0,0,0,0,9337,0,0,0,0,0,6,0,1,1.0,0,0.0,0,0,0,0,2017.0,0.0,0,0,0,1,0,9494,0.0,0,0,0,0.0,0.0
0,0.0,3688,0,0,0,0,0,0,0,3543,0,0,0,0,0,2,0,0,0.0,0,0.0,0,0,0,1,2014.0,0.0,0,0,0,1,0,9226,0.0,0,0,0,0.0,0.0
0,0.0,3945,0,0,0,0,0,0,0,9337,0,0,0,0,0,4,0,0,1.0,0,0.0,0,0,0,0,2016.0,0.0,0,0,0,1,0,3256,0.0,0,0,0,0.0,0.0
0,0.0,1775,0,0,0,0,0,0,0,9337,0,0,0,0,0,6,0,0,1.0,0,0.0,0,0,0,0,2018.0,0.0,0,0,0,1,0,9309,0.0,0,0,0,0.0,0.0
0,0.0,1860,0,0,0,0,0,0,0,6044,0,0,0,0,0,2,0,0,1.0,0,0.0,0,0,0,0,2017.0,0.0,0,0,0,1,0,2864,0.0,0,0,0,0.0,0.0
0,0.0,6070,0,0,0,0,0,0,0,6470,0,0,0,0,0,4,0,0,1.0,0,0.0,0,0,0,0,2018.0,0.0,0,0,0,1,0,5666,0.0,0,0,0,0.0,0.0
0,0.0,3831,0,0,0,0,0,0,0,9337,0,0,0,0,0,5,0,0,1.0,0,0.0,0,0,0,0,2019.0,0.0,0,0,0,1,0,3713,0.0,0,0,0,0.0,0.0
0,0.0,9728,0,0,0,0,0,0,0,9337,0,0,0,0,0,4,0,0,1.0,0,0.0,0,1,0,0,2018.0,0.0,0,0,0,1,0,2128,0.0,0,0,0,0.0,0.0
0,0.0,5068,0,0,0,0,0,0,0,6044,0,0,0,0,0,3,0,0,1.0,0,0.0,0,0,0,0,2019.0,0.0,0,0,0,1,0,4603,0.0,0,0,0,0.0,0.0
0,0.0,3667,0,0,0,0,0,0,0,9337,0,0,0,0,0,2,0,0,0.0,0,0.0,0,0,0,0,1990.0,1.0,0,0,0,1,0,8150,0.0,0,0,0,0.0,0.0
0,0.0,1885,0,0,0,0,0,0,0,9337,0,0,0,0,0,9,0,0,1.0,0,0.0,0,0,0,0,2019.0,0.0,0,0,0,1,0,7620,0.0,0,0,0,0.0,0.0
0,0.0,6075,0,0,0,0,0,0,0,6044,0,0,0,0,0,4,0,0,0.0,0,0.0,0,0,0,0,2018.0,0.0,0,0,0,1,0,1647,0.0,0,0,0,0.0,0.0
0,0.0,5450,0,0,0,0,0,0,0,9337,0,0,0,0,0,8,0,0,0.0,0,0.0,0,0,0,0,2016.0,1.0,0,0,0,1,0,6056,0.0,0,0,0,0.0,0.0
0,0.0,5433,0,0,0,0,0,0,0,6044,0,0,0,0,0,5,0,0,0.0,0,0.0,0,0,0,0,2016.0,1.0,0,0,0,1,0,5109,0.0,0,0,0,0.0,0.0
0,0.0,9052,0,0,0,0,0,0,0,6044,0,0,0,0,0,3,0,1,1.0,0,0.0,0,0,0,0,2015.0,0.0,0,0,0,1,0,4171,0.0,0,0,0,0.0,0.0
0,0.0,5565,0,0,0,0,0,0,0,6044,0,0,0,0,0,10,0,0,0.0,0,0.0,0,0,0,1,1992.0,0.0,0,0,0,1,0,9431,0.0,0,0,0,0.0,0.0
0,0.0,7729,0,0,0,0,0,0,0,3543,0,0,0,0,0,4,0,0,0.0,0,0.0,0,0,0,0,2016.0,1.0,0,0,0,1,0,6437,0.0,0,0,0,0.0,0.0
0,0.0,8842,0,0,0,0,0,0,0,3543,0,0,0,0,0,3,0,0,0.0,0,0.0,0,0,0,0,2017.0,1.0,0,0,0,1,0,1385,0.0,0,0,0,0.0,0.0
0,0.0,2142,0,0,0,0,0,0,0,3543,0,0,0,0,0,12,0,0,0.0,0,0.0,0,0,0,0,2017.0,1.0,0,0,0,1,1,2401,0.0,0,0,0,0.0,0.0
0,0.0,4525,0,0,0,0,0,0,0,6044,0,0,0,0,0,9,0,0,1.0,0,0.0,0,0,0,0,2020.0,0.0,0,0,0,1,0,9344,0.0,0,0,0,0.0,0.0
0,0.0,7200,0,0,0,0,0,0,0,9337,0,0,0,0,0,8,0,0,0.0,0,0.0,0,0,0,0,2019.0,1.0,0,0,0,1,0,1151,0.0,0,0,0,0.0,0.0
0,0.0,8006,0,0,0,0,0,0,0,9337,0,0,0,0,0,7,0,0,0.0,0,0.0,0,0,0,0,2018.0,1.0,0,0,0,1,0,4301,0.0,0,0,0,0.0,0.0
0,0.0,6613,0,0,0,0,0,0,0,9337,0,0,0,0,0,4,0,0,0.0,0,0.0,0,0,0,0,2018.0,0.0,0,0,0,1,0,2521,0.0,0,0,0,0.0,0.0
0,0.0,9517,0,0,0,0,0,0,0,6044,0,0,0,0,0,9,0,0,1.0,0,0.0,0,0,0,0,2020.0,0.0,0,0,0,1,0,9344,0.0,0,0,0,0.0,0.0
0,0.0,6355,0,0,0,0,0,0,0,9337,0,0,0,0,0,5,0,0,1.0,0,0.0,0,0,0,0,2019.0,0.0,0,0,0,1,0,3713,0.0,0,0,0,0.0,0.0
0,0.0,3087,0,0,0,0,0,0,0,3543,0,0,0,0,0,12,0,0,0.0,0,0.0,0,0,0,0,2017.0,1.0,0,0,0,1,1,2975,0.0,0,0,0,0.0,0.0
0,0.0,3719,0,0,0,0,0,0,0,9337,0,0,0,0,0,2,0,0,1.0,0,0.0,0,0,0,0,2019.0,0.0,0,0,0,1,0,7162,0.0,0,0,0,0.0,0.0
0,0.0,4262,0,0,0,0,0,0,0,6044,0,0,0,0,0,2,0,0,1.0,0,0.0,0,0,0,0,2013.0,0.0,0,0,0,1,0,7935,0.0,0,0,0,0.0,0.0
0,0.0,5824,0,0,0,0,0,0,0,6044,0,0,0,0,0,4,0,0,0.0,0,0.0,0,0,0,0,2007.0,1.0,0,0,0,1,0,8701,0.0,0,0,0,0.0,0.0
0,0.0,2725,0,0,0,0,0,0,0,6044,0,0,0,0,1,10,0,0,0.0,0,0.0,0,0,0,1,1977.0,0.0,0,0,0,1,0,6171,1.0,0,0,0,0.0,0.0
0,0.0,5751,0,0,0,0,0,0,0,6044,0,0,0,0,0,9,0,0,1.0,0,0.0,0,0,0,0,2020.0,0.0,0,0,0,1,0,9344,0.0,0,0,0,0.0,0.0
0,0.0,4582,0,0,0,0,0,0,0,9337,0,0,0,0,0,6,0,0,0.0,0,0.0,0,0,0,0,1998.0,0.0,0,0,0,1,0,1101,1.0,0,0,0,0.0,0.0
0,0.0,5238,0,0,0,0,0,0,0,9337,0,0,0,0,0,4,0,0,0.0,0,0.0,0,1,0,0,2017.0,1.0,0,0,0,1,0,3142,0.0,0,0,0,0.0,0.0
0,0.0,1676,0,0,0,0,0,0,0,9337,0,0,0,0,0,1,0,0,0.0,0,0.0,0,0,0,0,2014.0,0.0,0,0,0,1,0,9591,0.0,0,0,0,0.0,0.0
0,0.0,5033,0,0,0,0,0,0,0,3654,0,0,0,0,0,1,0,0,1.0,0,0.0,0,0,0,0,2019.0,0.0,0,1,0,1,1,1343,0.0,0,0,0,0.0,0.0
0,0.0,6972,0,0,0,0,0,0,0,3654,0,0,0,0,0,1,0,0,1.0,0,0.0,0,0,0,0,2019.0,0.0,0,1,0,1,1,1343,0.0,0,0,0,0.0,0.0
0,0.0,1170,0,0,0,0,0,0,0,9337,0,0,0,0,0,9,0,0,1.0,0,0.0,0,0,0,0,2019.0,0.0,0,0,0,1,0,1190,0.0,0,0,0,0.0,0.0
0,0.0,3272,0,0,0,0,0,0,0,9337,0,0,0,0,0,9,0,0,1.0,0,0.0,0,0,0,0,2019.0,0.0,0,0,0,1,0,2951,0.0,0,0,0,0.0,0.0
0,0.0,7437,0,0,0,0,0,0,0,1856,0,0,0,0,0,3,0,0,1.0,0,0.0,0,0,0,0,2020.0,0.0,0,0,0,1,1,4918,0.0,0,0,0,0.0,0.0
0,0.0,7320,0,0,0,0,0,0,0,9337,0,0,0,0,0,7,0,0,1.0,0,0.0,0,0,0,0,2019.0,0.0,0,0,0,1,0,2464,0.0,0,0,0,0.0,0.0
0,0.0,3707,0,0,0,0,0,0,0,6044,0,0,0,0,0,2,0,0,1.0,0,0.0,0,0,0,0,2018.0,0.0,0,0,0,1,0,9873,0.0,0,0,0,0.0,0.0
0,0.0,8320,0,0,0,0,0,0,0,9337,0,0,0,0,0,6,0,0,0.0,0,0.0,0,0,0,0,2015.0,1.0,0,0,0,1,0,4770,0.0,0,0,0,0.0,0.0
0,0.0,5519,0,0,0,0,0,0,0,3944,0,0,0,0,0,7,0,0,1.0,0,0.0,0,0,0,0,2019.0,0.0,0,0,0,1,0,5294,0.0,0,0,0,0.0,0.0
0,0.0,1073,0,0,0,0,0,0,0,6044,0,0,0,0,0,2,0,0,1.0,0,0.0,0,0,0,0,2012.0,0.0,0,0,0,1,0,4894,0.0,0,0,0,0.0,0.0
0,0.0,5304,0,0,0,0,0,0,0,9337,0,0,0,0,0,5,0,0,1.0,0,0.0,0,0,0,0,2019.0,0.0,0,0,0,1,0,3713,0.0,0,0,0,0.0,0.0
0,0.0,5751,0,0,0,0,0,0,0,6044,0,0,0,0,0,9,0,0,1.0,0,0.0,0,0,0,0,2020.0,0.0,0,0,0,1,0,9344,0.0,0,0,0,0.0,0.0
0,0.0,2363,0,0,0,0,0,0,0,9337,0,0,0,0,0,4,0,0,1.0,0,0.0,0,0,0,0,2016.0,0.0,0,0,0,1,0,6928,0.0,0,0,0,0.0,0.0
0,0.0,6607,0,0,0,0,0,0,0,9337,0,0,0,0,0,2,0,0,1.0,0,0.0,0,0,0,0,2006.0,0.0,0,0,0,1,0,4852,0.0,0,0,0,0.0,0.0
0,0.0,9818,0,0,0,0,0,0,0,3543,0,0,0,0,0,3,0,0,1.0,0,0.0,0,1,0,0,2019.0,0.0,0,0,0,1,0,9426,0.0,0,0,0,0.0,0.0
0,0.0,2107,0,0,0,0,0,0,0,3543,0,0,0,0,0,15,0,0,0.0,0,0.0,0,0,0,0,2019.0,1.0,0,0,0,1,0,5475,0.0,0,0,0,0.0,0.0
0,0.0,1129,0,0,0,0,0,0,0,9337,0,0,0,0,0,2,0,0,0.0,0,0.0,0,0,0,0,1990.0,1.0,0,0,0,1,0,3171,0.0,0,0,0,0.0,0.0
0,0.0,6685,0,0,0,0,0,0,0,9337,0,0,0,0,0,6,0,0,0.0,0,0.0,0,0,0,0,2015.0,1.0,0,0,0,1,0,5424,0.0,0,0,0,0.0,0.0
0,0.0,3848,0,0,0,0,0,0,0,9337,1,0,0,0,0,6,0,0,0.0,0,0.0,0,0,0,0,2002.0,1.0,0,0,0,1,1,9676,0.0,0,0,0,0.0,0.0
0,0.0,6127,0,0,0,0,0,0,0,9337,0,0,0,0,0,1,0,0,0.0,0,0.0,0,0,0,0,2003.0,1.0,0,0,0,1,0,1641,0.0,0,0,0,0.0,0.0
0,0.0,8304,0,0,0,0,0,0,0,6044,0,0,0,0,0,4,0,0,0.0,0,0.0,0,0,0,0,2017.0,1.0,0,0,0,1,0,8264,0.0,0,0,0,0.0,0.0
0,0.0,1860,0,0,0,0,0,0,0,6044,0,0,0,0,0,2,0,0,1.0,0,0.0,0,0,0,0,2017.0,0.0,0,0,0,1,0,2864,0.0,0,0,0,0.0,0.0
0,0.0,5740,0,0,0,0,0,0,0,9337,0,0,0,0,0,4,0,0,1.0,0,0.0,0,0,0,0,2016.0,0.0,0,0,0,1,0,7272,0.0,0,0,0,0.0,0.0
0,0.0,7987,0,0,0,0,1,0,0,9337,0,0,0,0,0,15,0,0,0.0,0,0.0,0,0,0,0,2017.0,1.0,0,0,0,1,0,4366,0.0,0,0,0,0.0,0.0
0,0.0,6013,0,0,0,0,0,0,0,9337,0,0,0,0,0,4,0,0,0.0,0,0.0,0,0,0,0,2013.0,0.0,1,0,0,1,0,2951,0.0,0,0,0,0.0,0.0
0,0.0,3620,0,0,0,0,0,0,0,9337,0,0,0,0,0,8,0,0,0.0,0,0.0,0,0,0,0,2018.0,0.0,0,0,0,1,0,7797,0.0,0,0,0,0.0,0.0
0,0.0,6276,0,0,0,0,0,0,0,9337,0,0,0,0,0,4,0,0,0.0,0,0.0,0,0,0,0,2007.0,1.0,0,0,0,1,0,5471,0.0,0,0,0,0.0,0.0
0,0.0,4691,0,0,0,0,0,0,0,9337,0,0,0,0,0,7,0,0,0.0,0,0.0,0,0,0,0,2018.0,1.0,0,0,0,1,0,2431,0.0,0,0,0,0.0,0.0
0,0.0,7907,0,0,0,0,0,0,0,3543,0,0,0,0,0,4,0,0,0.0,0,0.0,0,0,0,0,2016.0,1.0,0,0,0,1,0,1278,0.0,0,0,0,0.0,0.0
0,0.0,4786,0,0,0,0,0,0,0,9337,0,0,0,0,0,6,0,0,1.0,0,0.0,0,0,0,0,2018.0,0.0,0,0,0,1,0,6178,0.0,0,0,0,0.0,0.0
0,0.0,1811,0,0,0,0,0,0,0,9337,0,0,0,0,0,8,0,0,0.0,0,0.0,0,0,0,0,2016.0,1.0,0,0,0,1,0,1036,0.0,0,0,0,0.0,0.0
0,0.0,8842,0,0,0,0,0,0,0,9337,0,0,0,0,0,5,0,0,1.0,0,0.0,0,0,0,0,2019.0,0.0,0,0,0,1,0,3713,0.0,0,0,0,0.0,0.0
0,0.0,9611,0,0,0,0,0,0,0,9337,0,0,0,0,0,9,0,0,1.0,0,0.0,0,0,0,0,2019.0,0.0,0,0,0,1,0,7529,0.0,0,0,0,0.0,0.0
0,0.0,4551,0,0,0,0,0,0,0,9337,0,0,0,0,0,9,0,0,1.0,0,0.0,0,0,0,0,2019.0,0.0,0,0,0,1,0,4834,0.0,0,0,0,0.0,0.0
0,0.0,6196,0,0,0,0,0,0,0,3543,0,0,0,0,0,12,0,0,0.0,0,0.0,0,0,0,0,2017.0,1.0,0,0,0,1,1,6108,0.0,0,0,0,0.0,0.0
0,0.0,2917,0,0,0,0,0,0,0,9337,0,0,0,0,0,15,0,0,0.0,0,0.0,0,0,0,0,2019.0,1.0,0,0,0,1,0,5475,0.0,0,0,0,0.0,0.0
0,0.0,4822,0,0,0,0,0,0,0,9337,0,0,0,0,0,2,0,0,0.0,0,0.0,0,0,0,0,1990.0,1.0,0,0,0,1,0,2118,0.0,0,0,0,0.0,0.0
0,0.0,9201,0,0,0,0,0,0,0,6044,0,0,0,0,0,4,0,0,0.0,0,0.0,0,0,0,1,2015.0,0.0,0,0,0,1,0,8000,0.0,0,0,0,0.0,0.0
0,0.0,5565,0,0,0,0,0,0,0,6044,0,0,0,0,0,10,0,0,0.0,0,0.0,0,0,0,1,1992.0,0.0,0,0,0,1,0,1190,0.0,0,0,0,0.0,0.0
0,0.0,8517,0,0,0,0,0,0,0,9337,0,0,0,0,0,4,0,0,1.0,0,0.0,0,1,0,0,2018.0,0.0,0,0,0,1,0,8961,0.0,0,0,0,0.0,0.0
0,0.0,4091,0,0,0,0,0,0,0,9337,0,0,0,0,0,4,0,0,0.0,0,0.0,0,0,0,1,2015.0,0.0,0,0,0,1,0,1521,0.0,0,0,0,0.0,0.0
0,0.0,9702,0,0,0,0,0,0,0,9337,0,0,0,0,0,7,0,0,0.0,0,0.0,0,0,0,0,2018.0,1.0,0,0,0,1,0,2137,0.0,0,0,0,0.0,0.0
0,0.0,9010,0,0,0,0,0,0,0,6044,0,0,0,0,0,5,0,0,1.0,0,0.0,0,0,0,0,2017.0,0.0,0,0,0,1,0,8289,0.0,0,0,0,0.0,0.0
0,0.0,6032,0,0,0,0,0,0,0,6044,0,0,0,0,0,4,0,0,0.0,0,0.0,0,0,0,0,2007.0,1.0,0,0,0,1,0,7971,0.0,0,0,0,0.0,0.0
0,0.0,6696,0,0,0,0,0,0,0,6044,0,0,0,0,0,10,0,0,0.0,0,0.0,0,0,0,1,1992.0,0.0,0,0,0,1,0,5456,0.0,0,0,0,0.0,0.0
0,0.0,5314,0,0,0,0,0,0,0,9337,0,0,0,0,0,8,0,0,0.0,0,0.0,0,0,0,0,2019.0,1.0,0,0,0,1,0,1151,0.0,0,0,0,0.0,0.0
0,0.0,9432,0,0,0,0,0,0,0,9337,0,0,0,0,0,5,0,0,0.0,0,0.0,0,0,0,0,2019.0,1.0,0,0,0,1,0,8299,0.0,0,0,0,0.0,0.0
0,0.0,4461,0,0,0,0,0,0,0,9337,0,0,0,0,0,15,0,0,0.0,0,0.0,0,0,0,0,2019.0,1.0,0,0,0,1,0,5475,0.0,0,0,0,0.0,0.0
0,0.0,3087,0,0,0,0,0,0,0,9337,0,0,0,0,0,12,0,0,0.0,0,0.0,0,0,0,0,2017.0,1.0,0,0,0,1,1,6087,0.0,0,0,0,0.0,0.0
0,0.0,9863,0,0,0,0,0,0,0,6044,0,0,0,0,0,2,0,0,1.0,0,0.0,0,0,0,0,2017.0,0.0,0,0,0,1,0,2151,0.0,0,0,0,0.0,0.0
0,0.0,2847,0,0,0,0,0,0,0,3543,0,0,0,0,0,13,0,0,0.0,0,0.0,0,0,0,0,2019.0,1.0,0,0,0,1,0,6337,0.0,0,0,0,0.0,0.0
0,0.0,4019,0,0,0,0,0,0,0,6044,0,0,0,0,0,3,0,0,0.0,0,0.0,0,0,0,0,2011.0,1.0,0,0,0,1,0,2449,0.0,0,0,0,0.0,0.0
0,0.0,6726,0,0,0,0,0,0,0,9337,0,0,0,0,0,2,0,0,0.0,0,0.0,0,0,0,0,1990.0,1.0,0,0,0,1,0,7475,0.0,0,0,0,0.0,0.0
0,0.0,8293,0,0,0,0,0,0,0,9337,0,0,0,0,0,5,0,0,1.0,0,0.0,0,0,0,0,2019.0,0.0,0,0,0,1,0,3713,0.0,0,0,0,0.0,0.0
0,0.0,3310,0,0,0,0,0,0,0,3543,0,0,0,0,0,3,0,0,0.0,0,0.0,0,0,0,0,2017.0,1.0,0,0,0,1,0,4713,0.0,0,0,0,0.0,0.0
0,0.0,5995,0,0,0,0,0,0,0,9337,0,0,0,0,0,8,0,0,0.0,0,0.0,0,0,0,0,2016.0,1.0,0,0,0,1,0,8299,0.0,0,0,0,0.0,0.0
0,0.0,9818,0,0,0,0,0,0,0,3543,0,0,0,0,0,3,0,0,1.0,0,0.0,0,1,0,0,2019.0,0.0,0,0,0,1,0,9426,0.0,0,0,0,0.0,0.0
0,0.0,7816,0,0,0,0,0,0,0,9337,0,0,0,0,0,3,0,0,0.0,0,0.0,0,0,0,0,2012.0,1.0,0,0,0,1,0,5610,0.0,0,0,0,0.0,0.0
0,0.0,4930,0,0,0,0,0,0,0,9337,0,0,0,0,0,3,0,0,1.0,0,0.0,0,0,0,0,2019.0,0.0,0,0,0,1,0,2450,0.0,0,0,0,0.0,0.0
0,0.0,7826,0,0,0,0,0,0,0,9337,0,0,0,0,0,13,0,1,0.0,0,0.0,0,0,0,0,2015.0,0.0,0,0,0,1,0,9362,0.0,0,0,0,0.0,0.0
0,0.0,4896,0,0,0,0,0,0,0,9337,0,0,0,0,0,2,0,0,0.0,0,0.0,0,0,0,0,2018.0,0.0,0,0,0,1,0,9597,1.0,0,0,0,0.0,0.0
0,0.0,2085,0,0,0,0,0,0,0,9337,0,0,0,0,0,4,0,0,1.0,0,0.0,0,0,0,0,2020.0,0.0,0,0,0,1,0,1944,0.0,0,0,0,0.0,0.0
0,0.0,5525,0,0,0,0,0,0,0,6044,0,0,0,0,0,1,0,0,0.0,0,0.0,0,0,0,0,2013.0,0.0,0,0,0,1,0,9585,0.0,0,0,0,0.0,0.0
0,0.0,3600,0,0,0,0,0,0,0,9337,0,0,0,0,0,7,0,0,0.0,0,0.0,0,0,0,0,1999.0,1.0,0,0,0,1,0,6612,0.0,0,0,0,0.0,0.0
0,0.0,1614,0,0,0,0,0,0,0,6044,0,0,0,0,0,4,0,0,0.0,0,0.0,0,1,0,0,2017.0,0.0,0,0,0,1,0,3524,0.0,0,0,0,0.0,0.0
0,0.0,2395,0,0,0,0,0,0,0,6044,0,0,0,0,0,3,0,0,0.0,0,0.0,0,0,0,0,2011.0,1.0,0,0,0,1,0,5471,0.0,0,0,0,0.0,0.0
0,0.0,2237,0,0,0,0,0,0,0,9337,0,0,0,0,0,9,0,0,1.0,0,0.0,0,0,0,0,2019.0,0.0,0,0,0,1,0,5803,0.0,0,0,0,0.0,0.0
0,0.0,3710,0,0,0,0,0,0,0,6044,0,0,0,0,0,2,0,0,1.0,0,0.0,0,0,0,0,2019.0,0.0,0,0,0,1,0,7061,0.0,0,0,0,0.0,0.0
0,0.0,3480,0,0,0,0,0,0,0,6044,0,0,0,0,0,5,0,0,1.0,0,0.0,0,0,0,1,2019.0,0.0,0,0,0,1,0,5335,0.0,0,0,0,0.0,0.0
0,0.0,4930,0,0,0,0,0,0,0,9337,0,0,0,0,0,3,0,0,1.0,0,0.0,0,0,0,0,2019.0,0.0,0,0,0,1,0,2450,0.0,0,0,0,0.0,0.0
0,0.0,8415,0,0,0,0,0,0,0,6044,0,0,0,0,0,4,0,0,0.0,0,0.0,0,0,0,0,2018.0,0.0,0,0,0,1,0,9415,0.0,0,0,0,0.0,0.0
0,0.0,4037,0,0,0,0,0,0,0,3543,0,0,0,0,0,4,0,0,0.0,0,0.0,0,0,0,0,2016.0,1.0,0,0,0,1,0,9415,0.0,0,0,0,0.0,0.0
0,0.0,1604,0,0,0,0,0,0,0,6044,0,0,0,0,0,4,0,0,0.0,0,0.0,0,0,0,0,2018.0,0.0,0,0,0,1,0,6906,0.0,0,0,0,0.0,0.0
0,0.0,5157,0,0,0,0,0,0,0,9337,0,0,0,0,0,3,0,0,1.0,0,0.0,0,0,0,0,2019.0,0.0,0,0,0,1,0,8123,0.0,0,0,0,0.0,0.0
0,0.0,9174,0,0,0,0,0,0,0,9337,0,0,0,0,0,6,0,0,0.0,0,0.0,0,0,0,0,2017.0,0.0,0,0,0,1,0,2349,0.0,0,0,0,0.0,0.0
0,0.0,8415,0,0,0,0,0,0,0,6044,0,0,0,0,0,4,0,0,0.0,0,0.0,0,0,0,0,2018.0,0.0,0,0,0,1,0,9415,0.0,0,0,0,0.0,0.0
0,0.0,6335,0,0,0,0,0,0,0,6044,0,0,0,0,0,6,0,0,0.0,0,0.0,0,1,0,0,2017.0,1.0,0,0,0,1,0,6150,0.0,0,0,0,0.0,0.0
0,0.0,8536,0,0,0,0,0,0,0,6044,0,0,0,0,0,2,0,0,1.0,0,0.0,0,0,0,0,2012.0,0.0,0,0,0,1,0,2461,0.0,0,0,0,0.0,0.0
0,0.0,9090,0,0,0,0,0,0,0,9337,0,0,0,0,0,5,0,0,0.0,0,0.0,0,0,0,0,2019.0,1.0,0,0,0,1,0,9380,0.0,0,0,0,0.0,0.0
0,0.0,2263,0,0,0,0,0,0,0,9337,0,0,0,0,0,7,0,0,0.0,0,0.0,0,0,0,0,2020.0,1.0,0,0,0,1,0,3209,0.0,0,0,0,0.0,0.0
0,0.0,1703,0,0,0,0,0,0,0,6044,0,0,0,0,0,5,0,0,1.0,0,0.0,0,0,0,0,2017.0,0.0,0,0,0,1,0,7129,0.0,0,0,0,0.0,0.0
0,0.0,2710,0,0,0,0,0,0,0,9337,0,0,0,0,0,3,0,0,0.0,0,0.0,0,0,0,0,2018.0,1.0,0,0,0,1,0,2756,0.0,0,0,0,0.0,0.0
0,0.0,2287,0,0,0,0,0,0,0,9337,0,0,0,0,0,6,0,0,0.0,0,0.0,0,0,0,0,2015.0,1.0,0,0,0,1,0,4685,0.0,0,0,0,0.0,0.0
0,0.0,4374,0,0,0,0,0,0,0,6044,0,0,0,0,0,5,0,0,1.0,0,0.0,0,0,0,0,2017.0,0.0,0,0,0,1,0,4347,0.0,0,0,0,0.0,0.0
0,0.0,9912,0,0,0,0,0,0,0,9337,0,0,0,0,0,3,0,0,0.0,0,0.0,0,0,0,0,2019.0,0.0,0,0,0,1,0,7962,0.0,0,0,0,0.0,0.0
0,0.0,2292,0,0,0,0,0,0,0,6044,0,0,0,0,0,2,0,0,0.0,0,0.0,0,1,0,0,2019.0,0.0,0,0,0,1,0,8327,1.0,0,0,0,0.0,0.0
0,0.0,7131,0,0,0,0,0,0,0,6044,0,0,0,0,0,2,0,0,1.0,0,0.0,0,0,0,0,2012.0,0.0,0,0,0,1,0,5052,0.0,0,0,0,0.0,0.0
0,0.0,2529,0,0,0,0,0,0,0,3543,0,0,0,0,0,3,0,0,1.0,0,0.0,0,0,0,0,2016.0,0.0,0,0,0,1,0,1602,0.0,0,0,0,0.0,0.0
0,0.0,9257,0,0,0,0,0,0,0,6044,0,0,0,0,0,6,0,0,0.0,0,0.0,0,1,0,0,2017.0,1.0,0,0,0,1,0,6150,0.0,0,0,0,0.0,0.0
0,0.0,6978,0,0,0,0,0,0,0,9337,0,0,0,0,0,3,0,0,0.0,0,0.0,0,0,0,0,2018.0,1.0,0,0,0,1,0,3017,0.0,0,0,0,0.0,0.0
0,0.0,4413,0,0,0,0,0,0,0,6044,0,0,0,0,0,4,0,0,1.0,0,0.0,0,0,0,0,2020.0,0.0,0,0,0,1,0,7519,0.0,0,0,0,0.0,0.0
0,0.0,6090,0,0,0,0,0,0,0,9337,0,0,0,0,0,7,0,0,0.0,0,0.0,0,0,0,0,2006.0,1.0,0,0,0,1,0,8983,0.0,0,0,0,0.0,0.0
0,0.0,7480,0,0,0,0,0,0,0,9337,0,0,0,0,0,7,0,0,1.0,0,0.0,0,0,0,0,2019.0,0.0,0,0,0,1,0,3589,0.0,0,0,0,0.0,0.0
0,0.0,7729,0,0,0,0,0,0,0,3543,0,0,0,0,0,4,0,0,0.0,0,0.0,0,0,0,0,2016.0,1.0,0,0,0,1,0,6437,0.0,0,0,0,0.0,0.0
0,0.0,3416,0,0,0,0,0,0,0,9337,0,0,0,0,0,7,0,0,0.0,0,0.0,0,0,0,0,2015.0,1.0,0,0,0,1,0,2616,0.0,0,0,0,0.0,0.0
0,0.0,1268,0,0,0,0,0,0,0,6044,0,0,0,0,0,2,0,0,1.0,0,0.0,0,0,0,0,2012.0,0.0,0,0,0,1,0,7169,0.0,0,0,0,0.0,0.0
0,0.0,7151,0,0,0,0,0,0,0,3543,0,0,0,0,0,5,0,0,0.0,0,0.0,0,0,0,0,2015.0,1.0,0,0,0,1,0,7735,0.0,0,0,0,0.0,0.0
0,0.0,7851,0,0,0,0,0,0,0,3543,0,0,0,0,0,7,0,0,0.0,0,0.0,0,0,0,0,2015.0,0.0,0,0,0,1,0,2788,1.0,0,0,0,0.0,0.0
0,0.0,1709,0,0,0,0,0,0,0,9337,0,0,0,0,0,2,0,0,1.0,0,0.0,0,0,0,0,2018.0,0.0,0,0,0,1,0,5359,0.0,0,0,0,0.0,0.0
0,0.0,7115,0,0,0,0,0,0,0,9337,0,0,0,0,0,9,0,0,1.0,0,0.0,0,0,0,0,2019.0,0.0,0,0,0,1,0,6244,0.0,0,0,0,0.0,0.0
0,0.0,9407,0,0,0,0,0,0,0,9337,0,0,0,0,0,5,0,0,0.0,0,0.0,0,0,0,0,2015.0,1.0,0,0,0,1,0,5104,0.0,0,0,0,0.0,0.0
0,0.0,4073,0,0,0,0,0,0,0,9337,0,0,0,0,0,8,0,0,0.0,0,0.0,0,0,0,0,2019.0,1.0,0,0,0,1,0,1151,0.0,0,0,0,0.0,0.0
0,0.0,3591,0,0,0,0,0,0,0,9337,0,0,0,0,0,5,0,0,0.0,0,0.0,0,0,0,0,2019.0,1.0,0,0,0,1,0,3565,0.0,0,0,0,0.0,0.0
0,0.0,7963,0,0,0,0,0,0,0,9337,0,0,0,0,0,5,0,0,1.0,0,0.0,0,0,0,0,2019.0,0.0,0,0,0,1,0,3713,0.0,0,0,0,0.0,0.0
0,0.0,4608,0,0,0,0,0,0,0,6044,0,0,0,0,0,9,0,0,1.0,0,0.0,0,0,0,0,2020.0,0.0,0,0,0,1,0,9344,0.0,0,0,0,0.0,0.0
0,0.0,2683,0,0,0,0,0,0,0,9337,0,0,0,0,0,4,0,0,1.0,0,0.0,0,0,0,0,2018.0,0.0,0,0,0,1,0,2217,0.0,0,0,0,0.0,0.0
0,0.0,8759,0,0,0,0,0,0,0,9337,0,0,0,0,0,3,0,0,1.0,0,0.0,0,0,0,0,2019.0,0.0,0,0,0,1,0,9749,0.0,0,0,0,0.0,0.0
0,0.0,5129,0,0,0,0,0,0,0,9337,0,0,0,0,0,9,0,0,0.0,0,0.0,0,0,0,0,2012.0,1.0,0,0,0,1,0,4378,0.0,0,0,0,0.0,0.0
0,0.0,5747,0,0,0,0,0,0,0,9337,0,0,0,0,0,3,0,0,0.0,0,0.0,0,0,0,0,2018.0,1.0,0,0,0,1,0,5498,0.0,0,0,0,0.0,0.0
0,0.0,7741,0,0,0,0,0,0,0,6044,0,0,0,0,0,3,0,0,0.0,0,0.0,0,0,0,0,2011.0,1.0,0,0,0,1,0,1985,0.0,0,0,0,0.0,0.0
0,0.0,2650,0,0,0,0,0,0,0,9337,0,0,0,0,0,10,0,0,1.0,0,0.0,0,0,0,0,2006.0,0.0,0,0,0,1,0,3479,0.0,0,0,0,0.0,0.0
0,0.0,7860,0,0,0,0,0,0,0,6044,0,0,0,0,0,2,0,0,1.0,0,0.0,0,0,0,0,2017.0,0.0,0,0,0,1,0,7783,0.0,0,0,0,0.0,0.0
0,0.0,9692,0,0,0,0,0,0,0,9337,0,0,0,0,0,10,0,0,1.0,0,0.0,0,0,0,0,2019.0,0.0,0,0,0,1,0,3251,0.0,0,0,0,0.0,0.0
0,0.0,6430,0,0,0,0,0,0,0,9337,0,0,0,0,0,2,0,0,0.0,0,0.0,0,0,0,0,1990.0,1.0,0,0,0,1,0,3713,0.0,0,0,0,0.0,0.0
0,0.0,2716,0,0,0,0,0,0,0,9337,0,0,0,0,0,5,0,0,0.0,0,0.0,0,0,0,0,2019.0,0.0,0,0,0,1,0,8380,1.0,0,0,0,0.0,0.0
0,0.0,7245,0,0,0,0,0,0,0,9337,0,0,0,0,0,4,0,0,0.0,0,0.0,0,1,0,0,2017.0,1.0,0,0,0,1,0,6694,0.0,0,0,0,0.0,0.0
0,0.0,4019,0,0,0,0,0,0,0,6044,0,0,0,0,0,3,0,0,0.0,0,0.0,0,0,0,0,2011.0,1.0,0,0,0,1,0,4163,0.0,0,0,0,0.0,0.0
0,0.0,4514,0,0,0,0,0,0,0,9337,0,0,0,0,0,2,0,0,0.0,0,0.0,0,0,0,0,1990.0,1.0,0,0,0,1,0,9234,0.0,0,0,0,0.0,0.0
0,0.0,9596,0,0,0,0,0,0,0,9337,0,0,0,0,0,2,0,0,0.0,0,0.0,0,0,0,1,2008.0,1.0,0,0,0,1,0,5359,0.0,0,0,0,0.0,0.0
0,0.0,7120,0,0,0,0,0,0,0,9337,0,0,0,0,0,5,0,0,0.0,0,0.0,0,0,0,0,2019.0,1.0,0,0,0,1,0,3565,0.0,0,0,0,0.0,0.0
0,0.0,3419,0,0,0,0,0,0,0,9337,0,0,0,0,0,7,0,0,1.0,0,0.0,0,0,0,0,2019.0,0.0,0,0,0,1,0,6444,0.0,0,0,0,0.0,0.0
0,0.0,3641,0,0,0,0,0,0,0,6044,0,0,0,0,0,5,0,0,1.0,0,0.0,0,0,0,0,2017.0,0.0,0,0,0,1,0,5064,0.0,0,0,0,0.0,0.0
0,0.0,4331,0,0,0,0,0,0,0,6044,0,0,0,0,0,5,0,0,1.0,0,0.0,0,0,0,0,2017.0,0.0,0,0,0,1,0,6866,0.0,0,0,0,0.0,0.0
0,0.0,1978,0,0,0,0,0,0,0,9337,0,0,0,0,0,9,0,0,1.0,0,0.0,0,0,0,0,2019.0,0.0,0,0,0,1,0,2489,0.0,0,0,0,0.0,0.0
0,0.0,4262,0,0,0,0,0,0,0,6044,0,0,0,0,0,2,0,0,1.0,0,0.0,0,0,0,0,2013.0,0.0,0,0,0,1,0,4956,0.0,0,0,0,0.0,0.0
0,0.0,7868,0,0,0,0,0,0,0,9337,0,0,0,0,0,8,0,0,1.0,0,0.0,0,0,0,0,2012.0,0.0,0,0,0,1,0,7412,0.0,0,0,0,0.0,0.0
0,0.0,7303,0,0,0,0,0,0,0,3543,0,0,0,0,0,13,0,0,0.0,0,0.0,0,0,0,0,2019.0,1.0,0,0,0,1,0,2997,0.0,0,0,0,0.0,0.0
0,0.0,7677,0,0,0,0,0,0,0,3543,0,0,0,0,0,12,0,0,0.0,0,0.0,0,0,0,0,2017.0,1.0,0,0,0,1,1,4350,0.0,0,0,0,0.0,0.0
0,0.0,4188,0,0,0,0,0,0,0,9337,0,0,0,0,0,4,0,0,0.0,0,0.0,0,0,0,0,2020.0,1.0,0,0,0,1,0,6372,0.0,0,0,0,0.0,0.0
0,0.0,4304,0,0,0,0,0,0,0,3543,0,0,0,0,0,5,0,0,0.0,0,0.0,0,0,0,0,2019.0,0.0,0,0,0,1,0,2993,1.0,0,0,0,0.0,0.0
0,0.0,2947,0,0,0,0,0,0,0,3543,0,0,0,0,0,12,0,0,1.0,0,0.0,0,0,0,0,2018.0,0.0,0,0,0,1,0,5233,0.0,0,0,0,0.0,0.0
0,0.0,2907,0,0,0,0,0,0,0,6044,0,0,0,0,0,9,0,0,1.0,0,0.0,0,0,0,0,2020.0,0.0,0,0,0,1,0,9344,0.0,0,0,0,0.0,0.0
0,0.0,2249,0,0,0,0,0,0,0,9337,0,0,0,0,0,1,0,0,0.0,0,0.0,0,0,0,0,2016.0,0.0,0,0,0,1,0,2380,0.0,0,0,0,0.0,0.0
0,0.0,8320,0,0,0,0,0,0,0,9337,0,0,0,0,0,6,0,0,0.0,0,0.0,0,0,0,0,2015.0,1.0,0,0,0,1,0,9597,0.0,0,0,0,0.0,0.0
0,0.0,9404,0,0,0,0,0,0,0,3543,0,0,0,0,0,5,0,0,0.0,0,0.0,0,0,0,0,2016.0,1.0,0,0,0,1,0,1833,0.0,0,0,0,0.0,0.0
0,0.0,4091,0,0,0,0,0,0,0,6044,0,0,0,0,0,4,0,0,0.0,0,0.0,0,0,0,1,2015.0,0.0,0,0,0,1,0,1521,0.0,0,0,0,0.0,0.0
0,0.0,9103,0,0,0,0,0,0,0,9337,0,0,0,0,0,2,0,0,0.0,0,0.0,0,0,0,0,2019.0,1.0,0,0,0,1,0,2461,0.0,0,0,0,0.0,0.0
0,0.0,3913,0,0,0,0,0,0,0,6044,0,0,0,0,0,2,0,0,0.0,0,0.0,0,1,0,0,2020.0,0.0,0,0,0,1,0,2196,0.0,0,0,0,0.0,0.0
0,0.0,4098,0,0,0,0,0,0,0,3543,0,0,0,0,0,5,0,0,0.0,0,0.0,0,0,0,0,2019.0,0.0,0,0,0,1,0,3744,1.0,0,0,0,0.0,0.0
0,0.0,7745,0,0,0,0,0,0,0,9337,0,0,0,0,0,4,0,0,0.0,0,0.0,0,0,0,0,2016.0,0.0,0,0,0,1,0,7197,0.0,0,0,0,0.0,0.0
0,0.0,7821,0,0,0,0,0,0,0,9337,0,0,0,0,0,9,0,0,1.0,0,0.0,0,0,0,0,2019.0,0.0,0,0,0,1,0,7999,0.0,0,0,0,0.0,0.0
0,0.0,6368,0,0,0,0,0,0,0,9337,0,0,0,0,0,2,0,0,0.0,0,0.0,0,0,0,0,2018.0,0.0,0,0,0,1,0,5342,0.0,0,0,0,0.0,0.0
0,0.0,1489,0,0,0,0,0,0,0,6044,0,0,0,0,0,9,0,0,1.0,0,0.0,0,0,0,0,2020.0,0.0,0,0,0,1,0,9344,0.0,0,0,0,0.0,0.0
0,0.0,3270,0,0,0,0,0,0,0,6044,0,0,0,0,0,3,0,1,1.0,0,0.0,0,0,0,0,2015.0,0.0,0,0,0,1,0,4171,0.0,0,0,0,0.0,0.0
0,0.0,4885,0,0,0,0,0,0,0,9337,0,0,0,0,0,4,0,0,0.0,0,0.0,0,0,0,0,2017.0,1.0,0,0,0,1,0,2605,0.0,0,0,0,0.0,0.0
0,0.0,6188,0,0,0,0,0,0,0,6044,0,0,0,0,0,2,0,0,0.0,0,0.0,0,0,0,0,2016.0,0.0,0,0,0,1,0,6920,0.0,0,0,0,0.0,0.0
0,0.0,9220,0,0,0,0,0,0,0,3543,0,0,0,0,0,3,0,0,1.0,0,0.0,0,0,0,0,2019.0,0.0,0,0,0,1,0,3330,0.0,0,0,0,0.0,0.0
0,0.0,3582,0,0,0,0,0,0,0,6044,0,0,0,0,0,4,0,0,0.0,0,0.0,0,0,0,0,1974.0,1.0,0,0,0,1,0,5224,0.0,0,0,0,0.0,0.0
0,0.0,1268,0,0,0,0,0,0,0,9337,0,0,0,0,0,8,0,0,0.0,0,0.0,0,0,0,0,2019.0,1.0,0,0,0,1,0,1151,0.0,0,0,0,0.0,0.0
0,0.0,8160,0,0,0,0,0,0,0,9337,0,0,0,0,0,1,0,0,0.0,0,0.0,0,0,0,0,2008.0,0.0,0,0,0,1,0,3521,1.0,0,0,0,0.0,0.0
0,0.0,9777,0,0,0,0,0,0,0,6044,0,0,0,0,0,2,0,0,0.0,0,0.0,0,1,0,0,2016.0,0.0,0,0,0,1,0,6201,1.0,0,0,0,0.0,0.0
0,0.0,1285,0,0,0,0,0,0,0,9337,0,0,0,0,0,5,0,0,0.0,0,0.0,0,0,0,0,2006.0,1.0,0,0,0,1,0,4849,0.0,0,0,0,0.0,0.0
0,0.0,4764,0,0,0,0,0,0,0,6044,0,0,0,0,0,5,0,0,1.0,0,0.0,0,0,0,0,2017.0,0.0,0,0,0,1,0,4933,0.0,0,0,0,0.0,0.0
0,0.0,6011,0,0,0,0,0,0,0,9337,0,0,0,0,0,5,0,0,0.0,0,0.0,0,0,0,0,2003.0,0.0,0,0,1,1,0,5413,1.0,0,0,0,0.0,0.0
0,0.0,8289,0,0,0,0,0,0,0,9337,0,0,0,0,0,2,0,0,0.0,0,0.0,0,0,0,0,2019.0,1.0,0,0,0,1,0,9291,0.0,0,0,0,0.0,0.0
0,0.0,1324,0,0,0,0,0,0,0,3543,0,0,0,0,0,7,0,0,0.0,0,0.0,0,0,0,0,2015.0,0.0,0,0,0,1,0,5572,1.0,0,0,0,0.0,0.0
0,0.0,6504,0,0,0,0,0,0,0,9337,0,0,0,0,0,10,0,0,0.0,0,0.0,0,0,0,0,2019.0,0.0,0,0,0,1,0,5521,0.0,0,0,0,1.0,0.0
0,0.0,4070,0,0,0,0,0,0,0,3543,0,0,0,0,0,2,0,0,1.0,0,0.0,0,0,0,0,2007.0,0.0,0,0,0,1,0,4506,0.0,0,0,0,0.0,0.0
0,0.0,9744,0,0,0,0,0,0,0,9337,0,0,0,0,0,10,0,0,1.0,0,0.0,0,0,0,0,2019.0,0.0,0,0,0,1,0,3620,0.0,0,0,0,0.0,0.0
0,0.0,3989,0,0,0,0,0,0,0,9337,0,0,0,0,0,9,0,0,1.0,0,0.0,0,0,0,0,2019.0,0.0,0,0,0,1,0,5053,0.0,0,0,0,0.0,0.0
0,0.0,7234,0,0,0,0,0,0,0,9337,0,0,0,0,0,5,0,0,0.0,0,0.0,0,0,0,0,2019.0,1.0,0,0,0,1,0,3565,0.0,0,0,0,0.0,0.0
0,0.0,6029,0,0,0,0,0,0,0,9337,0,0,0,0,0,8,0,0,0.0,0,0.0,0,0,0,0,2019.0,1.0,0,0,0,1,0,1151,0.0,0,0,0,0.0,0.0
0,0.0,8071,0,0,0,0,0,0,0,9337,0,0,0,0,0,6,0,0,0.0,0,0.0,0,0,0,0,2019.0,1.0,0,0,0,1,0,4401,0.0,0,0,0,0.0,0.0
0,0.0,6613,0,0,0,0,0,0,0,9337,0,0,0,0,0,4,0,0,0.0,0,0.0,0,0,0,0,2018.0,0.0,0,0,0,1,0,7103,0.0,0,0,0,0.0,0.0
0,0.0,2650,0,0,0,0,0,0,0,6044,0,0,0,0,0,2,0,0,0.0,0,0.0,0,1,0,0,2020.0,0.0,0,0,0,1,0,2196,0.0,0,0,0,0.0,0.0
0,0.0,7058,0,0,0,0,0,0,0,6044,0,0,0,0,0,5,0,0,1.0,0,0.0,0,0,0,0,2017.0,0.0,0,0,0,1,0,9128,0.0,0,0,0,0.0,0.0
0,0.0,6762,0,0,0,0,0,0,0,9337,0,0,0,0,0,1,0,0,1.0,0,0.0,0,0,0,0,2019.0,0.0,0,0,0,1,0,5475,0.0,0,0,0,0.0,0.0
0,0.0,7604,0,0,0,0,0,0,0,3543,0,0,0,0,0,2,0,0,0.0,0,0.0,0,1,0,0,2019.0,0.0,0,0,0,1,0,7721,1.0,0,0,0,0.0,0.0
0,0.0,8463,0,0,0,0,0,0,0,9337,0,0,0,0,0,4,0,0,1.0,0,0.0,0,0,0,0,2016.0,0.0,0,0,0,1,0,1195,0.0,0,0,0,0.0,0.0
0,0.0,5565,0,0,0,0,0,0,0,6044,0,0,0,0,0,10,0,0,0.0,0,0.0,0,0,0,1,1992.0,0.0,0,0,0,1,0,1190,0.0,0,0,0,0.0,0.0
0,0.0,5467,0,0,0,0,0,0,0,9337,0,0,0,0,0,7,0,0,0.0,0,0.0,0,0,0,0,2005.0,1.0,0,0,0,1,0,5424,0.0,0,0,0,0.0,0.0
0,0.0,4147,0,0,0,0,0,0,0,9337,0,0,0,0,0,6,0,0,1.0,0,0.0,0,0,0,0,2018.0,0.0,0,0,0,1,0,7375,0.0,0,0,0,0.0,0.0
0,0.0,9686,0,0,0,0,0,0,0,6044,0,0,0,0,0,1,0,0,0.0,0,0.0,0,0,0,0,2014.0,1.0,0,0,0,1,0,4701,0.0,0,0,0,0.0,0.0
0,0.0,9807,0,0,0,0,0,0,0,3543,0,0,0,0,0,5,0,0,0.0,0,0.0,0,0,0,0,2015.0,1.0,0,0,0,1,0,3651,0.0,0,0,0,0.0,0.0
0,0.0,4495,0,0,0,0,0,0,0,9337,0,0,0,0,0,3,0,0,0.0,0,0.0,0,0,0,0,2019.0,1.0,0,0,0,1,0,7564,0.0,0,0,0,0.0,0.0
0,0.0,4697,0,0,0,0,0,0,0,6044,0,0,0,0,0,4,0,0,1.0,0,0.0,0,0,0,0,2020.0,0.0,0,0,0,1,0,6225,0.0,0,0,0,0.0,0.0
0,0.0,6890,0,0,0,0,0,0,0,6044,0,0,0,0,0,3,0,0,0.0,0,0.0,0,0,0,0,2011.0,1.0,0,0,0,1,0,4852,0.0,0,0,0,0.0,0.0
0,0.0,2725,0,0,0,0,0,0,0,6044,0,0,0,0,1,10,0,0,0.0,0,0.0,0,0,0,1,1977.0,0.0,0,0,0,1,0,1794,1.0,0,0,0,0.0,0.0
0,0.0,2917,0,0,0,0,0,0,0,3543,0,0,0,0,0,15,0,0,0.0,0,0.0,0,0,0,0,2019.0,1.0,0,0,0,1,0,5475,0.0,0,0,0,0.0,0.0
0,0.0,3582,0,0,0,0,0,0,0,3543,0,0,0,0,0,12,0,0,0.0,0,0.0,0,0,0,0,2017.0,1.0,0,0,0,1,1,9068,0.0,0,0,0,0.0,0.0
0,0.0,3052,0,0,0,0,0,0,0,9337,0,0,0,0,1,6,0,0,1.0,0,0.0,0,1,0,0,2009.0,0.0,0,0,0,1,1,6859,0.0,0,0,0,0.0,0.0
0,0.0,8161,0,0,0,0,0,0,0,9337,0,0,0,0,0,6,0,0,0.0,0,0.0,0,0,0,0,1998.0,0.0,0,0,0,1,0,6237,1.0,0,0,0,0.0,0.0
0,0.0,6936,0,0,0,0,0,0,0,9337,0,0,0,0,0,9,0,0,1.0,0,0.0,0,0,0,0,2019.0,0.0,0,0,0,1,0,2282,0.0,0,0,0,0.0,0.0
0,0.0,3982,0,0,0,0,0,0,0,3543,0,0,0,0,0,5,0,0,0.0,0,0.0,0,0,0,0,2019.0,0.0,0,0,0,1,0,5139,1.0,0,0,0,0.0,0.0
0,0.0,1533,0,0,0,0,0,0,0,6044,0,0,0,0,0,9,0,0,0.0,0,0.0,0,0,0,0,2018.0,1.0,0,0,0,1,0,3455,0.0,0,0,0,0.0,0.0
0,0.0,7271,0,0,0,0,0,0,0,6044,0,0,0,0,0,5,0,0,0.0,0,0.0,0,0,0,0,2016.0,1.0,0,0,0,1,0,4403,0.0,0,0,0,0.0,0.0
0,0.0,3592,0,0,0,0,0,0,0,9337,0,0,0,0,0,13,0,1,0.0,0,0.0,0,0,0,0,2015.0,0.0,0,0,0,1,0,5350,0.0,0,0,0,0.0,0.0
0,0.0,1554,0,0,0,0,0,0,0,9337,0,0,0,0,0,8,0,0,0.0,0,0.0,0,0,0,0,2016.0,1.0,0,0,0,1,0,9812,0.0,0,0,0,0.0,0.0
0,0.0,5884,0,0,0,0,0,0,0,9337,0,0,0,0,0,9,0,0,1.0,0,0.0,0,0,0,0,2019.0,0.0,0,0,0,1,0,4921,0.0,0,0,0,0.0,0.0
0,0.0,2844,0,0,0,0,0,0,0,3543,0,0,0,0,0,2,0,0,0.0,0,0.0,0,0,0,0,2016.0,0.0,0,0,0,1,0,9845,0.0,0,0,0,0.0,0.0
0,0.0,9432,0,0,0,0,0,0,0,9337,0,0,0,0,0,5,0,0,0.0,0,0.0,0,0,0,0,2019.0,1.0,0,0,0,1,0,8299,0.0,0,0,0,0.0,0.0
0,0.0,6505,0,0,0,0,0,0,0,9337,0,0,0,0,0,6,0,0,0.0,0,0.0,0,0,0,0,2020.0,1.0,0,0,0,1,0,6381,0.0,0,0,0,0.0,0.0
0,0.0,8293,0,0,0,0,0,0,0,9337,0,0,0,0,0,2,0,0,1.0,0,0.0,0,0,0,0,2016.0,0.0,0,0,0,1,0,6290,0.0,0,0,0,0.0,0.0
0,0.0,2751,0,0,0,0,0,0,0,9337,0,0,0,0,0,2,0,0,1.0,0,0.0,0,0,0,0,2019.0,0.0,0,0,0,1,0,7425,0.0,0,0,0,0.0,0.0
0,0.0,6607,0,0,0,0,0,0,0,9337,0,0,0,0,0,2,0,0,1.0,0,0.0,0,0,0,0,2006.0,0.0,0,0,0,1,0,5508,0.0,0,0,0,0.0,0.0
0,0.0,8293,0,0,0,0,0,0,0,9337,0,0,0,0,0,5,0,0,1.0,0,0.0,0,0,0,0,2019.0,0.0,0,0,0,1,0,3713,0.0,0,0,0,0.0,0.0
0,0.0,9460,0,0,0,0,0,0,0,9337,0,0,0,0,0,7,0,0,0.0,0,0.0,0,0,0,0,2018.0,1.0,0,0,0,1,0,7354,0.0,0,0,0,0.0,0.0
0,0.0,2107,0,0,0,0,0,0,0,3543,0,0,0,0,0,15,0,0,0.0,0,0.0,0,0,0,0,2019.0,1.0,0,0,0,1,0,5475,0.0,0,0,0,0.0,0.0
0,0.0,4931,0,0,0,0,0,0,0,9337,0,0,0,0,0,3,0,0,1.0,0,0.0,0,0,0,0,2019.0,0.0,0,0,0,1,0,8196,0.0,0,0,0,0.0,0.0
0,0.0,8897,0,0,0,0,0,0,0,6044,0,0,0,0,0,2,0,0,1.0,0,0.0,0,0,0,0,2017.0,0.0,0,0,0,1,0,2461,0.0,0,0,0,0.0,0.0
0,0.0,2677,0,0,0,0,0,0,0,9337,0,0,0,0,0,8,0,0,0.0,0,0.0,0,0,0,0,2016.0,1.0,0,0,0,1,0,6285,0.0,0,0,0,0.0,0.0
0,0.0,4832,0,0,0,0,0,0,0,6044,0,0,0,0,0,5,0,0,1.0,0,0.0,0,0,0,0,2017.0,0.0,0,0,0,1,0,7988,0.0,0,0,0,0.0,0.0
0,0.0,5822,0,0,0,0,0,0,0,9337,0,0,0,0,0,3,0,0,1.0,0,0.0,0,0,0,0,2014.0,0.0,0,0,0,1,0,6245,0.0,0,0,0,0.0,0.0
0,0.0,5253,0,0,0,0,0,0,0,9337,0,0,0,0,0,8,0,0,0.0,0,0.0,0,0,0,0,2019.0,1.0,0,0,0,1,0,1151,0.0,0,0,0,0.0,0.0
0,0.0,4108,0,0,0,0,0,0,0,9337,0,0,0,0,0,6,0,0,0.0,0,0.0,0,0,0,0,2015.0,1.0,0,0,0,1,0,4852,0.0,0,0,0,0.0,0.0
0,0.0,6436,0,0,0,0,0,0,0,9337,0,0,0,0,0,2,0,0,0.0,0,0.0,0,0,0,0,1990.0,1.0,0,0,0,1,0,5612,0.0,0,0,0,0.0,0.0
0,0.0,7159,0,0,0,0,0,0,0,9337,0,0,0,0,0,4,0,0,0.0,0,0.0,0,0,0,0,2007.0,1.0,0,0,0,1,0,2217,0.0,0,0,0,0.0,0.0
0,0.0,6397,0,0,0,0,0,0,0,9337,0,0,0,0,0,4,0,0,0.0,0,0.0,0,0,0,0,2005.0,1.0,0,0,0,1,0,2561,0.0,0,0,0,0.0,0.0
0,0.0,1865,0,0,0,0,0,0,0,9337,0,0,0,0,0,6,0,0,1.0,0,0.0,0,0,0,0,2018.0,0.0,0,0,0,1,0,7959,0.0,0,0,0,0.0,0.0
0,0.0,8905,0,0,0,0,0,0,0,9337,0,0,0,0,0,4,0,1,0.0,0,0.0,0,0,0,0,2018.0,0.0,0,0,0,1,0,2253,0.0,0,0,0,0.0,0.0
0,0.0,4648,0,0,0,0,0,0,0,9337,0,0,0,0,0,3,0,0,1.0,0,0.0,0,0,0,0,2019.0,0.0,0,0,0,1,0,1655,0.0,0,0,0,0.0,0.0
0,0.0,1901,0,0,0,0,0,0,0,6044,0,0,0,0,0,2,0,0,0.0,0,0.0,0,1,0,0,2020.0,0.0,0,0,0,1,0,2196,0.0,0,0,0,0.0,0.0
0,0.0,2897,0,0,0,0,0,0,0,9337,0,0,0,0,0,5,0,0,1.0,0,0.0,0,0,0,0,2019.0,0.0,0,0,0,1,0,3713,0.0,0,0,0,0.0,0.0
0,0.0,9101,0,0,0,0,0,0,0,9337,0,0,0,0,0,7,0,0,0.0,0,0.0,0,0,0,0,2015.0,0.0,0,0,0,1,0,5480,1.0,0,0,0,0.0,0.0
0,0.0,4885,0,0,0,0,0,0,0,6044,0,0,0,0,0,4,0,0,0.0,0,0.0,0,0,0,0,2017.0,1.0,0,0,0,1,0,2605,0.0,0,0,0,0.0,0.0
0,0.0,4068,0,0,0,0,0,0,0,9337,0,0,0,0,0,1,0,0,0.0,0,0.0,0,0,0,0,1990.0,1.0,0,0,0,1,0,5245,0.0,0,0,0,0.0,0.0
0,0.0,9868,0,0,0,0,0,0,0,9337,0,0,0,0,0,8,0,0,1.0,0,0.0,0,0,0,0,2012.0,0.0,0,0,0,1,0,8237,0.0,0,0,0,0.0,0.0
0,0.0,9038,0,0,0,0,0,0,0,9337,0,0,0,0,0,4,0,0,1.0,0,0.0,0,0,0,0,2016.0,0.0,0,0,0,1,0,3314,0.0,0,0,0,0.0,0.0
0,0.0,9728,0,0,0,0,0,0,0,9337,0,0,0,0,0,4,0,0,1.0,0,0.0,0,1,0,0,2018.0,0.0,0,0,0,1,0,2128,0.0,0,0,0,0.0,0.0
0,0.0,7599,0,0,0,0,0,0,0,3543,0,0,0,0,0,5,0,0,0.0,0,0.0,0,0,0,0,2016.0,1.0,0,0,0,1,0,1190,0.0,0,0,0,0.0,0.0
0,0.0,2526,0,0,0,0,0,0,0,3543,0,0,0,0,0,2,0,0,0.0,0,0.0,0,1,0,0,2019.0,0.0,0,0,0,1,0,7043,1.0,0,0,0,0.0,0.0
0,0.0,9363,0,0,0,0,0,0,0,9337,0,0,0,0,0,12,0,0,0.0,0,0.0,0,0,0,0,2017.0,1.0,0,0,0,1,1,9179,0.0,0,0,0,0.0,0.0
0,0.0,9536,0,0,0,0,0,0,0,6044,0,0,0,0,0,4,0,0,1.0,0,0.0,0,0,0,0,2020.0,0.0,0,0,0,1,0,6493,0.0,0,0,0,0.0,0.0
0,0.0,5124,0,0,0,0,0,0,0,9337,0,0,0,0,0,4,0,0,0.0,0,0.0,0,0,0,0,2007.0,1.0,0,0,0,1,0,7917,0.0,0,0,0,0.0,0.0
0,0.0,4211,0,0,0,0,0,0,0,9337,0,0,0,0,0,10,0,0,1.0,0,0.0,0,0,0,0,2006.0,0.0,0,0,0,1,0,1854,0.0,0,0,0,0.0,0.0
0,0.0,2043,0,0,0,0,0,0,0,9337,0,0,0,0,0,3,0,0,0.0,0,0.0,0,0,0,0,2020.0,0.0,0,0,0,1,0,7886,0.0,0,0,0,0.0,0.0
0,0.0,2178,0,0,0,0,0,0,0,9337,0,0,0,0,0,4,0,0,1.0,0,0.0,0,0,0,1,2019.0,0.0,0,0,0,1,0,8880,0.0,0,0,0,0.0,0.0
0,0.0,4037,0,0,0,0,0,0,0,3543,0,0,0,0,0,4,0,0,0.0,0,0.0,0,0,0,0,2016.0,1.0,0,0,0,1,0,3689,0.0,0,0,0,0.0,0.0
0,0.0,7782,0,0,0,0,0,0,0,9337,0,0,0,0,0,2,0,0,1.0,0,0.0,0,0,0,0,2018.0,0.0,0,0,0,1,0,5356,0.0,0,0,0,0.0,0.0
0,0.0,4739,0,0,0,0,0,0,0,9337,0,0,0,0,0,3,0,0,0.0,0,0.0,0,0,0,0,2012.0,1.0,0,0,0,1,0,5611,0.0,0,0,0,0.0,0.0
0,0.0,9341,0,0,0,0,0,0,0,9337,0,0,0,0,0,5,0,0,1.0,0,0.0,0,0,0,0,2019.0,0.0,0,0,0,1,0,3713,0.0,0,0,0,0.0,0.0
0,0.0,6652,0,0,0,0,0,0,0,9337,0,0,1,0,0,10,0,1,0.0,0,0.0,0,0,0,0,2003.0,1.0,0,0,0,1,0,4924,0.0,0,0,0,0.0,0.0
0,0.0,9912,0,0,0,0,0,0,0,9337,0,0,0,0,0,4,0,0,0.0,0,0.0,0,0,0,0,2005.0,1.0,0,0,0,1,0,7909,0.0,0,0,0,0.0,0.0
0,0.0,5253,0,0,0,0,0,0,0,9337,0,0,0,0,0,8,0,0,0.0,0,0.0,0,0,0,0,2019.0,1.0,0,0,0,1,0,1151,0.0,0,0,0,0.0,0.0
0,0.0,4649,0,0,0,0,0,0,0,9337,0,0,0,0,0,5,0,0,0.0,0,0.0,0,0,0,0,2016.0,1.0,0,0,0,1,0,4269,0.0,0,0,0,0.0,0.0
0,0.0,9279,0,0,0,0,0,0,0,9337,0,0,0,0,0,3,0,0,0.0,0,0.0,0,0,0,0,2012.0,1.0,0,0,0,1,0,3951,0.0,0,0,0,0.0,0.0
0,0.0,2234,0,0,0,0,0,0,0,9337,0,0,0,0,0,4,0,0,1.0,0,0.0,0,1,0,0,2018.0,0.0,0,0,0,1,0,2450,0.0,0,0,0,0.0,0.0
0,0.0,2650,0,0,0,0,0,0,0,3543,0,0,0,0,0,10,0,0,1.0,0,0.0,0,0,0,0,2006.0,0.0,0,0,0,1,0,4573,0.0,0,0,0,0.0,0.0
0,0.0,7027,0,0,0,0,0,0,0,9337,0,0,0,0,0,8,0,0,0.0,0,0.0,0,0,0,0,2016.0,1.0,0,0,0,1,0,5091,0.0,0,0,0,0.0,0.0
0,0.0,3073,0,0,0,0,0,0,0,9337,0,0,0,0,0,3,0,0,1.0,0,0.0,0,0,0,0,2014.0,0.0,0,0,0,1,0,3314,0.0,0,0,0,0.0,0.0
0,0.0,2790,0,0,0,0,0,0,0,3543,0,0,0,0,0,2,0,0,0.0,0,0.0,0,1,0,0,2019.0,0.0,0,0,0,1,0,2443,1.0,0,0,0,0.0,0.0
0,0.0,7063,0,0,0,0,0,0,0,9337,0,0,0,0,0,4,0,0,0.0,0,0.0,0,0,0,0,2017.0,1.0,0,0,0,1,0,4722,0.0,0,0,0,0.0,0.0
0,0.0,9611,0,0,0,0,0,0,0,9337,0,0,0,0,0,9,0,0,1.0,0,0.0,0,0,0,0,2019.0,0.0,0,0,0,1,0,7529,0.0,0,0,0,0.0,0.0
0,0.0,6126,0,0,0,0,0,0,0,3543,0,0,0,0,0,2,0,0,1.0,0,0.0,0,0,0,0,2020.0,0.0,0,0,0,1,0,2646,0.0,0,0,0,0.0,0.0
0,0.0,7578,0,0,0,0,0,0,0,9337,0,0,0,0,0,8,0,0,0.0,0,0.0,0,0,0,0,2019.0,1.0,0,0,0,1,0,1151,0.0,0,0,0,0.0,0.0
0,0.0,9634,0,0,0,0,0,0,0,6044,0,0,0,0,0,2,0,0,1.0,0,0.0,0,0,0,0,2017.0,0.0,0,0,0,1,0,5476,0.0,0,0,0,0.0,0.0
0,0.0,4389,0,0,0,0,0,0,0,9337,0,0,0,0,0,7,0,0,0.0,0,0.0,0,0,0,0,2006.0,1.0,0,0,0,1,0,7013,0.0,0,0,0,0.0,0.0
0,0.0,4981,0,0,0,0,0,0,0,9337,0,0,0,0,0,6,0,0,1.0,0,0.0,0,0,0,0,2018.0,0.0,0,0,0,1,0,8922,0.0,0,0,0,0.0,0.0
0,0.0,7821,0,0,0,0,0,0,0,9337,0,0,0,0,0,9,0,0,1.0,0,0.0,0,0,0,0,2019.0,0.0,0,0,0,1,0,7490,0.0,0,0,0,0.0,0.0
0,0.0,1527,0,0,0,0,0,0,0,9337,0,0,0,0,0,8,0,0,1.0,0,0.0,0,0,0,0,2012.0,0.0,0,0,0,1,0,4567,0.0,0,0,0,0.0,0.0
0,0.0,9836,0,0,0,0,0,0,0,3944,0,0,0,0,0,7,0,0,1.0,0,0.0,0,0,0,0,2019.0,0.0,0,0,0,1,0,5294,0.0,0,0,0,0.0,0.0
0,0.0,3467,0,0,0,0,0,0,0,9337,0,0,0,0,0,2,0,0,0.0,0,0.0,0,0,0,0,2006.0,1.0,0,0,0,1,0,8281,0.0,0,0,0,0.0,0.0
0,0.0,7259,0,0,0,0,0,0,0,6044,0,0,0,0,0,2,0,0,0.0,0,0.0,0,0,0,0,2016.0,0.0,0,0,0,1,0,7454,0.0,0,0,0,0.0,0.0
0,0.0,6637,0,0,0,0,0,0,0,9337,0,0,0,0,0,3,0,0,1.0,0,0.0,0,0,0,0,2019.0,0.0,0,0,0,1,0,2467,0.0,0,0,0,0.0,0.0
0,0.0,9960,0,0,0,0,0,0,0,3543,0,0,0,0,0,13,0,0,0.0,0,0.0,0,0,0,0,2019.0,1.0,0,0,0,1,0,6171,0.0,0,0,0,0.0,0.0
0,0.0,1730,0,0,0,0,0,0,0,9337,0,0,0,0,0,7,0,0,0.0,0,0.0,0,0,0,0,2018.0,1.0,0,0,0,1,0,2871,0.0,0,0,0,0.0,0.0
0,0.0,7124,0,0,0,0,0,0,0,9337,0,0,0,0,0,1,0,0,1.0,0,0.0,0,0,0,0,2019.0,0.0,0,1,0,1,1,1343,0.0,0,0,0,0.0,0.0
0,0.0,6747,0,0,0,0,0,0,0,6044,0,0,0,0,0,4,0,0,0.0,0,0.0,0,0,0,0,2017.0,1.0,0,0,0,1,0,6359,0.0,0,0,0,0.0,0.0
0,0.0,6726,0,0,0,0,0,0,0,9337,0,0,0,0,0,7,0,0,0.0,0,0.0,0,0,0,0,1999.0,1.0,0,0,0,1,0,2685,0.0,0,0,0,0.0,0.0
0,0.0,9858,0,0,0,0,0,0,0,9337,0,0,0,0,0,6,0,0,0.0,0,0.0,0,0,0,0,2015.0,1.0,0,0,0,1,0,9744,0.0,0,0,0,0.0,0.0
0,0.0,5615,0,0,0,0,0,0,0,9337,0,0,0,0,0,7,0,0,1.0,0,0.0,0,0,0,0,2020.0,0.0,0,0,0,1,0,3092,0.0,0,0,0,0.0,0.0
0,0.0,5827,0,0,0,0,0,0,0,9337,0,0,0,0,0,7,0,0,0.0,0,0.0,0,0,0,0,2006.0,1.0,0,0,0,1,0,3572,0.0,0,0,0,0.0,0.0
0,0.0,1730,0,0,0,0,0,0,0,9337,0,0,0,0,0,7,0,0,0.0,0,0.0,0,0,0,0,2018.0,1.0,0,0,0,1,0,5392,0.0,0,0,0,0.0,0.0
0,0.0,3270,0,0,0,0,0,0,0,3543,0,0,0,0,0,7,0,0,0.0,0,0.0,0,0,0,0,2015.0,0.0,0,0,0,1,0,5976,1.0,0,0,0,0.0,0.0
0,0.0,6685,0,0,0,0,0,0,0,9337,0,0,0,0,0,6,0,0,0.0,0,0.0,0,0,0,0,2015.0,1.0,0,0,0,1,0,5424,0.0,0,0,0,0.0,0.0
0,0.0,3892,0,0,0,0,0,0,0,9337,0,0,0,0,0,3,0,0,1.0,0,0.0,0,0,0,0,2019.0,0.0,0,0,0,1,0,2171,0.0,0,0,0,0.0,0.0
0,0.0,1948,0,0,0,0,0,0,0,9337,0,0,0,0,0,6,0,0,1.0,0,0.0,0,0,0,0,2018.0,0.0,0,0,0,1,0,5795,0.0,0,0,0,0.0,0.0
0,0.0,9233,0,0,0,0,0,0,0,6044,0,0,0,0,0,2,0,0,0.0,0,0.0,0,0,0,0,2016.0,0.0,0,0,0,1,0,4211,1.0,0,0,0,0.0,0.0
0,0.0,9807,0,0,0,0,0,0,0,9337,0,0,0,0,0,5,0,0,0.0,0,0.0,0,0,0,0,2015.0,1.0,0,0,0,1,0,1760,0.0,0,0,0,0.0,0.0
0,0.0,8463,0,0,0,0,0,0,0,9337,0,0,0,0,0,4,0,0,1.0,0,0.0,0,0,0,0,2016.0,0.0,0,0,0,1,0,1195,0.0,0,0,0,0.0,0.0
0,0.0,8917,0,0,0,0,0,0,0,9337,0,0,0,0,0,2,0,0,1.0,0,0.0,0,0,0,0,2019.0,0.0,0,0,0,1,0,8380,0.0,0,0,0,0.0,0.0
0,0.0,6107,0,0,0,0,0,0,0,6044,0,0,0,0,0,5,0,0,1.0,0,0.0,0,0,0,0,2017.0,0.0,0,0,0,1,0,8069,0.0,0,0,0,0.0,0.0
0,0.0,3423,0,0,0,0,0,0,0,9337,0,0,0,0,0,7,0,0,0.0,0,0.0,0,0,0,0,2006.0,1.0,0,0,0,1,0,4890,0.0,0,0,0,0.0,0.0
0,0.0,8289,0,0,0,0,0,0,0,9337,0,0,0,0,0,2,0,0,0.0,0,0.0,0,0,0,0,2019.0,1.0,0,0,0,1,0,6899,0.0,0,0,0,0.0,0.0
0,0.0,9692,0,0,0,0,0,0,0,9337,0,0,0,0,0,10,0,0,1.0,0,0.0,0,0,0,0,2019.0,0.0,0,0,0,1,0,3251,0.0,0,0,0,0.0,0.0
0,0.0,4734,0,0,0,0,0,0,0,9337,0,0,0,0,0,9,0,0,1.0,0,0.0,0,0,0,0,2019.0,0.0,0,0,0,1,0,6423,0.0,0,0,0,0.0,0.0
0,0.0,8396,0,0,0,0,0,0,0,9337,0,0,0,0,0,5,0,0,1.0,0,0.0,0,0,0,0,2017.0,0.0,0,0,0,1,0,7181,0.0,0,0,0,0.0,0.0
0,0.0,9292,0,0,0,0,0,0,0,9337,0,0,0,0,0,6,0,0,0.0,0,0.0,0,0,0,0,2015.0,1.0,0,0,0,1,0,4713,0.0,0,0,0,0.0,0.0
0,0.0,8455,0,0,0,0,0,0,0,9337,0,0,0,0,0,5,0,0,0.0,0,0.0,0,0,0,0,2019.0,1.0,0,0,0,1,0,7490,0.0,0,0,0,0.0,0.0
0,0.0,1250,0,0,0,0,0,0,0,9337,0,0,0,0,0,15,0,0,0.0,0,0.0,0,0,0,0,2019.0,1.0,0,0,0,1,0,5475,0.0,0,0,0,0.0,0.0
0,0.0,6358,0,0,0,0,0,0,0,6044,0,0,0,0,0,4,0,0,0.0,0,0.0,0,0,0,0,2017.0,1.0,0,0,0,1,0,6805,0.0,0,0,0,0.0,0.0
0,0.0,3641,0,0,0,0,0,0,0,9337,0,0,0,0,0,5,0,0,1.0,0,0.0,0,0,0,0,2017.0,0.0,0,0,0,1,0,5064,0.0,0,0,0,0.0,0.0
0,0.0,9128,0,0,0,0,0,0,0,9337,0,0,0,0,0,10,0,0,1.0,0,0.0,0,0,0,0,2019.0,0.0,0,0,0,1,0,5003,0.0,0,0,0,0.0,0.0
0,0.0,9266,0,0,0,0,0,0,0,9337,0,0,0,0,0,9,0,0,0.0,0,0.0,0,0,0,0,2012.0,1.0,0,0,0,1,0,4037,0.0,0,0,0,0.0,0.0
0,0.0,8291,0,0,0,0,0,0,0,9337,0,0,0,0,0,7,0,0,0.0,0,0.0,0,0,0,0,2015.0,0.0,0,0,0,1,0,4402,1.0,0,0,0,0.0,0.0
0,0.0,9989,0,0,0,0,0,0,0,9337,0,0,0,0,0,4,0,0,1.0,0,0.0,0,0,0,0,2016.0,0.0,0,0,0,1,0,4131,0.0,0,0,0,0.0,0.0
0,0.0,4666,0,0,0,0,0,0,0,6044,0,0,0,0,0,4,0,0,0.0,0,0.0,0,0,0,0,2018.0,0.0,0,0,0,1,0,7036,0.0,0,0,0,0.0,0.0
0,0.0,6229,0,0,0,0,0,0,0,3543,0,0,0,0,0,12,0,0,1.0,0,0.0,0,0,0,0,2018.0,0.0,0,0,0,1,0,8240,0.0,0,0,0,0.0,0.0
0,0.0,5731,0,0,0,0,0,0,0,6044,0,0,0,0,0,4,0,0,0.0,0,0.0,0,1,0,0,2017.0,0.0,0,0,0,1,0,2756,0.0,0,0,0,0.0,0.0
0,0.0,8352,0,0,0,0,0,0,0,9337,0,0,0,0,0,5,0,0,0.0,0,0.0,0,0,0,0,2019.0,1.0,0,0,0,1,0,3565,0.0,0,0,0,0.0,0.0
0,0.0,4544,0,0,0,0,0,0,0,6044,0,0,0,0,0,4,0,0,0.0,0,0.0,0,0,0,0,2018.0,0.0,0,0,0,1,0,5372,0.0,0,0,0,0.0,0.0
0,0.0,4605,0,0,0,0,0,0,0,9337,0,0,0,0,0,5,0,0,0.0,0,0.0,0,0,0,0,2019.0,1.0,0,0,0,1,0,9703,0.0,0,0,0,0.0,0.0
0,0.0,9301,0,0,0,0,0,0,0,3543,0,0,0,0,0,3,0,0,1.0,0,0.0,0,0,0,0,2016.0,0.0,0,0,0,1,0,2660,0.0,0,0,0,0.0,0.0
0,0.0,6772,0,0,0,0,0,0,0,3543,0,0,0,0,0,3,0,0,1.0,0,0.0,0,0,0,0,2018.0,0.0,0,0,0,1,0,8447,0.0,0,0,0,0.0,0.0
0,0.0,5544,0,0,0,0,0,0,0,9337,0,0,0,0,0,6,0,0,1.0,0,0.0,0,0,0,0,2018.0,0.0,0,0,0,1,0,4193,0.0,0,0,0,0.0,0.0
0,0.0,7114,0,0,0,0,0,0,0,6044,0,0,0,0,0,3,0,0,0.0,0,0.0,0,0,0,0,2011.0,1.0,0,0,0,1,0,3455,0.0,0,0,0,0.0,0.0
0,0.0,6018,0,0,0,0,0,0,0,9337,0,0,0,0,0,5,0,0,0.0,0,0.0,0,0,0,0,2006.0,1.0,0,0,0,1,0,7175,0.0,0,0,0,0.0,0.0
0,0.0,4246,0,0,0,0,0,0,0,9337,0,0,0,0,0,5,0,0,0.0,0,0.0,0,0,0,0,2017.0,1.0,0,0,0,1,0,4022,0.0,0,0,0,0.0,0.0
0,0.0,1268,0,0,0,0,0,0,0,9337,0,0,0,0,0,8,0,0,0.0,0,0.0,0,0,0,0,2019.0,1.0,0,0,0,1,0,1151,0.0,0,0,0,0.0,0.0
0,0.0,5304,0,0,0,0,0,0,0,9337,0,0,0,0,0,5,0,0,1.0,0,0.0,0,0,0,0,2019.0,0.0,0,0,0,1,0,3713,0.0,0,0,0,0.0,0.0
0,0.0,8947,0,0,0,0,0,0,0,9337,0,0,0,0,0,4,0,0,0.0,0,0.0,0,0,0,0,2017.0,1.0,0,0,0,1,0,3813,0.0,0,0,0,0.0,0.0
0,0.0,6107,0,0,0,0,0,0,0,6044,0,0,0,0,0,5,0,0,1.0,0,0.0,0,0,0,0,2017.0,0.0,0,0,0,1,0,7662,0.0,0,0,0,0.0,0.0
0,0.0,3646,0,0,0,0,0,0,0,9337,0,0,0,0,0,2,0,0,1.0,0,0.0,0,0,0,0,2006.0,0.0,0,0,0,1,0,6316,0.0,0,0,0,0.0,0.0
0,0.0,2339,0,0,0,0,0,0,0,6044,0,0,0,0,0,5,0,0,1.0,0,0.0,0,0,0,0,2017.0,0.0,0,0,0,1,0,2450,0.0,0,0,0,0.0,0.0
0,0.0,6234,0,0,0,0,0,0,0,3543,0,0,0,0,0,10,0,0,1.0,0,0.0,0,0,0,0,2006.0,0.0,0,0,0,1,0,9487,0.0,0,0,0,0.0,0.0
0,0.0,7666,0,0,0,0,0,0,0,9337,0,0,0,0,0,5,0,0,0.0,0,0.0,0,0,0,0,2016.0,1.0,0,0,0,1,0,1981,0.0,0,0,0,0.0,0.0
0,0.0,8536,0,0,0,0,0,0,0,6044,0,0,0,0,0,2,0,0,1.0,0,0.0,0,0,0,0,2012.0,0.0,0,0,0,1,0,2461,0.0,0,0,0,0.0,0.0
0,0.0,3087,0,0,0,0,0,0,0,6044,0,0,0,0,0,9,0,0,1.0,0,0.0,0,0,0,0,2020.0,0.0,0,0,0,1,0,9344,0.0,0,0,0,0.0,0.0
0,0.0,3087,0,0,0,0,0,0,0,9337,0,0,0,0,0,12,0,0,0.0,0,0.0,0,0,0,0,2017.0,1.0,0,0,0,1,1,3251,0.0,0,0,0,0.0,0.0
0,0.0,7599,0,0,0,0,0,0,0,6044,0,0,0,0,0,5,0,0,0.0,0,0.0,0,0,0,0,2016.0,1.0,0,0,0,1,0,9916,0.0,0,0,0,0.0,0.0
0,0.0,7038,0,0,0,0,0,0,0,6044,0,0,0,0,0,4,0,0,0.0,0,0.0,0,0,0,0,2018.0,0.0,0,0,0,1,0,4788,0.0,0,0,0,0.0,0.0
0,0.0,1703,0,0,0,0,0,0,0,6044,0,0,0,0,0,5,0,0,1.0,0,0.0,0,0,0,0,2017.0,0.0,0,0,0,1,0,6807,0.0,0,0,0,0.0,0.0
0,0.0,9311,0,0,0,0,0,0,0,3543,0,0,0,0,0,7,0,0,0.0,0,0.0,0,0,0,0,2015.0,0.0,0,0,0,1,0,1833,1.0,0,0,0,0.0,0.0
0,0.0,2506,0,0,0,0,0,0,0,9337,0,0,0,0,0,4,0,0,0.0,0,0.0,0,0,0,0,2017.0,1.0,0,0,0,1,0,8727,0.0,0,0,0,0.0,0.0
0,0.0,5506,0,0,0,0,0,0,0,9337,1,0,0,0,0,6,0,0,0.0,0,0.0,0,0,0,0,2002.0,1.0,0,0,0,1,1,4933,0.0,0,0,0,0.0,0.0
0,0.0,9279,0,0,0,0,0,0,0,9337,0,0,0,0,0,3,0,0,0.0,0,0.0,0,0,0,0,2012.0,1.0,0,0,0,1,0,3951,0.0,0,0,0,0.0,0.0
0,0.0,8194,0,0,0,0,0,0,0,9337,0,0,0,0,0,3,0,0,0.0,0,0.0,0,0,0,0,2019.0,0.0,0,0,0,1,0,1509,0.0,0,0,0,0.0,0.0
0,0.0,7025,0,0,0,0,0,0,0,9337,0,0,0,0,0,11,0,0,0.0,0,0.0,0,0,0,0,1992.0,0.0,0,0,0,1,0,3893,1.0,0,0,0,0.0,0.0
0,0.0,8745,0,0,0,0,0,0,0,9337,0,0,0,0,0,2,0,0,0.0,0,0.0,0,0,0,0,2015.0,0.0,0,0,0,1,0,8776,1.0,0,0,0,0.0,0.0
0,0.0,7567,0,0,0,0,0,0,0,3944,0,0,0,0,0,4,0,0,1.0,0,0.0,0,0,0,0,2018.0,0.0,0,0,0,1,0,8579,0.0,0,0,0,0.0,0.0
0,0.0,5349,0,0,0,0,0,0,0,3543,0,0,0,0,0,8,0,0,0.0,0,0.0,0,0,0,0,2018.0,0.0,0,0,0,1,0,8028,0.0,0,0,0,0.0,0.0
0,0.0,6032,0,0,0,0,0,0,0,6044,0,0,0,0,0,4,0,0,0.0,0,0.0,0,0,0,0,2007.0,1.0,0,0,0,1,0,7971,0.0,0,0,0,0.0,0.0
0,0.0,8071,0,0,0,0,0,0,0,9337,0,0,0,0,0,5,0,0,0.0,0,0.0,0,0,0,0,2015.0,1.0,0,0,0,1,0,9093,0.0,0,0,0,0.0,0.0
0,0.0,2544,0,0,0,0,0,0,0,9337,0,0,0,0,0,10,0,0,1.0,0,0.0,0,0,0,0,2019.0,0.0,0,0,0,1,0,1483,0.0,0,0,0,0.0,0.0
0,0.0,1573,0,0,0,0,0,0,0,3543,0,0,0,0,0,7,0,0,1.0,0,0.0,0,0,0,0,2020.0,0.0,0,0,0,1,0,9755,0.0,0,0,0,0.0,0.0
0,0.0,9234,0,0,0,0,0,0,0,6044,0,0,0,0,0,5,0,0,0.0,0,0.0,0,0,0,0,2016.0,1.0,0,0,0,1,0,4256,0.0,0,0,0,0.0,0.0
0,0.0,1296,0,0,0,0,0,0,0,9337,0,0,0,0,0,6,0,0,1.0,0,0.0,0,0,0,0,2018.0,0.0,0,0,0,1,0,6329,0.0,0,0,0,0.0,0.0
0,0.0,4096,0,0,0,0,0,0,0,3543,0,0,0,0,0,3,0,0,1.0,0,0.0,0,0,0,0,2019.0,0.0,0,0,0,1,0,4545,0.0,0,0,0,0.0,0.0
0,0.0,9208,0,0,0,0,0,0,0,9337,0,0,0,0,0,4,0,0,0.0,0,0.0,0,0,0,0,2005.0,1.0,0,0,0,1,0,4617,0.0,0,0,0,0.0,0.0
0,0.0,8999,0,0,0,0,0,0,0,9337,0,0,0,0,0,2,0,0,0.0,0,0.0,0,1,0,0,1997.0,0.0,0,0,0,1,0,4020,0.0,0,0,0,0.0,0.0
0,0.0,7063,0,0,0,0,0,0,0,6044,0,0,0,0,0,4,0,0,0.0,0,0.0,0,0,0,0,2017.0,1.0,0,0,0,1,0,4722,0.0,0,0,0,0.0,0.0
0,0.0,2287,0,0,0,0,0,0,0,9337,0,0,0,0,0,6,0,0,0.0,0,0.0,0,0,0,0,2015.0,1.0,0,0,0,1,0,9576,0.0,0,0,0,0.0,0.0
0,0.0,6607,0,0,0,0,0,0,0,6044,0,0,0,0,0,2,0,0,1.0,0,0.0,0,0,0,0,2006.0,0.0,0,0,0,1,0,5508,0.0,0,0,0,0.0,0.0
0,0.0,8625,0,0,0,0,0,0,0,9337,0,0,0,0,0,4,0,0,0.0,0,0.0,0,0,0,0,2004.0,1.0,1,0,0,1,0,5992,0.0,0,0,0,0.0,0.0
0,0.0,5707,0,0,0,0,0,0,0,9337,0,0,0,0,0,1,0,0,0.0,0,0.0,0,0,0,0,1990.0,1.0,0,0,0,1,0,5245,0.0,0,0,0,0.0,0.0
0,0.0,7480,0,0,0,0,0,0,0,3944,0,0,0,0,0,7,0,0,1.0,0,0.0,0,0,0,0,2019.0,0.0,0,0,0,1,0,4446,0.0,0,0,0,0.0,0.0
0,0.0,4141,0,0,0,0,0,0,0,6044,0,0,0,0,0,5,0,0,1.0,0,0.0,0,0,0,1,2019.0,0.0,0,0,0,1,0,3944,0.0,0,0,0,0.0,0.0
0,0.0,1239,0,0,0,0,0,0,0,9337,0,0,0,0,0,2,0,0,0.0,0,0.0,0,0,0,0,2019.0,1.0,0,0,0,1,0,4713,0.0,0,0,0,0.0,0.0
0,0.0,9305,0,0,0,0,0,0,0,9337,0,0,0,0,0,7,0,0,0.0,0,0.0,0,0,0,0,2006.0,1.0,0,0,0,1,0,8859,0.0,0,0,0,0.0,0.0
0,0.0,8749,0,0,0,0,0,0,0,9337,0,0,0,0,0,1,0,0,0.0,0,0.0,0,0,0,0,2008.0,0.0,0,0,0,1,0,7288,1.0,0,0,0,0.0,0.0
0,0.0,1811,0,0,0,0,0,0,0,9337,0,0,0,0,0,8,0,0,0.0,0,0.0,0,0,0,0,2016.0,1.0,0,0,0,1,0,2148,0.0,0,0,0,0.0,0.0
0,0.0,2580,0,0,0,0,0,0,0,6044,0,0,0,0,0,4,0,0,1.0,0,0.0,0,0,0,0,2020.0,0.0,0,0,0,1,0,6558,0.0,0,0,0,0.0,0.0
0,0.0,4417,0,0,0,0,0,0,0,9337,0,0,0,0,0,4,0,0,0.0,0,0.0,0,0,0,0,2016.0,0.0,0,0,0,1,0,6521,0.0,0,0,0,0.0,0.0
0,0.0,3190,0,0,0,0,0,0,0,6044,0,0,0,0,0,10,0,0,0.0,0,0.0,0,0,0,1,1992.0,0.0,0,0,0,1,0,6500,0.0,0,0,0,0.0,0.0
0,0.0,5827,0,0,0,0,0,0,0,9337,0,0,0,0,0,7,0,0,0.0,0,0.0,0,0,0,0,2006.0,1.0,0,0,0,1,0,9045,0.0,0,0,0,0.0,0.0
0,0.0,3707,0,0,0,0,0,0,0,6044,0,0,0,0,0,2,0,0,1.0,0,0.0,0,0,0,0,2018.0,0.0,0,0,0,1,0,1647,0.0,0,0,0,0.0,0.0
0,0.0,4070,0,0,0,0,0,0,0,9337,0,0,0,0,0,8,0,0,1.0,0,0.0,0,0,0,0,2013.0,0.0,0,0,0,1,0,1258,0.0,0,0,0,0.0,0.0
0,0.0,7736,0,0,0,0,0,0,0,6044,0,0,0,0,0,2,0,0,1.0,0,0.0,0,0,0,0,2018.0,0.0,0,0,0,1,0,6562,0.0,0,0,0,0.0,0.0
0,0.0,2462,0,0,0,0,0,0,0,9337,0,0,0,0,0,4,0,0,1.0,0,0.0,0,0,0,0,2016.0,0.0,0,0,0,1,0,1689,0.0,0,0,0,0.0,0.0
0,0.0,3582,0,0,0,0,0,0,0,9337,0,0,0,0,0,12,0,0,0.0,0,0.0,0,0,0,0,2017.0,1.0,0,0,0,1,1,9163,0.0,0,0,0,0.0,0.0
0,0.0,4042,0,0,0,0,0,0,0,3543,0,0,0,0,0,2,0,0,0.0,0,0.0,0,0,0,0,2016.0,0.0,0,0,0,1,0,6605,0.0,0,0,0,0.0,0.0
0,0.0,1664,0,0,0,0,0,0,0,9337,0,0,0,0,0,11,0,0,0.0,0,0.0,0,0,0,0,2003.0,0.0,0,0,0,1,0,6497,1.0,0,0,0,0.0,0.0
0,0.0,9169,0,0,0,0,0,0,0,9337,0,0,0,0,0,3,0,0,0.0,0,0.0,0,0,0,0,2019.0,0.0,0,0,0,1,0,6700,0.0,0,0,0,0.0,0.0
0,0.0,3416,0,0,0,0,0,0,0,6044,0,0,0,0,0,9,0,0,0.0,0,0.0,0,0,0,0,2018.0,1.0,0,0,0,1,0,2313,0.0,0,0,0,0.0,0.0
0,0.0,4248,0,0,0,0,0,0,0,3543,0,0,0,0,0,3,0,0,1.0,0,0.0,0,0,0,0,2016.0,0.0,0,0,0,1,0,8510,0.0,0,0,0,0.0,0.0
0,0.0,9290,0,0,0,0,0,0,0,9337,0,0,0,0,0,3,0,0,0.0,0,0.0,0,0,0,0,2014.0,0.0,0,0,0,1,0,6508,0.0,0,0,0,0.0,0.0
0,0.0,5864,0,0,0,0,0,0,0,9337,0,0,0,0,0,7,0,0,1.0,0,0.0,0,0,0,0,2019.0,0.0,0,0,0,1,0,5471,0.0,0,0,0,0.0,0.0
0,0.0,9777,0,0,0,0,0,0,0,9337,0,0,0,0,0,3,0,0,1.0,0,0.0,0,0,0,0,2015.0,0.0,0,0,0,1,0,9259,0.0,0,0,0,0.0,0.0
0,0.0,9726,0,0,0,0,0,0,0,9337,1,0,0,0,0,6,0,0,0.0,0,0.0,0,0,0,0,2002.0,1.0,0,0,0,1,1,6734,0.0,0,0,0,0.0,0.0
0,0.0,9686,0,0,0,0,0,0,0,6044,0,0,0,0,0,1,0,0,0.0,0,0.0,0,0,0,0,2014.0,1.0,0,0,0,1,0,6204,0.0,0,0,0,0.0,0.0
0,0.0,4648,0,0,0,0,0,0,0,9337,0,0,0,0,0,3,0,0,1.0,0,0.0,0,0,0,0,2019.0,0.0,0,0,0,1,0,2028,0.0,0,0,0,0.0,0.0
0,0.0,1268,0,0,0,0,0,0,0,6044,0,0,0,0,0,2,0,0,1.0,0,0.0,0,0,0,0,2012.0,0.0,0,0,0,1,0,7169,0.0,0,0,0,0.0,0.0
0,0.0,2796,0,0,0,0,0,0,0,3543,0,0,0,0,0,12,0,0,1.0,0,0.0,0,0,0,0,2018.0,0.0,0,0,0,1,0,8424,0.0,0,0,0,0.0,0.0
0,0.0,3128,0,0,0,0,0,0,0,6044,0,0,0,0,0,4,0,0,1.0,0,0.0,0,0,0,0,2020.0,0.0,0,0,0,1,0,2052,0.0,0,0,0,0.0,0.0
0,0.0,9551,0,0,0,0,0,0,0,9337,0,0,0,0,0,8,0,0,1.0,0,0.0,0,1,0,0,2016.0,0.0,0,0,0,1,0,2984,0.0,0,0,0,0.0,0.0
0,0.0,9940,0,0,0,0,0,0,0,9337,0,0,0,0,0,3,0,0,0.0,0,0.0,0,0,0,0,2018.0,1.0,0,0,0,1,0,2379,0.0,0,0,0,0.0,0.0
0,0.0,2399,0,0,0,0,0,0,0,9337,0,0,0,0,0,4,0,0,1.0,0,0.0,0,0,0,0,2018.0,0.0,0,0,0,1,0,5835,0.0,0,0,0,0.0,0.0
0,0.0,4622,0,0,0,0,0,0,0,9337,0,0,0,0,0,7,0,0,0.0,0,0.0,0,0,0,0,2000.0,0.0,0,0,0,1,0,2429,1.0,0,0,0,0.0,0.0
0,0.0,1735,0,0,0,0,0,0,0,3543,0,0,0,0,0,5,0,0,0.0,0,0.0,0,0,0,0,2019.0,0.0,0,0,0,1,0,3381,1.0,0,0,0,0.0,0.0
0,0.0,6081,0,0,0,0,1,0,0,9337,0,0,0,0,0,15,0,0,0.0,0,0.0,0,0,0,0,2017.0,1.0,0,0,0,1,0,9374,0.0,0,0,0,0.0,0.0
0,0.0,7357,0,0,0,0,0,0,0,9337,0,0,0,0,0,9,0,0,1.0,0,0.0,0,0,0,0,2019.0,0.0,0,0,0,1,0,2362,0.0,0,0,0,0.0,0.0
0,0.0,9960,0,0,0,0,0,0,0,9337,0,0,0,0,0,7,0,0,0.0,0,0.0,0,0,0,0,2005.0,1.0,0,0,0,1,0,7895,0.0,0,0,0,0.0,0.0
0,0.0,6335,0,0,0,0,0,0,0,6044,0,0,0,0,0,6,0,0,0.0,0,0.0,0,1,0,0,2017.0,1.0,0,0,0,1,0,6150,0.0,0,0,0,0.0,0.0
0,0.0,1981,0,0,0,0,0,0,0,3543,0,0,0,0,0,7,0,0,0.0,0,0.0,0,0,0,0,2015.0,0.0,0,0,0,1,0,5966,1.0,0,0,0,0.0,0.0
0,0.0,6422,0,0,0,0,0,0,0,9337,0,0,0,0,0,2,0,0,0.0,0,0.0,0,1,0,0,1997.0,0.0,0,0,0,1,0,7789,0.0,0,0,0,0.0,0.0
0,0.0,9273,0,0,0,0,0,0,0,6044,0,0,0,0,0,9,0,0,1.0,0,0.0,0,0,0,0,2020.0,0.0,0,0,0,1,0,9344,0.0,0,0,0,0.0,0.0
0,0.0,3025,0,0,0,0,0,0,0,6044,0,0,0,0,0,3,0,0,0.0,0,0.0,0,0,0,0,2011.0,1.0,0,0,0,1,0,5101,0.0,0,0,0,0.0,0.0
0,0.0,6737,0,0,0,0,0,0,0,9337,0,0,0,0,0,6,0,0,1.0,0,0.0,0,0,0,0,2018.0,0.0,0,0,0,1,0,6576,0.0,0,0,0,0.0,0.0
0,0.0,6043,0,0,0,0,0,0,0,9337,0,0,0,0,0,4,0,0,1.0,0,0.0,0,1,0,0,2018.0,0.0,0,0,0,1,0,5197,0.0,0,0,0,0.0,0.0
0,0.0,5576,0,0,0,0,0,0,0,3543,0,0,0,0,0,5,0,0,0.0,0,0.0,0,0,0,0,2016.0,1.0,0,0,0,1,0,8617,0.0,0,0,0,0.0,0.0
0,0.0,5164,0,0,0,0,0,0,0,3543,0,0,0,0,0,7,0,0,1.0,0,0.0,0,0,0,0,2020.0,0.0,0,0,0,1,0,9569,0.0,0,0,0,0.0,0.0
0,0.0,7115,0,0,0,0,0,0,0,9337,0,0,0,0,0,9,0,0,1.0,0,0.0,0,0,0,0,2019.0,0.0,0,0,0,1,0,7067,0.0,0,0,0,0.0,0.0
0,0.0,1720,0,0,0,0,0,0,0,9337,0,0,0,0,0,5,0,0,0.0,0,0.0,0,0,0,0,2015.0,1.0,0,0,0,1,0,2477,0.0,0,0,0,0.0,0.0
0,0.0,2004,0,0,0,0,0,0,0,9337,0,0,0,0,0,2,0,0,0.0,0,0.0,0,0,0,0,2010.0,0.0,0,0,0,1,0,2828,0.0,0,0,0,0.0,0.0
0,0.0,5155,0,0,0,0,0,0,0,6044,0,0,0,0,0,5,0,0,1.0,0,0.0,0,0,0,0,2017.0,0.0,0,0,0,1,0,3061,0.0,0,0,0,0.0,0.0
0,0.0,9740,0,0,0,0,0,0,0,3543,0,0,0,0,0,10,0,0,1.0,0,0.0,0,0,0,0,2006.0,0.0,0,0,0,1,0,4561,0.0,0,0,0,0.0,0.0
0,0.0,6974,0,0,0,0,0,0,0,9337,0,0,0,0,0,5,0,0,0.0,0,0.0,0,0,0,0,2010.0,1.0,1,0,0,1,0,2171,0.0,0,0,0,0.0,0.0
0,0.0,7608,0,0,0,0,0,0,0,6044,0,0,0,0,0,4,0,0,1.0,0,0.0,0,0,0,0,2020.0,0.0,0,0,0,1,0,1968,0.0,0,0,0,0.0,0.0
0,0.0,4582,0,0,0,0,0,0,0,9337,0,0,0,0,0,6,0,0,0.0,0,0.0,0,0,0,0,1998.0,0.0,0,0,0,1,0,8839,1.0,0,0,0,0.0,0.0
0,0.0,1742,0,0,0,0,0,0,0,9337,0,0,0,0,0,5,0,0,0.0,0,0.0,0,0,0,0,2019.0,0.0,0,0,0,1,0,3957,1.0,0,0,0,0.0,0.0
0,0.0,1961,0,0,0,0,0,0,0,9337,0,0,0,0,0,2,0,0,0.0,0,0.0,0,0,0,1,2008.0,1.0,0,0,0,1,0,6245,0.0,0,0,0,0.0,0.0
0,0.0,8038,0,0,0,0,0,0,0,6044,0,0,0,0,0,9,0,0,1.0,0,0.0,0,0,0,0,2020.0,0.0,0,0,0,1,0,9344,0.0,0,0,0,0.0,0.0
0,0.0,4683,0,0,0,0,0,0,0,9337,0,0,0,0,0,6,0,0,0.0,0,0.0,0,0,0,0,1998.0,0.0,0,0,0,1,0,2028,1.0,0,0,0,0.0,0.0
0,0.0,3989,0,0,0,0,0,0,0,9337,0,0,0,0,0,9,0,0,1.0,0,0.0,0,0,0,0,2019.0,0.0,0,0,0,1,0,5053,0.0,0,0,0,0.0,0.0
0,0.0,4885,0,0,0,0,0,0,0,6044,0,0,0,0,0,4,0,0,0.0,0,0.0,0,0,0,0,2017.0,1.0,0,0,0,1,0,7337,0.0,0,0,0,0.0,0.0
0,0.0,4937,0,0,0,0,0,0,0,9337,0,0,0,0,0,6,0,0,0.0,0,0.0,0,0,0,0,2015.0,1.0,0,0,0,1,0,2282,0.0,0,0,0,0.0,0.0
0,0.0,6135,0,0,0,0,0,0,0,3654,0,0,0,0,0,1,0,0,1.0,0,0.0,0,0,0,0,2019.0,0.0,0,1,0,1,1,1343,0.0,0,0,0,0.0,0.0
0,0.0,3706,0,0,0,0,0,0,0,6044,0,0,0,0,0,2,0,0,1.0,0,0.0,0,0,0,0,2012.0,0.0,0,0,0,1,0,3470,0.0,0,0,0,0.0,0.0
0,0.0,9926,0,0,0,0,0,0,0,9337,0,0,0,0,0,6,0,0,0.0,0,0.0,0,0,0,0,2017.0,0.0,0,0,0,1,0,8331,0.0,0,0,0,0.0,0.0
0,0.0,3202,0,0,0,0,0,0,0,9337,0,0,0,0,0,2,0,0,0.0,0,0.0,0,1,0,0,2014.0,1.0,0,0,0,1,0,8057,0.0,0,0,0,0.0,0.0
0,0.0,1246,0,0,0,0,0,0,0,6044,0,0,0,0,0,4,0,0,1.0,0,0.0,0,0,0,0,2020.0,0.0,0,0,0,1,0,8579,0.0,0,0,0,0.0,0.0
0,0.0,4342,0,0,0,0,0,0,0,6044,0,0,0,0,0,6,0,0,0.0,0,0.0,0,1,0,0,2017.0,1.0,0,0,0,1,0,6150,0.0,0,0,0,0.0,0.0
0,0.0,6166,0,0,0,0,0,0,0,9337,0,0,0,0,0,2,0,0,0.0,0,0.0,0,0,0,0,1990.0,1.0,0,0,0,1,0,7765,0.0,0,0,0,0.0,0.0
0,0.0,8291,0,0,0,0,0,0,0,9337,0,0,2,0,0,9,0,0,1.0,0,0.0,0,1,0,0,2015.0,0.0,0,0,0,1,0,4356,0.0,0,0,0,0.0,0.0
0,0.0,9364,0,0,0,0,0,0,0,9337,0,0,0,0,0,6,0,0,1.0,0,0.0,0,0,0,0,2018.0,0.0,0,0,0,1,0,6178,0.0,0,0,0,0.0,0.0
0,0.0,2866,0,0,0,0,0,0,0,9337,0,0,0,0,0,8,0,0,1.0,0,0.0,0,0,0,0,2012.0,0.0,0,0,0,1,0,8979,0.0,0,0,0,0.0,0.0
0,0.0,6281,0,0,0,0,0,0,0,9337,0,0,0,0,0,6,0,0,1.0,0,0.0,0,0,0,0,2018.0,0.0,0,0,0,1,0,3226,0.0,0,0,0,0.0,0.0
0,0.0,1847,0,0,0,0,0,0,0,6044,0,0,0,0,0,2,0,0,1.0,0,0.0,0,0,0,0,2012.0,0.0,0,0,0,1,0,2594,0.0,0,0,0,0.0,0.0
0,0.0,4289,0,0,0,0,0,0,0,9337,0,0,0,0,0,4,0,0,0.0,0,0.0,0,0,0,0,2004.0,1.0,1,0,0,1,0,2196,0.0,0,0,0,0.0,0.0
0,0.0,7907,0,0,0,0,0,0,0,3543,0,0,0,0,0,4,0,0,0.0,0,0.0,0,0,0,0,2016.0,1.0,0,0,0,1,0,1278,0.0,0,0,0,0.0,0.0
0,0.0,7851,0,0,0,0,0,0,0,9337,0,0,0,0,0,7,0,0,0.0,0,0.0,0,0,0,0,2015.0,0.0,0,0,0,1,0,9331,1.0,0,0,0,0.0,0.0
0,0.0,2765,0,0,0,0,0,0,0,9337,0,0,0,0,0,2,0,0,0.0,0,0.0,0,0,0,1,2008.0,1.0,0,0,0,1,0,3394,0.0,0,0,0,0.0,0.0
0,0.0,2275,0,0,0,0,0,0,0,3543,0,0,0,0,0,2,0,0,1.0,0,0.0,0,0,0,0,2020.0,0.0,0,0,0,1,0,2646,0.0,0,0,0,0.0,0.0
0,0.0,4764,0,0,0,0,0,0,0,6044,0,0,0,0,0,5,0,0,1.0,0,0.0,0,0,0,0,2017.0,0.0,0,0,0,1,0,4933,0.0,0,0,0,0.0,0.0
0,0.0,6192,0,0,0,0,0,0,0,9337,0,0,0,0,0,2,0,0,0.0,0,0.0,0,0,0,0,2016.0,0.0,0,0,0,1,0,4957,0.0,0,0,0,0.0,0.0
0,0.0,8895,0,0,0,0,0,0,0,9337,0,0,0,0,0,9,0,0,0.0,0,0.0,0,0,0,0,2012.0,1.0,0,0,0,1,0,4714,0.0,0,0,0,0.0,0.0
0,0.0,1737,0,0,0,0,0,0,0,9337,0,0,0,0,0,7,0,0,1.0,0,0.0,0,0,0,0,2020.0,0.0,0,0,0,1,0,4528,0.0,0,0,0,0.0,0.0
0,0.0,5399,0,0,0,0,0,0,0,9337,0,0,0,0,0,2,0,0,0.0,0,0.0,0,0,0,0,1990.0,1.0,0,0,0,1,0,1498,0.0,0,0,0,0.0,0.0
0,0.0,4141,0,0,0,0,0,0,0,6044,0,0,0,0,0,5,0,0,1.0,0,0.0,0,0,0,1,2019.0,0.0,0,0,0,1,0,3944,0.0,0,0,0,0.0,0.0
0,0.0,8397,0,0,0,0,0,0,0,6044,0,0,0,0,0,9,0,0,1.0,0,0.0,0,0,0,0,2020.0,0.0,0,0,0,1,0,9344,0.0,0,0,0,0.0,0.0
0,0.0,1250,0,0,0,0,0,0,0,9337,0,0,0,0,0,15,0,0,0.0,0,0.0,0,0,0,0,2019.0,1.0,0,0,0,1,0,5475,0.0,0,0,0,0.0,0.0
0,0.0,9010,0,0,0,0,0,0,0,6044,0,0,0,0,0,5,0,0,1.0,0,0.0,0,0,0,0,2017.0,0.0,0,0,0,1,0,9890,0.0,0,0,0,0.0,0.0
0,0.0,1720,0,0,0,0,0,0,0,3543,0,0,0,0,0,5,0,0,0.0,0,0.0,0,0,0,0,2015.0,1.0,0,0,0,1,0,8462,0.0,0,0,0,0.0,0.0
