help,rating_R,cast,finds,man,man,high,high,family,father,country,young,love,love,woman,rating_NR,story,rating_G,duration,life,life,rating_TV-MA,teen,rating_PG,series,rating_TV-Y,world,world,release_year,rating_TV-14,new,school,movie,type,group,director,rating_TV-PG,christmas,friends,girl,girl,city,rating_PG-13
0,0.0,2598,0,0,0,0,0,0,0,4096,0,0,0,0,0.0,0,0.0,90,0,0,0.0,0,0.0,0,0.0,0,0,2016.3245835823634,0.0,0,0,0,0,0,9144,0.6622917911816926,0,0,0,0,0,0.33770820881830743
0,0.0,3326,0,0,0,0,0,0,0,9337,0,0,0,0,0.0,0,0.0,42,0,0,1.0,0,0.0,0,0.0,0,0,2019.0,0.0,0,0,0,0,0,2176,0.0,0,0,0,0,0,0.0
0,0.0,9315,0,0,0,0,0,0,0,9337,0,0,0,0,0.0,0,0.0,75,0,0,1.0,0,0.0,0,0.0,0,0,2020.0,0.0,0,0,0,0,0,2688,0.0,0,0,0,0,0,0.0
0,0.0,2762,0,0,0,0,0,1,0,9337,0,0,0,0,0.0,0,0.0,98,0,0,0.0,0,1.0,0,0.0,0,0,2018.0,0.0,1,0,0,0,0,1526,0.0,0,0,0,0,0,0.0
0,0.0,5663,0,0,0,0,0,0,0,4096,0,0,0,0,0.0,0,0.0,91,0,0,0.36942598428300344,0,0.0,0,0.0,0,0,2021.0,0.6305740157169966,0,0,0,0,0,4461,0.0,0,0,0,0,0,0.0
0,0.0,1720,0,0,0,0,0,0,0,4096,0,0,0,0,0.0,0,0.0,86,0,0,0.8856989635759255,0,0.0,0,0.0,0,0,2020.885698963576,0.0,0,0,0,0,0,4326,0.11430103642407452,0,0,0,0,0,0.0
0,0.0,5527,0,0,0,0,0,0,0,4096,0,0,0,0,0.0,0,0.0,86,0,0,0.7970876558464673,0,0.0,0,0.0,0,0,2019.9854382792323,0.0,0,0,0,0,0,4343,0.0,0,0,0,0,0,0.0
0,0.0,1753,0,0,0,0,0,0,0,3325,0,0,1,0,0.0,0,0.0,74,0,1,0.0,0,0.0,0,0.0,0,0,2018.0,0.0,0,0,0,0,0,7091,1.0,0,0,0,0,0,0.0
0,0.0,5241,0,0,0,0,0,0,0,4096,0,0,0,1,0.0,0,0.0,46,0,0,0.0,0,0.0,0,0.0,0,0,2013.0,1.0,0,0,0,0,0,1788,0.0,0,0,0,0,0,0.0
0,0.0,7081,0,0,0,0,0,0,0,9337,0,0,0,0,0.0,0,0.0,92,0,0,0.0,0,0.0,0,0.0,0,0,2014.0990354292996,0.0,0,0,0,0,0,4168,0.42491961910830933,0,0,0,0,0,0.5750803808916907
0,0.0,2483,0,0,0,0,0,0,0,4096,0,0,0,0,0.0,0,0.0,113,0,1,0.0,0,1.0,0,0.0,0,0,2017.0,0.0,0,0,0,0,0,3715,0.0,0,0,0,0,0,0.0
0,0.0,6852,0,0,0,0,0,0,0,9337,0,0,0,0,0.0,0,0.0,86,0,0,0.0,0,0.0,0,0.0,0,0,2017.222640462101,0.0,0,0,0,0,0,4054,0.24452809242018458,0,0,0,0,0,0.0
0,0.0,6072,0,0,0,0,0,0,0,9337,0,0,0,0,0.0,0,0.0,114,0,0,0.0,0,0.0,0,0.0,0,0,2014.551156275905,0.0,0,0,0,0,0,7148,0.5551156275905007,0,0,0,0,0,0.4448843724094993
0,0.0,2256,0,0,0,0,1,0,0,4096,0,0,0,0,0.0,0,0.0,121,0,0,1.0,0,0.0,0,0.0,0,0,2015.0,0.0,0,1,0,0,0,5920,0.0,0,0,0,0,0,0.0
0,0.0,7002,0,0,0,0,0,0,0,4096,0,0,0,0,0.0,0,0.0,125,0,0,0.0,0,0.0,0,0.0,0,0,2015.8766276445758,0.04112411847470321,0,0,0,0,0,5236,0.0,0,0,0,0,0,0.9588758815252968
0,0.0,2531,0,0,0,0,1,0,0,4096,0,0,0,0,0.0,0,0.0,121,0,0,1.0,0,0.0,0,0.0,0,0,2015.0,0.0,0,1,0,0,0,5920,0.0,0,0,0,0,0,0.0
0,0.0,1597,0,0,0,0,0,0,0,9337,0,0,0,0,0.0,0,0.0,81,0,0,0.0,0,0.0,0,0.0,0,0,2016.4147981754675,0.0,0,0,0,0,0,3382,0.6178998479556309,0,0,0,0,0,0.3821001520443691
0,0.0,8941,0,0,0,0,0,0,0,9337,0,0,0,0,0.0,0,0.0,112,0,0,0.0,0,0.0,0,0.0,0,0,2019.0,0.0,0,0,0,0,0,6884,1.0,0,0,0,0,0,0.0
0,0.0,8204,0,0,0,0,0,0,0,9337,0,0,0,0,0.0,0,0.0,72,0,0,0.8352990827924778,0,0.0,0,0.0,0,0,2020.1647009172075,0.0,0,0,0,0,0,3647,0.16470091720752222,0,0,0,0,0,0.0
0,0.0,8938,0,0,0,0,0,0,0,4096,0,0,0,0,0.0,0,0.0,85,0,0,1.0,0,0.0,0,0.0,0,0,2017.6319434049717,0.0,0,0,0,0,0,2604,0.0,0,0,0,0,0,0.0
0,0.0,8785,0,0,0,0,0,0,0,9337,0,0,0,0,0.0,0,0.0,75,0,0,1.0,0,0.0,0,0.0,0,0,2020.0,0.0,0,0,0,0,0,2688,0.0,0,0,0,0,0,0.0
0,0.0,8369,0,0,0,0,0,0,0,9337,0,0,0,0,0.0,0,0.0,74,0,0,0.9626067386044407,0,0.0,0,0.0,0,0,2020.0373932613957,0.0,0,0,0,0,0,3680,0.03739326139555932,0,0,0,0,0,0.0
0,0.0,9602,0,0,0,0,0,0,0,9337,0,0,0,0,0.0,0,0.0,75,0,0,1.0,0,0.0,0,0.0,0,0,2020.0,0.0,0,0,0,0,0,2688,0.0,0,0,0,0,0,0.0
0,0.0,3116,0,0,0,0,0,0,0,9337,0,0,0,0,0.0,0,0.0,38,0,0,0.35960826817498925,0,0.0,0,0.0,0,0,2020.28078346365,0.6403917318250107,0,0,0,0,0,6773,0.0,0,0,0,0,0,0.0
0,0.0,5290,0,0,0,0,0,0,0,4096,0,0,0,1,0.0,0,0.0,46,0,0,0.0,0,0.0,0,0.0,0,0,2013.0,1.0,0,0,0,0,0,1788,0.0,0,0,0,0,0,0.0
0,0.0,6274,0,0,0,0,0,0,0,9337,0,0,0,0,0.0,0,0.0,112,0,0,0.0,0,0.0,0,0.0,0,0,2017.9537847311472,0.0,0,0,0,0,0,6845,0.8953784731147225,0,0,0,0,0,0.10462152688527748
0,0.0,5182,0,0,0,0,0,0,0,9337,0,0,0,0,0.0,0,0.0,112,0,0,0.0,0,0.0,0,0.0,0,0,2018.8708046536672,0.0,0,0,0,0,0,6887,0.9870804653667071,0,0,0,0,0,0.012919534633292873
0,0.0,2269,0,0,0,0,0,0,0,4096,0,0,1,0,0.0,0,0.0,107,0,1,0.0,0,0.0,0,0.0,0,1,2019.0,1.0,0,0,0,0,0,9839,0.0,0,0,0,0,0,0.0
0,0.0,5312,0,0,0,0,0,0,0,9337,0,0,0,0,0.0,0,0.0,113,0,0,0.0,0,0.0,0,0.0,0,0,2016.5815510143439,0.0,0,0,0,0,0,7027,0.7581551014343783,0,0,0,0,0,0.24184489856562175
0,0.0,8531,0,0,0,0,0,0,0,9337,0,0,0,0,0.0,0,0.0,63,0,0,0.26242898333944453,0,0.0,0,0.0,0,0,2020.7375710166605,0.0,0,0,0,0,0,3236,0.7375710166605555,0,0,0,0,0,0.0
0,0.0,1294,0,0,0,0,0,0,0,4096,0,0,0,0,0.0,0,0.0,92,0,0,1.0,0,0.0,0,0.0,0,0,2012.6249565626842,0.0,0,0,0,0,0,2401,0.0,0,0,0,0,0,0.0
0,0.0,7097,0,0,0,0,0,0,0,9337,0,0,0,0,0.0,0,0.0,76,0,0,0.0,0,0.0,0,0.0,0,0,2017.3680569061542,0.0,0,0,0,0,0,3204,0.6973380755128442,0,0,0,0,0,0.3026619244871558
0,0.0,5733,0,0,0,0,0,0,0,9337,0,0,0,0,0.0,0,0.0,95,0,0,0.0,0,0.0,0,0.0,0,0,2013.3535629993248,0.0,0,0,0,0,0,4247,0.3627969166103968,0,0,0,0,0,0.6372030833896032
0,0.0,3326,0,0,0,0,0,0,0,9337,0,0,0,0,0.0,0,0.0,42,0,0,1.0,0,0.0,0,0.0,0,0,2019.0,0.0,0,0,0,0,0,5155,0.0,0,0,0,0,0,0.0
0,0.0,2427,0,0,0,0,0,0,0,4337,0,0,0,0,0.0,0,0.0,122,0,0,0.0,0,0.0,0,0.0,0,0,1994.5150744642583,0.6534596291215848,0,0,0,0,0,4036,0.34654037087841516,0,0,0,0,0,0.0
0,0.0,1641,0,0,0,0,0,0,0,9337,0,0,0,0,0.0,0,0.0,87,0,0,0.0,0,0.0,0,0.0,0,0,2015.193238064961,0.0,0,0,0,0,0,3224,0.5161031720800731,0,0,0,0,0,0.48389682791992694
0,0.0,5614,0,0,0,0,0,0,0,3325,0,0,0,0,0.0,0,0.0,115,0,0,0.0,0,0.0,0,0.0,0,0,2020.7984537215468,0.9328179071822839,0,0,0,0,0,6947,0.06718209281771614,0,0,0,0,0,0.0
0,0.0,7302,0,0,0,0,0,0,0,4096,0,0,0,0,0.0,0,0.0,92,0,0,0.0,0,0.0,0,0.0,0,0,2018.3395786745434,0.0,0,0,0,0,0,3924,0.7798595581811537,0,0,0,0,0,0.0
0,0.0,9083,0,0,0,0,0,0,0,9337,0,0,0,0,0.0,0,0.0,75,0,0,1.0,0,0.0,0,0.0,0,0,2020.0,0.0,0,0,0,0,0,2688,0.0,0,0,0,0,0,0.0
0,0.0,2085,0,0,0,0,0,0,0,3325,0,0,1,0,0.0,0,0.0,74,0,1,0.0,0,0.0,0,0.0,0,0,2018.0,0.0,0,0,0,0,0,8178,1.0,0,0,0,0,0,0.0
0,0.0,6015,0,0,0,0,0,0,0,9337,0,0,0,0,0.0,0,0.0,97,0,0,0.4646026445634718,0,0.0,0,0.0,0,0,2014.1106290901982,0.0,0,0,0,0,0,2857,0.0,0,0,0,0,0,0.5353973554365282
0,0.0,2025,0,0,0,0,0,0,0,9337,0,0,0,0,0.0,0,0.0,103,0,0,0.0,0,0.7348138538524404,0,0.0,0,0,2015.6133246846719,0.0,0,0,0,0,0,1833,0.0,0,0,0,0,0,0.26518614614755964
0,0.0,1267,0,0,0,0,0,0,0,9337,0,0,0,0,0.0,0,0.0,82,0,0,0.0,0,0.0,0,0.0,0,0,2016.1906636293438,0.0,0,0,0,0,0,3259,0.5992219691119923,0,0,0,0,0,0.4007780308880077
0,0.0,5662,0,0,0,0,0,0,0,3325,0,0,1,0,0.0,0,0.0,74,0,1,0.0,0,0.0,0,0.0,0,0,2018.0,0.0,0,0,0,0,0,8178,1.0,0,0,0,0,0,0.0
0,0.0,8899,0,0,0,0,0,0,0,4096,0,0,0,0,0.0,0,0.0,82,0,0,0.42349416802908435,0,0.5765058319709156,0,0.0,0,0,2016.7295174959127,0.0,0,0,0,0,0,5977,0.0,0,0,0,0,0,0.0
0,0.0,9540,0,0,0,0,0,0,0,9337,0,0,0,0,0.0,0,0.0,65,0,0,0.37565091769612535,0,0.0,0,0.0,0,0,2020.624349082304,0.0,0,0,0,0,0,3528,0.6243490823038746,0,0,0,0,0,0.0
0,0.0,7663,0,0,0,0,0,0,0,4096,0,0,0,0,0.0,0,0.0,84,0,0,1.0,0,0.0,0,0.0,0,0,2021.0,0.0,1,0,0,0,0,4366,0.0,0,0,0,0,0,0.0
0,0.0,2354,0,0,0,0,0,0,0,9337,0,0,0,0,0.0,0,0.0,82,0,0,0.0,0,0.0,0,0.0,0,0,2014.1657725861246,0.43048104884372596,0,0,0,0,0,6539,0.0,0,0,0,0,0,0.569518951156274
0,0.0,6195,0,0,0,0,0,0,0,2745,0,0,0,0,0.0,0,0.0,110,0,0,0.0,0,0.0,0,0.0,0,0,1992.7872156150465,0.4875123645631926,0,0,0,0,0,4101,0.5124876354368074,0,0,0,0,0,0.0
0,0.0,2574,0,0,0,0,0,1,0,9337,0,0,0,0,0.0,0,0.0,98,0,0,0.0,0,1.0,0,0.0,0,0,2018.0,0.0,1,0,0,0,0,1526,0.0,0,0,0,0,0,0.0
0,0.0,4602,0,0,0,0,0,0,0,9337,0,0,0,0,0.0,0,0.0,77,0,0,0.8906026179691131,0,0.0,0,0.0,0,0,2019.5624104718765,0.0,0,0,0,0,0,3751,0.0,0,0,0,0,0,0.0
0,0.0,7367,0,0,0,0,0,0,0,4096,0,0,0,0,0.0,0,0.0,60,0,0,0.0,0,0.8474607830795718,0,0.0,0,0,2018.0,0.0,0,0,0,0,0,5948,0.0,0,0,0,0,0,0.0
0,0.0,8604,0,0,0,0,0,0,0,9337,0,0,0,0,0.0,0,0.0,75,0,0,1.0,0,0.0,0,0.0,0,0,2020.0,0.0,0,0,0,0,0,3690,0.0,0,0,0,0,0,0.0
0,0.0,5326,0,0,0,0,0,0,0,4096,0,0,0,0,0.0,0,0.0,91,0,0,0.0,0,0.0,0,0.0,0,0,2020.4846484382047,0.0,0,0,0,0,0,3740,0.2576757808977198,0,0,0,0,0,0.0
0,0.0,1951,0,0,0,0,0,0,0,9337,0,0,0,0,0.0,0,0.0,109,0,0,0.0,0,0.387591265382943,0,0.0,0,0,2012.4883213884466,0.0,0,0,0,0,0,2233,0.0,0,0,0,0,0,0.612408734617057
0,0.0,3294,0,0,0,0,0,0,0,9337,0,0,0,0,0.0,0,0.0,53,0,0,0.8389278464496849,0,0.0,0,0.0,0,0,2019.0,0.0,0,0,0,0,0,7819,0.16107215355031512,0,0,0,0,0,0.0
0,0.0,5636,0,0,0,0,0,0,0,3218,0,0,0,0,0.0,0,0.0,119,0,0,0.0,0,0.0,0,0.0,0,0,2018.8606325580356,1.0,0,0,0,0,0,6972,0.0,0,0,0,0,0,0.0
0,0.0,2596,0,0,0,0,0,0,0,4096,0,0,0,0,0.0,0,0.0,118,0,0,0.4798129869354979,0,0.0,0,0.0,0,0,2016.4798129869355,0.5201870130645021,0,0,0,0,0,1669,0.0,0,0,0,0,0,0.0
0,0.0,7453,0,0,0,0,0,0,0,9337,0,0,0,0,0.0,0,0.0,115,0,0,0.0,0,0.0,0,0.0,0,0,2012.298505495893,0.0,0,0,0,0,0,6636,0.3298505495893004,0,0,0,0,0,0.6701494504106996
0,0.0,2239,0,0,0,0,0,0,0,4096,0,0,0,0,0.0,0,0.0,130,0,0,0.0,0,0.0,0,0.0,0,0,2016.0,1.0,0,1,0,0,0,1875,0.0,0,0,0,1,0,0.0
0,0.0,6143,0,0,0,0,0,0,0,9337,0,0,0,0,0.0,0,0.0,62,0,0,0.23781276460055167,0,0.0,0,0.0,0,0,2020.7621872353996,0.0,0,0,0,0,0,3492,0.7621872353994483,0,0,0,0,0,0.0
0,0.0,9530,0,0,0,0,0,0,0,9337,0,0,0,0,0.0,0,0.0,97,0,0,0.0,0,0.0,0,0.0,0,0,2016.3734373678046,0.0,0,0,0,0,0,4583,0.12447912260152971,0,0,0,0,0,0.0
0,0.0,1329,0,0,0,0,0,0,0,9337,1,0,0,0,0.0,0,0.0,59,0,0,0.0,0,0.0,0,0.0,0,1,2021.0,0.0,0,0,0,0,0,3431,1.0,0,0,0,0,0,0.0
0,0.0,1464,0,0,0,0,1,0,0,4096,0,0,0,0,0.0,0,0.0,121,0,0,1.0,0,0.0,0,0.0,0,0,2015.0,0.0,0,1,0,0,0,5920,0.0,0,0,0,0,0,0.0
0,0.0,8356,0,0,0,0,0,0,0,9337,0,0,0,0,0.0,0,0.0,75,0,0,1.0,0,0.0,0,0.0,0,0,2020.0,0.0,0,0,0,0,0,3690,0.0,0,0,0,0,0,0.0
0,0.0,6889,0,0,0,0,0,0,0,9337,0,0,0,0,0.0,0,0.0,115,0,0,0.0,0,0.0,0,0.0,0,0,2011.3226764937363,0.0,0,0,0,0,0,7105,0.23226764937363664,0,0,0,0,0,0.7677323506263634
0,0.0,4165,0,0,0,0,0,0,0,4096,0,0,0,1,0.0,0,0.0,46,0,0,0.0,0,0.0,0,0.0,0,0,2013.0,1.0,0,0,0,0,0,1788,0.0,0,0,0,0,0,0.0
0,0.0,2825,0,0,0,0,0,0,0,9337,0,0,0,0,0.0,0,0.0,76,0,0,0.38818668770789144,0,0.6118133122921086,0,0.0,0,0,2018.388186687708,0.0,0,0,0,0,0,1614,0.0,0,0,0,0,0,0.0
0,0.0,2543,0,0,0,0,0,0,0,4096,0,0,0,0,0.0,0,0.0,75,0,0,0.0,0,0.0,0,0.0,0,0,2014.0657217602338,1.0,0,0,0,0,0,1818,0.0,0,0,0,0,0,0.0
0,0.0,6959,0,0,0,0,0,0,0,4096,0,0,0,0,0.0,0,0.0,119,0,0,0.0,0,0.0,0,0.0,0,0,2013.5180518342158,0.0,0,0,0,0,0,5313,0.2757720184204556,0,0,0,0,0,0.7242279815795444
0,0.0,4494,0,0,0,0,0,0,0,9337,0,0,0,0,0.0,0,0.0,102,0,0,0.14257286801680524,0,0.0,0,0.0,0,0,2019.0,0.0,0,0,0,0,0,6893,0.8574271319831948,0,0,0,0,0,0.0
0,0.0,4900,0,0,0,0,0,0,0,9337,0,0,0,0,0.0,0,0.0,112,0,0,0.0,0,0.0,0,0.0,0,0,2019.0,0.0,0,0,0,0,0,6884,1.0,0,0,0,0,0,0.0
0,0.0,2744,0,0,0,0,0,0,0,4096,1,0,0,0,0.0,0,0.0,106,1,0,1.0,0,0.0,0,0.0,0,0,2017.0,0.0,0,0,0,0,0,1446,0.0,0,0,0,0,0,0.0
0,0.0,9573,0,0,0,0,0,0,0,9337,0,0,0,0,0.0,0,0.0,75,0,0,1.0,0,0.0,0,0.0,0,0,2020.0,0.0,0,0,0,0,0,3143,0.0,0,0,0,0,0,0.0
0,0.0,6806,0,0,0,0,0,0,0,9337,0,0,0,0,0.0,0,0.0,109,0,0,0.0,0,0.0,0,0.0,0,0,2011.623265451899,0.0,0,0,0,0,0,4541,0.0,0,0,0,0,0,0.6252477925858441
0,0.0,2545,0,0,0,0,0,0,0,4096,0,0,0,0,0.0,0,0.0,125,0,0,0.04442839303191015,0,0.0,0,0.0,0,0,2015.9111432139362,0.0,0,0,0,0,0,5236,0.0,0,0,0,0,0,0.9555716069680898
0,0.0,5628,0,0,0,0,0,0,0,4096,0,0,0,0,0.0,0,0.0,110,0,0,0.0,0,0.0,0,0.0,0,0,2013.5807563643516,0.5725945455439413,0,0,0,0,0,6355,0.0,0,0,0,0,0,0.4274054544560587
0,0.0,6162,0,0,0,0,0,1,0,4096,0,0,0,0,0.0,0,0.0,129,0,1,0.0,0,0.0,0,0.0,1,1,2016.0,0.0,1,0,0,0,0,5234,0.0,0,0,0,0,0,1.0
0,0.0,7801,0,0,0,0,0,0,0,9337,0,0,0,0,0.0,0,0.0,115,0,0,0.0,0,0.0,0,0.0,0,0,2011.896120010846,0.0,0,0,0,0,0,7089,0.28961200108460194,0,0,0,0,0,0.7103879989153981
0,0.0,8995,0,0,0,0,0,0,0,9337,0,0,0,0,0.0,0,0.0,75,0,0,1.0,0,0.0,0,0.0,0,0,2020.0,0.0,0,0,0,0,0,2688,0.0,0,0,0,0,0,0.0
0,0.0,8872,0,0,0,0,0,0,0,9337,0,0,0,0,0.0,0,0.0,68,0,0,0.6106163188646961,0,0.0,0,0.0,0,0,2020.3893836811353,0.0,0,0,0,0,0,2977,0.38938368113530386,0,0,0,0,0,0.0
0,0.0,8357,0,0,0,0,0,0,0,9337,0,0,0,0,0.0,0,0.0,75,0,0,1.0,0,0.0,0,0.0,0,0,2020.0,0.0,0,0,0,0,0,2702,0.0,0,0,0,0,0,0.0
0,0.0,4634,0,0,0,0,0,0,0,4096,0,0,0,0,0.0,0,0.0,84,0,0,1.0,0,0.0,0,0.0,0,0,2015.5891154257724,0.0,0,0,0,0,0,2551,0.0,0,0,0,0,0,0.0
0,0.0,2344,0,0,0,0,0,0,0,4096,0,0,1,0,0.0,0,0.0,107,0,1,0.0,0,0.0,0,0.0,0,1,2019.0,1.0,0,0,0,0,0,9839,0.0,0,0,0,0,0,0.0
0,0.0,5487,0,0,0,0,0,0,0,3325,0,0,0,0,0.0,0,0.0,107,0,0,0.0,0,0.0,0,0.0,0,0,2020.296887970126,0.7656293233752828,0,0,0,0,0,6973,0.23437067662471722,0,0,0,0,0,0.0
0,0.0,9962,0,0,0,0,1,0,0,4096,0,0,0,0,0.0,0,0.0,96,0,0,1.0,0,0.0,0,0.0,0,0,2016.0,0.0,0,0,0,0,0,1322,0.0,0,0,0,0,0,0.0
0,0.0,2520,0,0,0,0,0,1,0,4096,0,0,0,0,0.0,0,0.0,129,0,1,0.0,0,0.0,0,0.0,1,1,2016.0,0.0,1,0,0,0,0,5234,0.0,0,0,0,0,0,1.0
0,0.0,1638,0,0,0,0,0,0,0,9337,0,0,0,0,0.0,0,0.0,111,0,0,0.0,0,0.0,0,0.0,0,0,2010.088278370282,0.0,0,0,0,0,0,3042,0.09068986419016489,0,0,0,0,0,0.9093101358098351
0,0.0,5610,0,0,0,0,0,1,0,9337,0,0,0,0,0.0,0,0.0,98,0,0,0.0,0,1.0,0,0.0,0,0,2018.0,0.0,1,0,0,0,0,1526,0.0,0,0,0,0,0,0.0
0,0.0,9753,0,0,0,0,0,0,0,9337,0,0,0,0,0.0,0,0.0,70,0,0,0.0,0,0.0,0,0.0,0,0,2019.4556349735644,0.0,0,0,0,0,0,3685,0.6911269947128991,0,0,0,0,0,0.0
0,0.0,4094,0,0,0,0,1,0,0,4096,0,0,0,0,0.0,0,0.0,121,0,0,1.0,0,0.0,0,0.0,0,0,2015.0,0.0,0,1,0,0,0,5920,0.0,0,0,0,0,0,0.0
0,0.0,2168,0,0,0,0,0,0,0,9337,0,0,0,0,0.0,0,0.0,101,0,0,0.2057706669648811,0,0.0,0,0.0,0,0,2011.0577066696487,0.0,0,0,0,0,0,4654,0.0,0,0,0,0,0,0.7942293330351189
0,0.0,2309,0,0,0,0,0,1,0,4096,0,0,0,0,0.0,0,0.0,129,0,1,0.0,0,0.0,0,0.0,1,1,2016.0,0.0,1,0,0,0,0,5234,0.0,0,0,0,0,0,1.0
0,0.0,9638,0,0,0,0,0,0,0,2600,0,0,0,0,0.0,0,0.0,119,0,0,0.0,0,0.0,0,0.0,0,0,1997.1132436933915,0.5396216087602426,0,0,0,0,0,4141,0.0,0,0,0,0,0,0.0
0,0.0,5454,0,0,0,0,0,0,0,3325,0,0,1,0,0.0,0,0.0,74,0,1,0.0,0,0.0,0,0.0,0,0,2018.0,0.0,0,0,0,0,0,7091,1.0,0,0,0,0,0,0.0
0,0.0,2895,0,0,0,0,0,1,0,9337,0,0,0,0,0.0,0,0.0,98,0,0,0.0,0,1.0,0,0.0,0,0,2018.0,0.0,1,0,0,0,0,1526,0.0,0,0,0,0,0,0.0
0,0.0,1199,0,0,0,0,0,0,0,4390,0,0,0,0,0.0,0,0.0,127,0,0,0.0,0,0.0,0,0.0,0,0,1985.7039455656447,0.7954806275806633,0,0,0,0,0,4066,0.2045193724193367,0,0,0,0,0,0.0
0,0.0,3759,0,0,0,0,0,0,0,4096,0,0,0,0,0.0,0,0.0,100,0,0,0.0,0,0.6653687766874241,0,0.0,0,0,2015.657581436812,0.0,0,0,0,0,0,1660,0.3346312233125759,0,0,0,0,0,0.0
0,0.0,7191,0,0,0,0,0,0,0,3325,0,0,1,0,0.0,0,0.0,74,0,1,0.0,0,0.0,0,0.0,0,0,2018.0,0.0,0,0,0,0,0,7091,1.0,0,0,0,0,0,0.0
0,0.0,1332,0,0,0,0,0,0,0,9337,1,0,0,0,0.0,0,0.0,59,0,0,0.0,0,0.0,0,0.0,0,1,2021.0,0.0,0,0,0,0,0,3431,1.0,0,0,0,0,0,0.0
0,0.0,8570,0,0,0,0,0,0,0,9337,0,0,0,0,0.0,0,0.0,75,0,0,1.0,0,0.0,0,0.0,0,0,2020.0,0.0,0,0,0,0,0,2688,0.0,0,0,0,0,0,0.0
0,0.0,9185,0,0,0,0,0,0,0,4096,0,0,0,0,0.0,0,0.0,104,0,0,0.10489728527682685,0,0.8951027147231732,0,0.0,0,0,2016.7902054294464,0.0,0,1,0,0,0,6289,0.0,0,0,0,0,0,0.0
0,0.0,6704,0,0,0,0,0,0,0,4096,0,0,0,0,0.0,0,0.0,10,0,0,0.0,0,0.0,0,0.0,0,0,2019.5274953245105,1.0,0,0,0,0,0,9986,0.0,0,0,0,0,0,0.0
0,0.0,6265,0,0,0,0,0,0,0,9337,0,0,0,0,0.0,0,0.0,70,0,0,0.7356172993215597,0,0.0,0,0.0,0,0,2020.2643827006784,0.0,0,0,0,0,0,3621,0.2643827006784403,0,0,0,0,0,0.0
0,0.0,6660,0,0,0,0,0,1,0,9337,0,0,0,0,0.0,0,0.0,98,0,0,0.0,0,1.0,0,0.0,0,0,2018.0,0.0,1,0,0,0,0,1526,0.0,0,0,0,0,0,0.0
0,0.0,1503,0,0,0,0,0,0,0,9337,0,0,0,0,0.0,0,0.0,77,0,0,0.0,0,0.0,0,0.0,0,0,2017.1566713423538,0.0,0,0,0,0,0,3390,0.6797226118628134,0,0,0,0,0,0.32027738813718665
0,0.0,2629,0,0,0,0,0,0,0,9337,0,0,0,0,0.0,0,0.0,62,0,0,0.0,0,0.0,0,0.0,0,0,2017.0776154166947,0.6731346180578844,0,0,0,0,0,6596,0.0,0,0,0,0,0,0.32686538194211556
0,0.0,5737,0,0,0,0,0,0,0,9337,0,0,0,0,0.0,0,0.0,116,0,0,0.0,0,0.0,0,0.0,0,0,2009.0725088516335,0.0,0,0,0,0,0,4708,0.0,0,0,0,0,0,0.9896415926237841
0,0.0,7725,0,0,0,0,0,0,0,9337,0,0,0,0,0.0,0,0.0,114,0,0,0.0,0,0.0,0,0.0,0,0,2014.5605580390213,0.0,0,0,0,0,0,6686,0.5560558039021399,0,0,0,0,0,0.44394419609786007
0,0.0,5383,0,0,0,0,0,0,0,4096,0,0,1,0,0.0,0,0.0,107,0,1,0.0,0,0.0,0,0.0,0,1,2019.0,1.0,0,0,0,0,0,9839,0.0,0,0,0,0,0,0.0
0,0.0,6119,0,0,0,0,0,0,0,9337,0,0,0,0,0.0,0,0.0,113,0,0,0.0,0,0.0,0,0.0,0,0,2015.3427815766406,0.0,0,0,0,0,0,7101,0.6342781576640705,0,0,0,0,0,0.3657218423359295
0,0.0,9283,0,0,0,0,0,0,0,9337,0,0,0,0,0.0,0,0.0,78,0,0,0.8221354731354222,0,0.0,0,0.0,0,0,2019.2885418925416,0.0,0,0,0,0,0,3790,0.0,0,0,0,0,0,0.0
0,0.0,5435,0,0,0,0,0,1,0,9337,0,0,0,0,0.0,0,0.0,98,0,0,0.0,0,1.0,0,0.0,0,0,2018.0,0.0,1,0,0,0,0,1526,0.0,0,0,0,0,0,0.0
0,0.0,8474,0,0,0,0,0,0,0,9337,0,0,0,0,0.0,0,0.0,75,0,0,1.0,0,0.0,0,0.0,0,0,2020.0,0.0,0,0,0,0,0,2688,0.0,0,0,0,0,0,0.0
0,0.0,1086,0,0,0,0,0,0,0,4096,0,0,0,0,0.0,0,0.0,92,0,0,0.06021518964591843,0,0.0,0,0.0,0,0,2017.8193544310623,0.0,0,0,0,0,0,6270,0.9397848103540816,0,0,0,0,0,0.0
0,0.0,8579,0,0,0,0,1,0,0,4096,0,0,0,0,0.0,0,0.0,121,0,0,1.0,0,0.0,0,0.0,0,0,2015.0,0.0,0,1,0,0,0,5920,0.0,0,0,0,0,0,0.0
0,0.0,9321,0,0,0,0,0,0,0,9337,0,0,0,0,0.0,0,0.0,81,0,0,0.6753480808865528,0,0.0,0,0.0,0,0,2018.7013923235463,0.0,0,0,0,0,0,3873,0.0,0,0,0,0,0,0.0
0,0.0,1463,0,0,0,0,0,0,0,9337,0,0,0,0,0.0,0,0.0,67,0,0,0.0,0,0.0,0,0.0,0,0,2019.2583098674452,0.0,0,0,0,0,0,3412,0.8548591556204268,0,0,0,0,0,0.1451408443795732
0,0.0,5828,0,0,0,0,0,0,0,3598,0,0,1,0,0.0,0,0.0,74,0,1,0.0,0,0.0,0,0.0,0,0,2018.0,0.0,0,0,0,0,0,7091,1.0,0,0,0,0,0,0.0
0,0.0,3326,0,0,0,0,0,0,0,9337,0,0,0,0,0.0,0,0.0,42,0,0,1.0,0,0.0,0,0.0,0,0,2019.0,0.0,0,0,0,0,0,1814,0.0,0,0,0,0,0,0.0
0,0.0,6598,0,0,0,0,0,0,0,4096,0,0,0,0,0.0,0,0.0,106,0,0,0.6071649270381896,0,0.0,0,0.0,0,0,2015.964175364809,0.0,0,0,0,0,0,7103,0.3928350729618104,0,0,0,0,0,0.0
0,0.0,9487,0,0,0,0,0,0,0,3896,0,0,0,0,0.0,0,0.0,113,0,0,0.0,0,0.0,0,0.0,0,0,2019.5187137813627,0.25935689068134715,0,0,0,0,0,6897,0.7406431093186528,0,0,0,0,0,0.0
0,0.0,8684,0,0,0,0,1,0,0,4096,0,0,0,0,0.0,0,0.0,121,0,0,1.0,0,0.0,0,0.0,0,0,2015.0,0.0,0,1,0,0,0,5920,0.0,0,0,0,0,0,0.0
0,0.0,3174,0,0,0,0,0,0,0,4096,0,0,0,0,0.0,0,0.0,100,0,0,0.0,0,0.0,0,0.0,0,0,2013.5273963504067,0.6840754561991748,0,0,0,0,0,9764,0.0,0,0,0,0,0,0.0
0,0.0,1767,0,0,0,0,0,0,0,4096,0,0,0,0,0.0,0,0.0,110,0,0,0.0,0,0.0,0,0.0,0,0,2015.5120809073605,0.6512080907360505,0,0,0,0,0,9745,0.0,0,0,0,0,0,0.34879190926394954
0,0.0,1787,0,0,0,0,0,0,0,9337,0,0,0,0,0.0,0,0.0,117,0,0,0.0,0,0.0,0,0.0,0,0,2009.0,0.0,0,0,0,0,0,2881,0.0,0,0,0,0,0,1.0
0,0.0,7333,0,0,0,0,0,0,0,4096,0,0,0,0,0.0,0,0.0,73,0,0,0.0,0,0.0,0,0.0,0,0,2015.0401731005493,0.591965379890127,0,0,0,0,0,5403,0.0,0,0,0,0,0,0.0
0,0.0,8772,0,0,0,0,0,0,0,9337,0,0,0,0,0.0,0,0.0,63,0,0,0.2913003357512153,0,0.0,0,0.0,0,0,2020.7086996642488,0.0,0,0,0,0,0,3506,0.7086996642487847,0,0,0,0,0,0.0
0,0.0,4818,0,0,0,0,0,0,0,4096,1,0,0,0,0.0,0,0.0,106,1,0,1.0,0,0.0,0,0.0,0,0,2017.0,0.0,0,0,0,0,0,1446,0.0,0,0,0,0,0,0.0
0,0.0,9069,0,0,0,0,0,0,0,4096,0,0,0,0,0.0,0,0.0,120,0,0,0.9626005813808687,0,0.0,0,0.0,0,0,2014.7008046510468,0.0,0,0,0,0,0,5905,0.03739941861913132,0,0,0,0,0,0.0
0,0.0,2480,0,0,0,0,0,0,0,9337,0,0,0,0,0.0,0,0.0,114,0,0,0.0,0,0.0,0,0.0,0,0,2013.847384681802,0.0,0,0,0,0,0,7032,0.4847384681802035,0,0,0,0,0,0.5152615318197965
0,0.0,5762,0,0,0,0,0,0,0,4096,0,0,0,0,0.0,0,0.0,106,0,0,0.0,0,0.0,0,0.0,0,0,2011.1732653747201,0.0,0,0,0,0,0,7153,0.24147393052445743,0,0,0,0,0,0.7585260694755426
0,0.0,6201,0,0,0,0,0,0,0,9337,0,0,0,0,0.0,0,0.0,113,0,0,0.0,0,0.0,0,0.0,0,0,2016.7281240071184,0.0,0,0,0,0,0,7143,0.7728124007118454,0,0,0,0,0,0.22718759928815457
0,0.0,9248,0,0,0,0,0,0,0,9337,0,0,0,0,0.0,0,0.0,74,0,0,0.9832521876004827,0,0.0,0,0.0,0,0,2020.0167478123994,0.0,0,0,0,0,0,3685,0.01674781239951728,0,0,0,0,0,0.0
0,0.0,7749,0,0,0,0,0,0,0,4329,0,0,0,0,0.0,0,0.0,111,0,0,0.0,0,0.0,0,0.0,0,0,1994.6266522010187,0.6317121026751724,0,0,0,0,0,7816,0.3682878973248276,0,0,0,0,0,0.0
0,0.0,5157,0,0,0,0,0,0,0,4096,0,0,0,0,0.0,0,0.0,119,0,0,0.12937494711684816,0,0.0,0,0.0,0,1,2015.6118751586494,0.0,0,0,0,0,0,5242,0.0,0,0,0,0,0,0.8706250528831518
0,0.0,6354,0,0,0,0,0,0,0,9337,0,0,0,0,0.0,0,0.0,83,0,0,0.5790102948395872,0,0.0,0,0.0,0,0,2018.3160411793583,0.0,0,0,0,0,0,3928,0.0,0,0,0,0,0,0.0
0,0.0,7161,0,0,0,0,0,0,0,9337,0,0,0,0,0.0,0,0.0,108,0,0,0.0,0,0.0,0,0.0,0,0,2011.8894479983749,0.0,0,0,0,0,0,4524,0.0,0,0,0,0,0,0.5872217145178821
0,0.0,6113,0,0,0,0,0,0,0,9337,0,0,0,0,0.0,0,0.0,83,0,0,0.6148418739317881,0,0.38515812606821187,0,0.0,0,0,2019.2296837478636,0.0,0,0,0,0,0,2240,0.0,0,0,0,0,0,0.0
0,0.0,9177,0,0,0,0,0,0,0,4096,0,0,0,0,0.0,0,0.0,105,0,0,0.15823641174115988,0,0.8417635882588401,0,0.0,0,0,2016.6835271765176,0.0,0,1,0,0,0,6267,0.0,0,0,0,0,0,0.0
0,0.0,1631,0,0,0,0,0,0,0,4096,0,0,0,0,0.0,0,0.0,85,0,0,0.0,0,0.0,0,0.0,0,0,2015.487334995612,0.0,0,0,0,0,0,3372,0.5406112496343235,0,0,0,0,0,0.4593887503656765
0,0.0,2704,0,0,0,0,0,0,0,4096,1,0,0,0,0.0,0,0.0,106,1,0,1.0,0,0.0,0,0.0,0,0,2017.0,0.0,0,0,0,0,0,1446,0.0,0,0,0,0,0,0.0
0,0.0,1689,0,0,0,0,0,0,0,9337,0,0,0,0,0.0,0,0.0,115,0,0,0.0,0,0.07178589633627463,0,0.0,0,0,2009.6460730670265,0.0,0,0,0,0,0,2599,0.0,0,0,0,0,0,0.9282141036637254
0,0.0,2654,0,0,0,0,1,0,0,4096,0,0,0,0,0.0,0,0.0,121,0,0,1.0,0,0.0,0,0.0,0,0,2015.0,0.0,0,1,0,0,0,5920,0.0,0,0,0,0,0,0.0
0,0.0,1657,0,0,0,0,0,0,0,3944,0,0,1,0,0.0,0,0.0,74,0,1,0.0,0,0.0,0,0.0,0,0,2018.0,0.0,0,0,0,0,0,8178,1.0,0,0,0,0,0,0.0
0,0.0,2543,0,0,0,0,0,1,0,9337,0,0,0,0,0.0,0,0.0,98,0,0,0.0,0,1.0,0,0.0,0,0,2018.0,0.0,1,0,0,0,0,1526,0.0,0,0,0,0,0,0.0
0,0.0,2790,0,0,0,0,0,0,0,4096,1,0,0,0,0.0,0,0.0,106,1,0,1.0,0,0.0,0,0.0,0,0,2017.0,0.0,0,0,0,0,0,1446,0.0,0,0,0,0,0,0.0
0,0.0,5538,0,0,0,0,0,0,0,9337,0,0,0,0,0.0,0,0.0,106,0,0,0.0,0,0.0,0,0.0,0,0,2012.5018893719125,0.0,0,0,0,0,0,4484,0.0,0,0,0,0,0,0.4997300897268
0,0.0,4204,0,0,0,0,0,0,0,4096,0,0,0,1,0.0,0,0.0,46,0,0,0.0,0,0.0,0,0.0,0,0,2013.0,1.0,0,0,0,0,0,1788,0.0,0,0,0,0,0,0.0
0,0.0,4429,0,0,0,0,0,0,0,4063,0,0,0,0,0.0,0,0.0,98,0,0,0.0,0,0.0,0,0.0,0,0,1980.623236038259,0.0,0,0,0,0,0,7800,0.04162143687843156,0,0,0,0,0,0.9583785631215684
0,0.0,7527,0,0,0,0,0,0,0,4096,0,0,0,0,0.0,0,0.0,83,0,0,0.8219151720144787,0,0.0,0,0.0,0,0,2017.972557924246,0.0,0,0,0,0,0,4328,0.17808482798552128,0,0,0,0,0,0.0
0,0.0,8673,0,0,0,0,0,0,0,9337,0,0,0,0,0.0,0,0.0,113,0,0,0.0,0,0.0,0,0.0,0,0,2015.291630352644,0.0,0,0,0,0,0,6746,0.6291630352643908,0,0,0,0,0,0.37083696473560923
0,0.0,8348,0,0,0,0,0,0,0,9337,0,0,0,0,0.0,0,0.0,75,0,0,1.0,0,0.0,0,0.0,0,0,2020.0,0.0,0,0,0,0,0,3690,0.0,0,0,0,0,0,0.0
0,0.0,9362,0,0,0,0,0,0,0,4096,0,0,0,0,0.0,0,0.0,102,0,0,0.0,0,0.0,0,0.0,0,0,2019.0534485112146,0.0,0,0,0,0,0,4077,0.763362127803627,0,0,0,0,0,0.0
0,0.0,9385,0,0,0,0,0,0,0,4247,0,0,0,0,0.0,0,0.0,118,0,0,1.0,0,0.0,0,0.0,0,0,2000.90445241304,0.0,0,0,0,0,0,7393,0.0,0,0,0,0,0,0.0
0,0.0,6204,0,0,0,0,0,0,0,9337,0,0,0,0,0.0,0,0.0,83,0,0,0.787310314933235,0,0.0,0,0.0,0,0,2017.6604134642655,0.0,0,0,0,0,0,2687,0.0,0,0,0,0,0,0.212689685066765
0,0.0,7049,0,0,0,0,0,0,0,9337,0,0,0,0,0.0,0,0.0,116,0,0,0.0,0,0.0,0,0.0,0,0,2009.1797321324254,0.0,0,0,0,0,0,4701,0.0,0,0,0,0,0,0.9743239810820646
0,0.0,5380,0,0,0,0,0,0,0,9337,0,0,0,0,0.0,0,0.0,115,0,0,0.0,0,0.0,0,0.0,0,0,2012.754765527063,0.0,0,0,0,0,0,7064,0.37547655270628955,0,0,0,0,0,0.6245234472937105
0,0.0,1900,0,0,0,0,0,0,0,4096,0,0,0,0,0.0,0,0.0,107,0,0,0.0,0,0.15632957372541934,0,0.0,0,0,2010.4069661635288,0.0,0,0,0,0,0,6485,0.0,0,0,0,0,0,0.8436704262745807
0,0.0,5203,0,0,0,0,0,0,0,4096,0,0,0,1,0.0,0,0.0,96,0,0,0.0,0,0.0,0,0.0,0,0,2021.0,1.0,0,0,0,0,0,4517,0.0,0,0,0,0,0,0.0
0,0.0,2553,0,0,0,0,0,0,0,4096,0,0,0,0,0.0,0,0.0,88,0,0,0.0,0,0.0,0,0.0,0,0,2020.889215871368,0.0,0,0,0,0,0,3799,0.11078412863213927,0,0,0,1,0,0.0
0,0.0,6545,0,0,0,0,0,0,0,9337,0,0,0,0,0.0,0,0.0,85,0,0,0.5067205687715085,0,0.0,0,0.0,0,0,2018.026882275086,0.0,0,0,0,0,0,3969,0.0,0,0,0,0,0,0.0
0,0.0,5822,0,0,0,0,0,0,0,4096,0,0,0,0,0.0,0,0.0,119,0,0,0.9537306440125216,0,0.0,0,0.0,0,0,2014.6298451521002,0.0,0,0,0,0,0,5901,0.04626935598747839,0,0,0,0,0,0.0
0,0.0,2170,0,0,0,0,0,0,0,9337,0,0,0,0,0.0,0,0.0,114,0,0,0.0,0,0.0,0,0.0,0,0,2014.4634118911642,0.0,0,0,0,0,0,6716,0.5463411891164311,0,0,0,0,0,0.45365881088356885
0,0.0,2335,0,0,0,0,0,1,0,4096,0,0,0,0,0.0,0,0.0,129,0,1,0.0,0,0.0,0,0.0,1,1,2016.0,0.0,1,0,0,0,0,5234,0.0,0,0,0,0,0,1.0
0,0.0,6934,0,0,0,0,0,0,0,4096,0,0,0,1,0.0,0,0.0,46,0,0,0.0,0,0.0,0,0.0,0,0,2013.0,1.0,0,0,0,0,0,1788,0.0,0,0,0,0,0,0.0
0,0.0,7452,0,0,0,0,0,1,0,9337,0,0,0,0,0.0,0,0.0,98,0,0,0.0,0,1.0,0,0.0,0,0,2018.0,0.0,1,0,0,0,0,1526,0.0,0,0,0,0,0,0.0
0,0.0,5430,0,0,0,0,0,0,0,9337,0,0,0,0,0.0,0,0.0,109,0,0,0.0,0,0.38901679087407937,0,0.0,0,0,2012.5011511178668,0.0,0,0,0,0,0,2232,0.0,0,0,0,0,0,0.6109832091259206
0,0.0,3326,0,0,0,0,0,0,0,9337,0,0,0,0,0.0,0,0.0,42,0,0,1.0,0,0.0,0,0.0,0,0,2019.0,0.0,0,0,0,0,0,2797,0.0,0,0,0,0,0,0.0
0,0.0,6776,0,0,0,0,0,0,0,9337,0,0,0,0,0.0,0,0.0,117,0,0,0.0,0,0.0,0,0.0,0,0,2009.0,0.0,0,0,0,0,0,8002,0.0,0,0,0,0,0,1.0
0,0.0,1715,0,0,0,0,0,0,0,9337,0,0,0,0,0.0,0,0.0,117,0,0,0.0,0,0.0,0,0.0,0,0,2009.0,0.0,0,0,0,0,0,7797,0.0,0,0,0,0,0,1.0
0,0.0,2456,0,0,0,0,0,1,0,9337,0,0,0,0,0.0,0,0.0,98,0,0,0.0,0,1.0,0,0.0,0,0,2018.0,0.0,1,0,0,0,0,1526,0.0,0,0,0,0,0,0.0
0,0.0,9853,0,0,0,0,0,0,0,9337,0,0,0,0,0.0,0,0.0,75,0,0,1.0,0,0.0,0,0.0,0,0,2020.0,0.0,0,0,0,0,0,3403,0.0,0,0,0,0,0,0.0
0,0.0,2358,0,0,0,0,0,0,0,3325,0,0,1,0,0.0,0,0.0,74,0,1,0.0,0,0.0,0,0.0,0,0,2018.0,0.0,0,0,0,0,0,8178,1.0,0,0,0,0,0,0.0
0,0.0,4908,0,0,0,0,0,0,0,9337,0,0,0,0,0.0,0,0.0,113,0,0,0.0,0,0.0,0,0.0,0,0,2016.9139227287678,0.0,0,0,0,0,0,6944,0.7913922728767881,0,0,0,0,0,0.20860772712321185
0,0.0,8357,0,0,0,0,0,0,0,9337,0,0,0,0,0.0,0,0.0,75,0,0,1.0,0,0.0,0,0.0,0,0,2020.0,0.0,0,0,0,0,0,3256,0.0,0,0,0,0,0,0.0
0,0.0,5391,0,0,0,0,0,0,0,4096,0,0,0,0,0.0,0,0.0,85,0,0,0.8378113000908917,0,0.0,0,0.0,0,0,2021.0,0.16218869990910834,0,0,0,0,0,4390,0.0,0,0,0,0,0,0.0
0,0.0,2175,0,0,0,0,0,0,0,9337,0,0,0,0,0.0,0,0.0,114,0,0,0.0,0,0.0,0,0.0,0,0,2014.5631968132454,0.0,0,0,0,0,0,7012,0.5563196813245435,0,0,0,0,0,0.44368031867545654
0,0.0,8450,0,0,0,0,0,0,0,4096,0,0,0,0,0.0,0,0.0,99,0,0,0.1784909093423357,0,0.0,0,0.0,0,0,2008.4279272747387,0.0,0,0,0,0,0,5593,0.8215090906576643,0,0,0,0,0,0.0
0,0.0,2351,0,0,0,0,0,0,0,9337,0,0,0,0,0.0,0,0.0,112,0,0,0.0,0,0.0,0,0.0,0,0,2017.7366941093073,0.0,0,0,0,0,0,6920,0.8736694109307435,0,0,0,0,0,0.12633058906925654
0,0.0,1067,0,0,0,0,0,0,0,9337,1,0,0,0,0.0,0,0.0,59,0,0,0.0,0,0.0,0,0.0,0,1,2021.0,0.0,0,0,0,0,0,3431,1.0,0,0,0,0,0,0.0
0,0.0,5680,0,0,0,0,0,0,0,3325,0,0,0,0,0.0,0,0.0,102,0,0,0.0,0,0.0,0,0.0,0,0,2019.929679813637,0.643226604545689,0,0,0,0,0,6991,0.35677339545431097,0,0,0,0,0,0.0
0,0.0,3118,0,0,0,0,0,0,0,9337,0,0,0,0,0.0,0,0.0,52,0,0,0.8578460651687533,0,0.0,0,0.0,0,0,2017.5784606516875,0.0,0,0,0,0,0,4471,0.0,0,0,0,0,0,0.14215393483124672
0,0.0,7680,0,0,0,0,0,0,0,3325,0,0,1,0,0.0,0,0.0,74,0,1,0.0,0,0.0,0,0.0,0,0,2018.0,0.0,0,0,0,0,0,7091,1.0,0,0,0,0,0,0.0
0,0.0,3587,0,0,0,0,0,0,0,9337,0,0,0,0,0.0,0,0.0,55,0,0,0.7502004114575063,0,0.0,0,0.0,0,0,2018.2506012343724,0.0,0,0,0,0,0,4387,0.0,0,0,0,0,0,0.0
0,0.0,5415,0,0,0,0,0,0,0,4096,0,0,0,0,0.0,0,0.0,85,0,0,0.8625436813526797,0,0.0,0,0.0,0,0,2020.3127184067635,0.0,0,0,0,0,0,4350,0.0,0,0,0,0,0,0.0
0,0.0,4373,0,0,0,0,0,0,0,9337,0,0,0,0,0.0,0,0.0,95,0,0,0.23112758432034974,0,0.0,0,0.0,0,0,2019.0,0.0,0,0,0,0,0,6899,0.7688724156796503,0,0,0,0,0,0.0
0,0.0,5502,0,0,0,0,0,1,0,9337,0,0,0,0,0.0,0,0.0,98,0,0,0.0,0,1.0,0,0.0,0,0,2018.0,0.0,1,0,0,0,0,1526,0.0,0,0,0,0,0,0.0
0,0.0,9115,0,0,0,0,0,0,0,4096,0,0,0,0,0.0,0,0.0,82,0,0,0.33882144270166137,0,0.0,0,0.0,0,0,2020.6611785572984,0.0,0,0,0,0,0,3744,0.0,0,0,0,0,0,0.0
0,0.0,2314,0,0,0,0,0,1,0,9337,0,0,0,0,0.0,0,0.0,98,0,0,0.0,0,1.0,0,0.0,0,0,2018.0,0.0,1,0,0,0,0,1526,0.0,0,0,0,0,0,0.0
0,0.0,9041,0,0,0,0,0,0,0,9337,0,0,0,0,0.0,0,0.0,75,0,0,1.0,0,0.0,0,0.0,0,0,2020.0,0.0,0,0,0,0,0,2688,0.0,0,0,0,0,0,0.0
0,0.0,9629,0,0,0,0,0,0,0,4096,0,0,0,0,0.0,0,0.0,109,0,0,0.29566258560699243,0,0.0,0,0.0,0,0,2017.521687071965,0.0,0,0,0,0,0,6991,0.7043374143930076,0,0,0,0,0,0.0
0,0.0,3052,0,0,0,0,0,0,0,9337,0,0,0,0,0.0,0,0.0,66,0,0,0.0,0,0.0,0,0.0,0,0,2020.1929488129697,0.5964744064848564,0,0,0,0,0,6758,0.4035255935151436,0,0,0,0,0,0.0
0,0.0,1532,0,0,0,0,0,0,0,4096,0,0,0,0,0.0,0,0.0,95,0,0,1.0,0,0.0,0,0.0,0,0,2015.3452077156808,0.0,0,0,0,0,0,2228,0.0,0,0,0,0,0,0.0
0,0.0,5333,0,0,0,0,0,0,0,9337,0,0,0,0,0.0,0,0.0,113,0,0,0.0,0,0.0,0,0.0,0,0,2016.2025066161282,0.0,0,0,0,0,0,6964,0.7202506616128107,0,0,0,0,0,0.2797493383871893
0,0.0,2543,0,0,0,0,0,1,0,4096,0,0,0,0,0.0,0,0.0,129,0,1,0.0,0,0.0,0,0.0,1,1,2016.0,0.0,1,0,0,0,0,5234,0.0,0,0,0,0,0,1.0
0,0.0,2326,0,0,0,0,0,0,0,4096,0,0,1,0,0.0,0,0.0,107,0,1,0.0,0,0.0,0,0.0,0,1,2019.0,1.0,0,0,0,0,0,9839,0.0,0,0,0,0,0,0.0
0,0.0,5394,0,0,0,0,0,0,0,9337,0,0,0,0,0.0,0,0.0,113,0,0,0.0,0,0.0,0,0.0,0,0,2015.1227388238324,0.0,0,0,0,0,0,7326,0.6122738823832372,0,0,0,0,0,0.3877261176167628
0,0.0,5063,0,0,0,0,0,0,0,9337,0,0,0,0,0.0,0,0.0,113,0,0,0.0,0,0.0,0,0.0,0,0,2015.4399764084249,0.0,0,0,0,0,0,6752,0.6439976408424891,0,0,0,0,0,0.3560023591575109
0,0.0,9574,0,0,0,0,0,0,0,3227,0,0,0,0,0.0,0,0.0,119,0,0,0.0,0,0.0,0,0.0,0,0,2019.0454123739319,1.0,0,0,0,0,0,6969,0.0,0,0,0,0,0,0.0
0,0.0,6887,0,0,0,0,0,0,0,4096,0,0,0,0,0.0,0,0.0,106,0,0,0.0,0,0.0,0,0.0,0,0,2014.6596766987366,0.0,0,0,0,0,0,4755,0.0,0,0,0,0,0,0.43403233012634246
0,0.0,9110,0,0,0,0,0,0,0,9337,0,0,0,0,0.0,0,0.0,75,0,0,1.0,0,0.0,0,0.0,0,0,2020.0,0.0,0,0,0,0,0,2688,0.0,0,0,0,0,0,0.0
0,0.0,1409,0,0,0,0,1,0,0,4096,0,0,0,0,0.0,0,0.0,121,0,0,1.0,0,0.0,0,0.0,0,0,2015.0,0.0,0,1,0,0,0,5920,0.0,0,0,0,0,0,0.0
0,0.0,4724,0,0,0,0,0,0,0,9337,0,0,0,0,0.0,0,0.0,112,0,0,0.0,0,0.0,0,0.0,0,0,2019.0,0.0,0,0,0,0,0,6884,1.0,0,0,0,0,0,0.0
0,0.0,5354,0,0,0,0,0,0,0,4096,0,0,0,1,0.0,0,0.0,46,0,0,0.0,0,0.0,0,0.0,0,0,2013.0,1.0,0,0,0,0,0,1788,0.0,0,0,0,0,0,0.0
0,0.0,5997,0,0,0,0,0,1,0,9337,0,0,0,0,0.0,0,0.0,98,0,0,0.0,0,1.0,0,0.0,0,0,2018.0,0.0,1,0,0,0,0,1526,0.0,0,0,0,0,0,0.0
0,0.0,9612,0,0,0,0,0,0,0,3928,0,0,0,0,0.0,0,0.0,113,0,0,0.0,0,0.0,0,0.0,0,0,2019.4334976708567,0.21674883542832868,0,0,0,0,0,6895,0.7832511645716713,0,0,0,0,0,0.0
0,0.0,9686,0,0,0,0,0,0,0,9337,0,0,0,0,0.0,0,0.0,77,0,0,0.0,0,0.0,0,0.0,0,0,2018.5661733629395,0.0,0,0,0,0,0,3832,0.5132346725878875,0,0,0,0,0,0.0
0,0.0,5799,0,0,0,0,0,0,0,9337,1,0,0,0,0.0,0,0.0,59,0,0,0.0,0,0.0,0,0.0,0,1,2021.0,0.0,0,0,0,0,0,3431,1.0,0,0,0,0,0,0.0
0,0.0,1753,0,0,0,0,0,0,0,3325,0,0,1,0,0.0,0,0.0,74,0,1,0.0,0,0.0,0,0.0,0,0,2018.0,0.0,0,0,0,0,0,7091,1.0,0,0,0,0,0,0.0
0,0.0,1006,0,0,0,0,0,0,0,9337,1,0,0,0,0.0,0,0.0,59,0,0,0.0,0,0.0,0,0.0,0,1,2021.0,0.0,0,0,0,0,0,3431,1.0,0,0,0,0,0,0.0
0,0.0,8698,0,0,0,0,0,0,0,9337,0,0,0,0,0.0,0,0.0,75,0,0,1.0,0,0.0,0,0.0,0,0,2020.0,0.0,0,0,0,0,0,3690,0.0,0,0,0,0,0,0.0
0,0.0,9916,0,0,0,0,1,0,0,4096,0,0,0,0,0.0,0,0.0,96,0,0,1.0,0,0.0,0,0.0,0,0,2016.0,0.0,0,0,0,0,0,1322,0.0,0,0,0,0,0,0.0
0,0.0,6408,0,0,0,0,0,0,0,4096,0,0,0,0,0.0,0,0.0,94,0,0,0.31472074253840243,0,0.0,0,0.0,0,0,2019.3147207425384,0.0,0,0,0,0,0,2551,0.6852792574615976,0,0,0,0,0,0.0
0,0.0,1691,0,0,0,0,0,0,0,9337,0,0,0,0,0.0,0,0.0,117,0,0,0.0,0,0.0,0,0.0,0,0,2009.0,0.0,0,0,0,0,0,3523,0.0,0,0,0,0,0,1.0
0,0.0,5443,0,0,0,0,0,0,0,3325,0,0,1,0,0.0,0,0.0,74,0,1,0.0,0,0.0,0,0.0,0,0,2018.0,0.0,0,0,0,0,0,2653,1.0,0,0,0,0,0,0.0
0,0.0,2435,0,0,0,0,0,0,0,9337,0,0,0,0,0.0,0,0.0,110,0,0,0.0,0,0.0,0,0.0,0,0,2019.0500837482878,0.025041874143934995,0,0,0,0,0,6878,0.974958125856065,0,0,0,0,0,0.0
0,0.0,2016,0,0,0,0,0,0,0,9337,0,0,0,0,0.0,0,0.0,103,0,0,0.0,0,0.6887844568182889,0,0.0,0,0,2015.1990601113646,0.0,0,0,0,0,0,1885,0.0,0,0,0,0,0,0.3112155431817111
0,0.0,2273,0,0,0,0,0,1,0,4096,0,0,0,0,0.0,0,0.0,129,0,1,0.0,0,0.0,0,0.0,1,1,2016.0,0.0,1,0,0,0,0,5234,0.0,0,0,0,0,0,1.0
0,0.0,9467,0,0,0,0,0,0,0,9337,0,0,0,0,0.0,0,0.0,93,0,0,0.11099515392890402,0,0.0,0,0.0,0,0,2016.4439806157156,0.0,0,0,0,0,0,4193,0.0,0,0,0,0,0,0.0
0,0.0,1122,0,0,0,0,0,0,0,9337,1,0,0,0,0.0,0,0.0,59,0,0,0.0,0,0.0,0,0.0,0,1,2021.0,0.0,0,0,0,0,0,3431,1.0,0,0,0,0,0,0.0
0,0.0,8789,0,0,1,0,0,0,0,4096,0,0,0,0,0.0,0,0.0,54,0,0,0.0,0,1.0,0,0.0,0,0,2018.0,0.0,0,0,0,0,0,6090,0.0,0,0,0,0,0,0.0
0,0.0,1636,0,0,0,0,0,0,0,4096,0,0,0,0,0.0,0,0.0,113,0,0,0.0,0,0.0,0,0.0,0,0,2008.5639445577217,0.0,0,0,0,0,0,4659,0.14535181409277897,0,0,0,0,0,0.854648185907221
0,0.0,3526,0,0,0,0,0,0,0,4096,1,0,0,0,0.0,0,0.0,106,1,0,1.0,0,0.0,0,0.0,0,0,2017.0,0.0,0,0,0,0,0,1446,0.0,0,0,0,0,0,0.0
0,0.0,2898,0,0,0,0,1,0,0,4096,0,0,0,0,0.0,0,0.0,121,0,0,1.0,0,0.0,0,0.0,0,0,2015.0,0.0,0,1,0,0,0,5920,0.0,0,0,0,0,0,0.0
0,0.0,7256,0,0,0,0,0,0,0,3325,0,0,1,0,0.0,0,0.0,74,0,1,0.0,0,0.0,0,0.0,0,0,2018.0,0.0,0,0,0,0,0,7091,1.0,0,0,0,0,0,0.0
0,0.0,6950,0,0,0,0,0,0,0,9337,0,0,0,0,0.0,0,0.0,110,0,0,0.146643441145776,0,0.0,0,0.0,0,0,2010.6130778526035,0.0,0,0,0,0,0,2957,0.0,0,0,0,0,0,0.853356558854224
0,0.0,1414,0,0,0,0,1,0,0,4096,0,0,0,0,0.0,0,0.0,121,0,0,1.0,0,0.0,0,0.0,0,0,2015.0,0.0,0,1,0,0,0,5920,0.0,0,0,0,0,0,0.0
0,0.0,5851,0,0,0,0,0,0,0,9337,0,0,0,0,0.0,0,0.0,89,0,0,0.0,0,0.0,0,0.0,0,0,2014.6470611514678,0.0,0,0,0,0,0,3363,0.47058842928899025,0,0,0,0,0,0.5294115707110097
0,0.0,5606,0,0,0,0,0,0,0,4096,0,0,0,0,0.0,0,0.0,89,0,0,0.8240515126482333,0,0.0,0,0.0,0,0,2018.8886181517787,0.0,0,0,0,0,0,4427,0.0,0,0,0,0,0,0.1759484873517667
0,0.0,9031,0,0,0,0,0,0,0,4096,0,0,0,0,0.0,0,0.0,95,0,0,0.0,0,0.0,0,0.0,0,0,2009.681565337882,0.24543768919213538,0,0,0,0,0,4387,0.7545623108078646,0,0,0,0,0,0.0
0,0.0,5175,0,0,1,0,0,0,0,4096,0,0,0,0,0.0,0,0.0,54,0,0,0.0,0,1.0,0,0.0,0,0,2018.0,0.0,0,0,0,0,0,6171,0.0,0,0,0,0,0,0.0
0,0.0,5263,0,0,0,0,0,0,0,9337,0,0,0,0,0.0,0,0.0,112,0,0,0.0,0,0.0,0,0.0,0,0,2017.434273653699,0.0,0,0,0,0,0,6814,0.8434273653698955,0,0,0,0,0,0.1565726346301045
0,0.0,1733,0,0,0,0,0,0,0,9337,0,0,0,0,0.0,0,0.0,117,0,0,0.0,0,0.0,0,0.0,0,0,2009.0,0.0,0,0,0,0,0,2797,0.0,0,0,0,0,0,1.0
0,0.0,6208,0,0,0,0,0,0,0,9337,0,0,0,0,0.0,0,0.0,83,0,0,0.7935356061519165,0,0.0,0,0.0,0,0,2017.7288916676712,0.0,0,0,0,0,0,2687,0.0,0,0,0,0,0,0.20646439384808346
0,0.0,9451,0,0,0,0,0,0,0,9337,0,0,0,0,0.0,0,0.0,75,0,0,1.0,0,0.0,0,0.0,0,0,2020.0,0.0,0,0,0,0,0,3342,0.0,0,0,0,0,0,0.0
0,0.0,2543,0,0,0,0,0,0,0,4096,0,0,0,0,0.0,0,0.0,109,0,0,0.0,0,0.0,0,0.0,0,0,2015.2843416694866,1.0,0,0,0,0,0,1854,0.0,0,0,0,0,0,0.0
0,0.0,2885,0,0,0,0,1,0,0,4096,0,0,0,0,0.0,0,0.0,121,0,0,1.0,0,0.0,0,0.0,0,0,2015.0,0.0,0,1,0,0,0,5920,0.0,0,0,0,0,0,0.0
0,0.0,5861,0,0,0,0,0,0,0,9337,0,0,0,0,0.0,0,0.0,108,0,0,0.20248969259206695,0,0.0,0,0.0,0,0,2011.2273866185128,0.0,0,0,0,0,0,2683,0.0,0,0,0,0,0,0.797510307407933
0,0.0,9278,0,0,0,0,0,0,0,9337,0,0,0,0,0.0,0,0.0,86,0,0,0.0,0,0.0,0,0.0,0,0,2017.3322202103602,0.0,0,0,0,0,0,4036,0.26644404207203587,0,0,0,0,0,0.0
0,0.0,6176,0,0,0,0,0,1,0,9337,0,0,0,0,0.0,0,0.0,98,0,0,0.0,0,1.0,0,0.0,0,0,2018.0,0.0,1,0,0,0,0,1526,0.0,0,0,0,0,0,0.0
0,0.0,4766,0,0,0,0,0,0,0,4096,1,0,0,0,0.0,0,0.0,106,1,0,1.0,0,0.0,0,0.0,0,0,2017.0,0.0,0,0,0,0,0,1446,0.0,0,0,0,0,0,0.0
0,0.0,5926,0,0,0,0,0,0,0,9337,0,0,0,0,0.0,0,0.0,115,0,0,0.0,0,0.0,0,0.0,0,0,2012.1042010597766,0.0,0,0,0,0,0,6577,0.31042010597765557,0,0,0,0,0,0.6895798940223444
0,0.0,5495,0,0,0,0,0,0,0,4096,0,0,0,0,0.0,0,0.0,86,0,0,0.7622998556762256,0,0.0,0,0.0,0,0,2021.0,0.2377001443237744,0,0,0,0,0,4401,0.0,0,0,0,0,0,0.0
0,0.0,9040,0,0,0,0,0,0,0,4096,0,0,0,0,0.0,0,0.0,118,0,0,0.965234100472847,0,0.03476589952715303,0,0.0,0,0,2015.1042976985814,0.0,0,0,0,0,0,5923,0.0,0,0,0,0,0,0.0
0,0.0,4531,0,0,0,0,0,0,0,4096,0,0,0,0,0.0,0,0.0,84,0,0,0.3323522167547185,0,0.0,0,0.0,0,0,2016.3382389162264,0.0,0,0,0,0,0,5471,0.0,0,0,0,0,0,0.0
0,0.0,8864,0,0,0,0,0,0,0,9337,0,0,0,0,0.0,0,0.0,68,0,0,0.58584617100552,0,0.0,0,0.0,0,0,2020.4141538289946,0.0,0,0,0,0,0,3582,0.41415382899448006,0,0,0,0,0,0.0
0,0.0,4257,0,0,0,0,0,0,0,4096,0,0,0,1,0.0,0,0.0,46,0,0,0.0,0,0.0,0,0.0,0,0,2013.0,1.0,0,0,0,0,0,1788,0.0,0,0,0,0,0,0.0
0,0.0,7132,0,0,0,0,0,0,0,9337,0,0,0,0,0.0,0,0.0,110,0,0,0.0,0,0.0,0,0.0,0,0,2011.1025317724607,0.0,0,0,0,0,0,4575,0.0,0,0,0,0,0,0.6996383182198953
0,0.0,5526,0,0,0,0,0,0,0,3325,0,0,0,0,0.0,0,0.0,111,0,0,0.0,0,0.0,0,0.0,0,0,2020.5382599663376,0.8460866554458737,0,0,0,0,0,6960,0.1539133445541263,0,0,0,0,0,0.0
0,0.0,6505,0,0,0,0,1,0,0,4096,0,0,0,0,0.0,0,0.0,96,0,0,1.0,0,0.0,0,0.0,0,0,2016.0,0.0,0,0,0,0,0,1322,0.0,0,0,0,0,0,0.0
0,0.0,7646,0,0,0,0,0,0,0,4096,0,0,0,0,0.0,0,0.0,95,0,0,0.0,0,0.0,0,0.0,0,0,2008.2201105070883,0.0,0,0,1,0,0,4326,0.777988949291162,0,0,0,0,0,0.0
0,0.0,1125,0,0,0,0,0,0,0,9337,1,0,0,0,0.0,0,0.0,59,0,0,0.0,0,0.0,0,0.0,0,1,2021.0,0.0,0,0,0,0,0,3431,1.0,0,0,0,0,0,0.0
0,0.0,5609,0,0,0,0,0,0,0,4096,0,0,0,0,0.0,0,0.0,86,0,0,0.7598974259907991,0,0.0,0,0.0,0,0,2021.0,0.24010257400920088,0,0,0,0,0,4402,0.0,0,0,0,0,0,0.0
0,0.0,1573,0,0,0,0,0,0,0,9337,0,0,0,0,0.0,0,0.0,77,0,0,0.0,0,0.0,0,0.0,0,0,2017.0782948584,0.0,0,0,0,0,0,3389,0.6731912382000018,0,0,0,0,0,0.3268087617999982
0,0.0,7179,0,0,0,0,0,0,0,4096,0,0,0,0,0.0,0,0.0,110,0,0,0.0,0,0.0,0,0.0,0,0,2006.8398856790109,0.3600190534981904,0,0,0,0,0,7805,0.0,0,0,0,0,0,0.6399809465018096
0,0.0,9486,0,0,0,0,0,0,0,9337,0,0,0,0,0.0,0,0.0,95,0,0,0.03706717794359493,0,0.0,0,0.0,0,0,2016.1482687117743,0.0,0,0,0,0,0,4235,0.0,0,0,0,0,0,0.0
0,0.0,9027,0,0,0,0,0,0,0,9337,0,0,0,0,0.0,0,0.0,68,0,0,0.6224601145880411,0,0.0,0,0.0,0,0,2020.377539885412,0.0,0,0,0,0,0,3592,0.37753988541195893,0,0,0,0,0,0.0
0,0.0,2596,0,0,0,0,0,0,0,3680,0,0,0,0,0.0,0,0.0,115,0,0,0.0,0,0.0,0,0.0,0,0,2020.0771901103346,0.5385950551673386,0,0,0,0,0,6912,0.46140494483266137,0,0,0,0,0,0.0
0,0.0,4977,0,0,0,0,0,0,0,9337,0,0,0,0,0.0,0,0.0,112,0,0,0.0,0,0.0,0,0.0,0,0,2019.0,0.0,0,0,0,0,0,6884,1.0,0,0,0,0,0,0.0
0,0.0,3082,0,0,0,0,0,0,0,9337,0,0,0,0,0.0,0,0.0,58,0,0,0.701826013565609,0,0.29817398643439097,0,0.0,0,0,2018.7018260135656,0.0,0,0,0,0,0,1740,0.0,0,0,0,0,0,0.0
0,0.0,9141,0,0,0,0,0,0,0,9337,0,0,0,0,0.0,0,0.0,81,0,0,0.7076938945085304,0,0.0,0,0.0,0,0,2018.830775578034,0.0,0,0,0,0,0,3855,0.0,0,0,0,0,0,0.0
0,0.0,1368,0,0,0,0,0,0,0,4096,0,0,0,0,0.0,0,0.0,82,0,0,1.0,0,0.0,0,0.0,0,0,2013.0823188263073,0.0,0,0,0,0,0,2372,0.0,0,0,0,0,0,0.0
0,0.0,5507,0,0,0,0,0,0,0,9337,0,0,0,0,0.0,0,0.0,114,0,0,0.0,0,0.0,0,0.0,0,0,2013.1293828804833,0.0,0,0,0,0,0,7490,0.4129382880483251,0,0,0,0,0,0.5870617119516749
0,0.0,2620,0,0,0,0,1,0,0,4096,0,0,0,0,0.0,0,0.0,121,0,0,1.0,0,0.0,0,0.0,0,0,2015.0,0.0,0,1,0,0,0,5920,0.0,0,0,0,0,0,0.0
0,0.0,7010,0,0,0,0,0,0,0,4096,0,0,0,0,0.0,0,0.0,110,0,0,0.0,0,0.0,0,0.0,0,0,2012.295361432064,0.0,0,0,0,0,0,4737,0.0,0,0,0,0,0,0.670463856793601
0,0.0,2901,0,0,0,0,0,0,0,9337,0,0,0,0,0.0,0,0.0,112,0,0,0.0,0,0.0,0,0.0,0,0,2019.0,0.0,0,0,0,0,0,6884,1.0,0,0,0,0,0,0.0
0,0.0,9405,0,0,0,0,0,0,0,9337,0,0,0,0,0.0,0,0.0,88,0,0,0.3502319704395954,0,0.0,0,0.0,0,0,2017.4009278817584,0.0,0,0,0,0,0,4057,0.0,0,0,0,0,0,0.0
0,0.0,7044,0,0,0,0,0,1,0,9337,0,0,0,0,0.0,0,0.0,98,0,0,0.0,0,1.0,0,0.0,0,0,2018.0,0.0,1,0,0,0,0,1526,0.0,0,0,0,0,0,0.0
0,0.0,1683,0,0,0,0,0,0,0,9337,0,0,0,0,0.0,0,0.0,117,0,0,0.0,0,0.0,0,0.0,0,0,2009.0,0.0,0,0,0,0,0,3039,0.0,0,0,0,0,0,1.0
0,0.0,8611,0,0,0,0,0,0,0,9337,0,0,0,0,0.0,0,0.0,86,0,0,0.5197389861825676,0,0.48026101381743236,0,0.0,0,0,2019.0394779723651,0.0,0,0,0,0,0,2129,0.0,0,0,0,0,0,0.0
0,0.0,2816,0,0,0,0,0,0,0,4096,0,0,0,0,0.0,0,0.0,101,0,0,0.7094115335676126,0,0.29058846643238745,0,0.0,0,0,2015.8717653992971,0.0,0,0,0,0,0,5948,0.0,0,0,0,0,0,0.0
0,0.0,6661,0,0,0,0,0,0,0,4096,0,0,0,0,0.0,0,0.0,46,0,0,0.0,0,0.0,0,0.0,0,0,2014.9602388051694,0.5418398913790273,0,0,0,0,0,9936,0.4581601086209727,0,0,0,0,0,0.0
0,0.0,2349,0,0,0,0,0,0,0,9337,0,0,0,0,0.0,0,0.0,112,0,0,0.0,0,0.0,0,0.0,0,0,2017.714780857941,0.0,0,0,0,0,0,6836,0.8714780857940928,0,0,0,0,0,0.1285219142059072
0,0.0,7626,0,0,0,0,0,0,0,9337,0,0,0,0,0.0,0,0.0,114,0,0,0.0,0,0.0,0,0.0,0,0,2013.7359209378383,0.0,0,0,0,0,0,7196,0.4735920937838234,0,0,0,0,0,0.5264079062161766
0,0.0,5340,0,0,0,0,0,0,0,3325,0,0,1,0,0.0,0,0.0,74,0,1,0.0,0,0.0,0,0.0,0,0,2018.0,0.0,0,0,0,0,0,7091,1.0,0,0,0,0,0,0.0
0,0.0,5958,0,0,0,0,0,0,0,9337,0,0,0,0,0.0,0,0.0,115,0,0,0.0,0,0.0,0,0.0,0,0,2012.6393780003305,0.0,0,0,0,0,0,7067,0.363937800033056,0,0,0,0,0,0.636062199966944
0,0.0,8477,0,0,0,0,0,0,0,9337,0,0,0,0,0.0,0,0.0,64,0,0,0.3559911779460908,0,0.0,0,0.0,0,0,2020.6440088220538,0.0,0,0,0,0,0,3166,0.6440088220539092,0,0,0,0,0,0.0
0,0.0,1715,0,0,0,0,0,0,0,3325,0,0,1,0,0.0,0,0.0,74,0,1,0.0,0,0.0,0,0.0,0,0,2018.0,0.0,0,0,0,0,0,7091,1.0,0,0,0,0,0,0.0
0,0.0,2691,0,0,0,0,0,0,0,3782,0,0,0,0,0.0,0,0.0,105,0,0,0.0,0,0.0,0,0.0,0,0,2011.5080779885373,0.40675487428358426,0,0,0,0,0,6734,0.5932451257164157,0,0,0,0,0,0.0
0,0.0,3195,0,0,0,0,0,0,0,9337,0,0,0,0,0.0,0,0.0,52,0,0,0.8557140651439183,0,0.0,0,0.0,0,0,2019.0,0.0,0,0,0,0,0,7838,0.14428593485608165,0,0,0,0,0,0.0
0,0.0,5821,0,0,0,0,0,0,0,9337,0,0,0,0,0.0,0,0.0,114,0,0,0.0,0,0.0,0,0.0,0,0,2009.8614586508693,0.0,0,0,0,0,0,4656,0.0,0,0,0,0,0,0.8769344784472546
0,0.0,6756,0,0,0,0,0,0,0,4096,0,0,0,0,0.0,0,0.0,122,0,0,0.0,0,0.0,0,0.0,0,0,2014.173272540875,0.0,0,0,0,0,0,5292,0.20296971768056093,0,0,0,0,0,0.7970302823194391
0,0.0,1999,0,0,0,0,0,0,0,9337,0,0,0,0,0.0,0,0.0,115,0,0,0.0,0,0.0,0,0.0,0,0,2011.369321386501,0.0,0,0,0,0,0,6544,0.23693213865011142,0,0,0,0,0,0.7630678613498886
0,0.0,6339,0,0,0,0,0,0,0,9337,0,0,0,0,0.0,0,0.0,117,0,0,0.0,0,0.0,0,0.0,0,0,2009.0,0.0,0,0,0,0,0,8727,0.0,0,0,0,0,0,1.0
0,0.0,2677,0,0,0,0,0,0,0,4096,1,0,0,0,0.0,0,0.0,106,1,0,1.0,0,0.0,0,0.0,0,0,2017.0,0.0,0,0,0,0,0,1446,0.0,0,0,0,0,0,0.0
0,0.0,9573,0,0,0,0,0,0,0,3431,0,0,0,0,0.0,0,0.0,117,0,0,0.0,0,0.0,0,0.0,0,0,2020.7235063637563,0.8617531818781022,0,0,0,0,0,6929,0.13824681812189776,0,0,0,0,0,0.0
0,0.0,5152,0,0,0,0,0,0,0,3325,0,0,1,0,0.0,0,0.0,74,0,1,0.0,0,0.0,0,0.0,0,0,2018.0,0.0,0,0,0,0,0,7091,1.0,0,0,0,0,0,0.0
0,0.0,8427,0,0,0,0,0,0,0,4096,0,0,0,0,0.0,0,0.0,107,0,0,0.5078904280260641,0,0.0,0,0.0,0,0,2016.4605478598696,0.0,0,0,0,0,0,7067,0.4921095719739359,0,0,0,0,0,0.0
0,0.0,1145,0,0,0,0,0,0,0,4096,0,0,0,0,0.0,0,0.0,106,0,0,0.25053019591978787,0,0.0,0,0.0,0,0,2017.2484094122406,0.7494698040802121,0,0,0,0,0,6199,0.0,0,0,0,0,0,0.0
0,0.0,4009,0,0,0,0,0,0,0,9337,0,0,0,0,0.0,0,0.0,59,0,0,1.0,0,0.0,0,0.0,0,0,2019.5234561848654,0.0,0,0,0,0,0,2862,0.0,0,0,0,0,0,0.0
0,0.0,7835,0,0,0,0,0,0,0,3325,0,0,1,0,0.0,0,0.0,74,0,1,0.0,0,0.0,0,0.0,0,0,2018.0,0.0,0,0,0,0,0,7091,1.0,0,0,0,0,0,0.0
0,0.0,5990,0,0,0,0,0,0,0,9337,1,0,0,0,0.0,0,0.0,59,0,0,0.0,0,0.0,0,0.0,0,1,2021.0,0.0,0,0,0,0,0,3431,1.0,0,0,0,0,0,0.0
0,0.0,1113,0,0,0,0,0,0,0,4240,0,0,0,0,0.0,0,0.0,105,0,0,0.39005563167360646,0,0.0,0,0.0,0,0,1995.4187761031806,0.0,0,0,0,0,0,4112,0.6099443683263935,0,0,0,0,0,0.0
0,0.0,9513,0,0,0,0,0,0,0,9337,0,0,0,0,0.0,0,0.0,75,0,0,1.0,0,0.0,0,0.0,0,0,2020.0,0.0,0,0,0,0,0,3690,0.0,0,0,0,0,0,0.0
0,0.0,8357,0,0,0,0,0,0,0,9337,0,0,0,0,0.0,0,0.0,75,0,0,1.0,0,0.0,0,0.0,0,0,2020.0,0.0,0,0,0,0,0,2860,0.0,0,0,0,0,0,0.0
0,0.0,7282,0,0,0,0,0,0,0,9337,0,0,0,0,0.0,0,0.0,102,0,0,0.0,0,0.7789415196257209,0,0.0,0,0,2016.0104736766316,0.0,0,0,0,0,0,1781,0.0,0,0,0,0,0,0.2210584803742791
0,0.0,3076,0,0,0,0,0,0,0,4096,0,0,0,0,0.0,0,0.0,108,0,0,0.0,0,0.5366372383569379,0,0.0,0,0,2017.9267255232862,0.0,0,0,0,0,0,3685,0.4633627616430621,0,0,0,0,0,0.0
0,0.0,9634,0,0,0,0,0,0,0,9337,0,0,0,0,0.0,0,0.0,75,0,0,1.0,0,0.0,0,0.0,0,0,2020.0,0.0,0,0,0,0,0,3043,0.0,0,0,0,0,0,0.0
0,0.0,9856,0,0,0,0,0,0,0,9337,0,0,0,0,0.0,0,0.0,70,0,0,0.7385089964367046,0,0.0,0,0.0,0,0,2020.2614910035634,0.0,0,0,0,0,0,3622,0.26149100356329535,0,0,0,0,0,0.0
0,0.0,5383,0,0,0,0,0,0,0,4096,0,0,0,0,0.0,0,0.0,93,0,0,0.0,0,0.0,0,0.0,0,0,2020.6132228783054,0.0,0,0,0,0,0,3868,0.38677712169459255,0,0,0,1,0,0.0
0,0.0,7018,0,0,0,0,0,0,0,3783,0,0,0,0,0.0,0,0.0,99,0,0,0.0,0,0.0,0,0.0,0,0,2012.6493402903884,0.0,0,0,0,0,0,8087,0.40548225448760544,0,0,0,0,0,0.5945177455123946
0,0.0,1985,0,0,0,0,0,0,0,9337,0,0,0,0,0.0,0,0.0,106,0,0,0.0,0,0.5460559597944712,0,0.0,0,0,2013.9145036381503,0.0,0,0,0,0,0,2050,0.0,0,0,0,0,0,0.4539440402055288
0,0.0,3286,0,0,0,0,0,0,0,9337,0,0,0,0,0.0,0,0.0,56,0,0,0.7989371852429591,0,0.0,0,0.0,0,0,2019.0,0.0,0,0,0,0,0,7774,0.2010628147570409,0,0,0,0,0,0.0
0,0.0,5787,0,0,0,0,0,0,0,9337,1,0,0,0,0.0,0,0.0,59,0,0,0.0,0,0.0,0,0.0,0,1,2021.0,0.0,0,0,0,0,0,3431,1.0,0,0,0,0,0,0.0
0,0.0,8926,0,0,0,0,0,0,0,9337,0,0,0,0,0.0,0,0.0,66,0,0,0.44014107990666773,0,0.0,0,0.0,0,0,2020.5598589200933,0.0,0,0,0,0,0,3544,0.5598589200933323,0,0,0,0,0,0.0
0,0.0,5295,0,0,0,0,0,0,0,9337,0,0,0,0,0.0,0,0.0,114,0,0,0.0,0,0.0,0,0.0,0,0,2013.6412753361485,0.0,0,0,0,0,0,7038,0.4641275336148414,0,0,0,0,0,0.5358724663851586
0,0.0,2320,0,0,0,0,0,1,0,4096,0,0,0,0,0.0,0,0.0,129,0,1,0.0,0,0.0,0,0.0,1,1,2016.0,0.0,1,0,0,0,0,5234,0.0,0,0,0,0,0,1.0
0,0.0,6171,0,0,0,0,0,0,0,9337,0,0,0,0,0.0,0,0.0,113,0,0,0.0,0,0.0,0,0.0,0,0,2016.2179541994647,0.0,0,0,0,0,0,6964,0.7217954199464544,0,0,0,0,0,0.27820458005354565
0,0.0,2343,0,0,0,0,0,1,0,4096,0,0,0,0,0.0,0,0.0,129,0,1,0.0,0,0.0,0,0.0,1,1,2016.0,0.0,1,0,0,0,0,5234,0.0,0,0,0,0,0,1.0
0,0.0,2536,0,0,0,0,0,1,0,4096,0,0,0,0,0.0,0,0.0,129,0,1,0.0,0,0.0,0,0.0,1,1,2016.0,0.0,1,0,0,0,0,5234,0.0,0,0,0,0,0,1.0
0,0.0,9751,0,0,0,0,0,0,0,9337,0,0,0,0,0.0,0,0.0,70,0,0,0.0,0,0.0,0,0.0,0,0,2019.436284027133,0.0,0,0,0,0,0,3689,0.687256805426597,0,0,0,0,0,0.0
0,0.0,7229,0,0,0,0,0,0,0,9337,0,0,0,0,0.0,0,0.0,80,0,0,0.0,0,0.0,0,0.0,0,0,2018.0721265115826,0.0,0,0,0,0,0,3914,0.4144253023165335,0,0,0,0,0,0.0
0,0.0,1685,0,0,0,0,0,0,0,3325,0,0,1,0,0.0,0,0.0,74,0,1,0.0,0,0.0,0,0.0,0,0,2018.0,0.0,0,0,0,0,0,7091,1.0,0,0,0,0,0,0.0
0,0.0,5009,0,0,0,0,0,0,0,9337,0,0,0,0,0.0,0,0.0,112,0,0,0.0,0,0.0,0,0.0,0,0,2019.0,0.0,0,0,0,0,0,6884,1.0,0,0,0,0,0,0.0
0,0.0,6911,0,0,0,0,0,1,0,4096,0,0,0,0,0.0,0,0.0,129,0,1,0.0,0,0.0,0,0.0,1,1,2016.0,0.0,1,0,0,0,0,5234,0.0,0,0,0,0,0,1.0
0,0.0,4725,0,0,0,0,0,0,0,9337,0,0,0,0,0.0,0,0.0,77,0,0,0.8655338998084862,0,0.0,0,0.0,0,0,2019.462135599234,0.0,0,0,0,0,0,3766,0.0,0,0,0,0,0,0.0
0,0.0,3006,0,0,0,0,1,0,0,4096,0,0,0,0,0.0,0,0.0,121,0,0,1.0,0,0.0,0,0.0,0,0,2015.0,0.0,0,1,0,0,0,5920,0.0,0,0,0,0,0,0.0
0,0.0,8928,0,0,0,0,0,0,0,9337,0,0,0,0,0.0,0,0.0,75,0,0,1.0,0,0.0,0,0.0,0,0,2020.0,0.0,0,0,0,0,0,3690,0.0,0,0,0,0,0,0.0
0,0.0,9835,0,0,0,0,0,0,0,9337,0,0,0,0,0.0,0,0.0,76,0,0,0.9502647572786346,0,0.0,0,0.0,0,0,2019.8010590291146,0.0,0,0,0,0,0,3718,0.0,0,0,0,0,0,0.0
0,0.0,4723,0,0,0,0,0,0,0,9337,0,0,0,0,0.0,0,0.0,112,0,0,0.0,0,0.0,0,0.0,0,0,2019.0,0.0,0,0,0,0,0,6884,1.0,0,0,0,0,0,0.0
0,0.0,7709,0,0,0,0,0,0,0,4360,0,0,0,0,0.0,0,0.0,128,0,0,0.0,0,0.0,0,0.0,0,0,1991.83348629698,0.7149082553426322,0,0,0,0,0,7580,0.28509174465736775,0,0,0,0,0,0.0
0,0.0,8427,0,0,0,0,0,0,0,4096,0,0,0,0,0.0,0,0.0,84,0,0,1.0,0,0.0,0,0.0,0,0,2021.0,0.0,1,0,0,0,0,4366,0.0,0,0,0,0,0,0.0
0,0.0,3614,0,0,0,0,0,0,0,4096,1,0,0,0,0.0,0,0.0,102,0,0,0.6379128835412831,0,0.36208711645871694,0,0.0,0,0,2017.3620871164587,0.0,0,0,0,0,0,1484,0.0,0,0,0,0,0,0.0
0,0.0,7257,0,0,0,0,0,0,0,9337,0,0,0,0,0.0,0,0.0,100,0,0,0.0,0,0.0,0,0.0,0,0,2014.5432102319892,0.0,0,0,0,0,0,4351,0.0,0,0,0,0,0,0.2081128240015494
0,0.0,5555,0,0,0,0,0,0,0,3325,0,0,0,0,0.0,0,0.0,113,0,0,0.0,0,0.0,0,0.0,0,0,2020.7245177440104,0.9081725813367866,0,0,0,0,0,6951,0.09182741866321342,0,0,0,0,0,0.0
0,0.0,2004,0,0,0,0,0,0,0,9337,0,0,0,0,0.0,0,0.0,104,0,0,0.0,0,0.6348421457347734,0,0.0,0,0,2014.7135793116129,0.0,0,0,0,0,0,1948,0.0,0,0,0,0,0,0.3651578542652266
0,0.0,6108,0,0,0,0,0,0,0,9337,0,0,0,0,0.0,0,0.0,90,0,0,0.6233499087440502,0,0.0,0,0.0,0,0,2015.8568489961845,0.0,0,0,0,0,0,2807,0.0,0,0,0,0,0,0.37665009125594984
0,0.0,4699,0,0,0,0,0,0,0,9337,0,0,0,0,0.0,0,0.0,112,0,0,0.0,0,0.0,0,0.0,0,0,2019.0,0.0,0,0,0,0,0,6884,1.0,0,0,0,0,0,0.0
0,0.0,7771,0,0,0,0,0,0,0,9337,0,0,0,0,0.0,0,0.0,85,0,0,0.5572977603652867,0,0.44270223963471333,0,0.0,0,0,2019.1145955207305,0.0,0,0,0,0,0,2173,0.0,0,0,0,0,0,0.0
0,0.0,7256,0,0,0,0,0,0,0,4096,0,0,0,0,0.0,0,0.0,121,0,0,0.23679092803590618,0,0.0,0,0.0,0,0,2016.0,0.7632090719640938,0,0,0,0,0,1948,0.0,0,0,0,0,0,0.0
0,0.0,5597,0,0,0,0,0,0,0,9337,0,0,0,0,0.0,0,0.0,109,0,0,0.0,0,0.0,0,0.0,0,0,2011.4832957855365,0.0,0,0,0,0,0,4550,0.0,0,0,0,0,0,0.645243459209058
0,0.0,8593,0,0,0,0,0,0,0,4096,0,0,0,0,0.0,0,0.0,116,0,0,0.9304328368604581,0,0.06956716313954192,0,0.0,0,0,2015.2087014894187,0.0,0,0,0,0,0,5948,0.0,0,0,0,0,0,0.0
0,0.0,6812,0,0,0,0,0,1,0,4096,0,0,0,0,0.0,0,0.0,129,0,1,0.0,0,0.0,0,0.0,1,1,2016.0,0.0,1,0,0,0,0,5234,0.0,0,0,0,0,0,1.0
0,0.0,9690,0,0,0,0,0,0,0,9337,0,0,0,0,0.0,0,0.0,75,0,0,1.0,0,0.0,0,0.0,0,0,2020.0,0.0,0,0,0,0,0,3690,0.0,0,0,0,0,0,0.0
0,0.0,5253,0,0,0,0,0,0,0,9337,0,0,0,0,0.0,0,0.0,114,0,0,0.0,0,0.0,0,0.0,0,0,2014.0748636807973,0.0,0,0,0,0,0,7026,0.507486368079722,0,0,0,0,0,0.49251363192027797
0,0.0,6810,0,0,0,0,0,0,0,9337,0,0,0,0,0.0,0,0.0,99,0,0,0.0,0,0.0,0,0.0,0,0,2014.9470214310397,0.0,0,0,0,0,0,4324,0.0,0,0,0,0,0,0.15042550985148329
0,0.0,5754,0,0,0,0,0,0,0,9337,0,0,0,0,0.0,0,0.0,113,0,0,0.0,0,0.0,0,0.0,0,0,2009.6447974273106,0.0,0,0,0,0,0,3026,0.05373311894253918,0,0,0,0,0,0.9462668810574608
0,0.0,6362,0,0,0,0,0,0,0,9337,0,0,0,0,0.0,0,0.0,76,0,0,0.954679255576397,0,0.0,0,0.0,0,0,2019.5014718113403,0.0,0,0,0,0,0,3736,0.0,0,0,0,0,0,0.04532074442360301
0,0.0,6950,0,0,0,0,0,0,0,9337,0,0,0,0,0.0,0,0.0,110,0,0,0.1467389434841636,0,0.0,0,0.0,0,0,2010.6141283783259,0.0,0,0,0,0,0,2957,0.0,0,0,0,0,0,0.8532610565158364
0,0.0,3068,0,0,0,0,0,0,0,9337,0,0,0,0,0.0,0,0.0,85,0,0,0.21838261145277915,0,0.7816173885472208,0,0.0,0,0,2018.2183826114529,0.0,0,0,0,0,0,1575,0.0,0,0,0,0,0,0.0
0,0.0,3042,0,0,0,0,0,0,0,9337,0,0,0,0,0.0,0,0.0,60,0,0,0.0,0,0.0,0,0.0,0,0,2020.3431113197391,0.6715556598695231,0,0,0,0,0,6742,0.32844434013047685,0,0,0,0,0,0.0
0,0.0,9301,0,0,0,0,0,0,0,4125,0,0,0,0,0.0,0,0.0,105,0,0,1.0,0,0.0,0,0.0,0,0,2011.4250151059848,0.0,0,0,0,0,0,7274,0.0,0,0,0,0,0,0.0
0,0.0,6765,0,0,0,0,0,0,0,4096,0,0,0,0,0.0,0,0.0,94,0,0,0.671981729507909,0,0.0,0,0.0,0,0,2016.328018270492,0.0,0,0,0,0,0,2259,0.328018270492091,0,0,0,0,0,0.0
0,0.0,8723,0,0,0,0,1,0,0,4096,0,0,0,0,0.0,0,0.0,121,0,0,1.0,0,0.0,0,0.0,0,0,2015.0,0.0,0,1,0,0,0,5920,0.0,0,0,0,0,0,0.0
0,0.0,6489,0,0,0,0,0,0,0,9337,0,0,0,0,0.0,0,0.0,86,0,0,0.5158380307707365,0,0.48416196922926347,0,0.0,0,0,2019.0316760615415,0.0,0,0,0,0,0,2125,0.0,0,0,0,0,0,0.0
0,0.0,2881,0,0,0,0,0,1,0,9337,0,0,0,0,0.0,0,0.0,98,0,0,0.0,0,1.0,0,0.0,0,0,2018.0,0.0,1,0,0,0,0,1526,0.0,0,0,0,0,0,0.0
0,0.0,5929,0,0,0,0,0,0,0,1950,0,0,0,0,0.0,0,0.0,118,0,0,0.0,0,0.0,0,0.0,0,0,1992.5669392138825,0.6873800212464217,0,0,0,0,0,3609,0.3126199787535783,0,0,0,0,0,0.0
0,0.0,3734,0,0,0,0,0,0,0,9337,0,0,0,0,0.0,0,0.0,52,0,0,1.0,0,0.0,0,0.0,0,0,2019.3127438693944,0.0,0,0,0,0,0,2940,0.0,0,0,0,0,0,0.0
0,0.0,5185,0,0,0,0,0,0,0,9337,0,0,0,0,0.0,0,0.0,112,0,0,0.0,0,0.0,0,0.0,0,0,2018.823610469109,0.0,0,0,0,0,0,6904,0.9823610469108989,0,0,0,0,0,0.017638953089101128
0,0.0,7464,0,0,0,0,0,0,0,3325,0,0,1,0,0.0,0,0.0,74,0,1,0.0,0,0.0,0,0.0,0,0,2018.0,0.0,0,0,0,0,0,7091,1.0,0,0,0,0,0,0.0
0,0.0,9018,0,0,0,0,0,0,0,4096,0,0,0,0,0.0,0,0.0,79,0,0,0.5960267451413723,0,0.0,0,0.0,0,0,2020.4039732548586,0.0,0,0,0,0,0,3723,0.0,0,0,0,0,0,0.0
0,0.0,6519,0,0,0,0,0,0,0,9337,0,0,0,0,0.0,0,0.0,88,0,0,0.42534737292235825,0,0.5746526270776418,0,0.0,0,0,2018.8506947458447,0.0,0,0,0,0,0,2020,0.0,0,0,0,0,0,0.0
0,0.0,7079,0,0,0,0,0,0,0,9337,0,0,0,0,0.0,0,0.0,94,0,0,0.0,0,0.0,0,0.0,0,0,2013.7189002351445,0.0,0,0,0,0,0,3171,0.39324168626203093,0,0,0,0,0,0.6067583137379691
0,0.0,8253,0,0,0,0,0,0,0,9337,0,0,0,0,0.0,0,0.0,70,0,0,0.7485681937636879,0,0.0,0,0.0,0,0,2020.2514318062363,0.0,0,0,0,0,0,2874,0.2514318062363121,0,0,0,0,0,0.0
0,0.0,5014,0,0,0,0,0,0,0,9337,0,0,0,0,0.0,0,0.0,86,0,0,0.45549343106838247,0,0.0,0,0.0,0,0,2017.8219737242734,0.0,0,0,0,0,0,3998,0.0,0,0,0,0,0,0.0
0,0.0,3257,0,0,0,0,0,0,0,4096,0,0,0,0,0.0,0,0.0,77,0,0,0.0,0,1.0,0,0.0,0,0,2017.5131095968543,0.0,0,0,0,0,0,6171,0.0,0,0,0,0,0,0.0
0,0.0,1821,0,0,0,0,0,0,0,9337,0,0,0,0,0.0,0,0.0,117,0,0,0.0,0,0.0,0,0.0,0,0,2009.0,0.0,0,0,0,0,0,7819,0.0,0,0,0,0,0,1.0
0,0.0,4213,0,0,0,0,0,0,0,4096,0,0,0,0,0.0,0,0.0,97,0,0,0.9658439256195783,0,0.0,0,0.0,0,0,2016.0,0.034156074380421675,0,0,0,0,0,2176,0.0,0,0,0,0,0,0.0
0,0.0,6403,0,0,0,0,0,0,0,4096,1,0,0,0,0.0,0,0.0,106,1,0,1.0,0,0.0,0,0.0,0,0,2017.0,0.0,0,0,0,0,0,1446,0.0,0,0,0,0,0,0.0
0,0.0,3891,0,0,0,0,0,0,0,4096,0,0,0,0,0.0,0,0.0,86,0,0,0.4179282798217321,0,0.0,0,0.0,0,0,2016.328286880713,0.0,0,0,0,0,0,7155,0.5820717201782679,0,0,0,0,0,0.0
0,0.0,5363,0,0,0,0,0,0,0,3325,0,0,0,0,0.0,0,0.0,96,0,0,0.0,0,0.0,0,0.0,0,0,2019.5087828094092,0.5029276031364398,0,0,0,0,0,7013,0.4970723968635602,0,0,0,0,0,0.0
0,0.0,7715,0,0,0,0,0,0,0,3325,0,0,1,0,0.0,0,0.0,74,0,1,0.0,0,0.0,0,0.0,0,0,2018.0,0.0,0,0,0,0,0,7091,1.0,0,0,0,0,0,0.0
0,0.0,1968,0,0,0,0,0,0,0,9337,0,0,0,0,0.0,0,0.0,108,0,0,0.0,0,0.4674161406403543,0,0.0,0,0,2013.2067452657632,0.0,0,0,0,0,0,2141,0.0,0,0,0,0,0,0.5325838593596457
0,0.0,5187,0,0,0,0,0,0,0,3663,0,0,0,0,0.0,0,0.0,85,0,0,0.0,0,0.0,0,0.0,0,0,2000.8677570866648,0.0,0,0,0,0,0,8004,0.5607117201708939,0,0,0,0,0,0.4392882798291061
0,0.0,5312,0,0,0,0,0,0,0,3325,0,0,0,0,0.0,0,0.0,91,0,0,0.0,0,0.0,0,0.0,0,0,2019.1843052784286,0.3947684261429022,0,0,0,0,0,7030,0.6052315738570978,0,0,0,0,0,0.0
0,0.0,5574,0,0,0,0,0,0,0,9337,0,0,0,0,0.0,0,0.0,72,0,0,0.0,0,0.0,0,0.0,0,0,2019.121987224332,0.0,0,0,0,0,0,3740,0.6243974448664207,0,0,0,0,0,0.0
0,0.0,4631,0,0,0,0,0,0,0,9337,0,0,0,0,0.0,0,0.0,75,0,0,1.0,0,0.0,0,0.0,0,0,2020.0,0.0,0,0,0,0,0,2865,0.0,0,0,0,0,0,0.0
0,0.0,1678,0,0,0,0,0,0,0,9337,0,0,0,0,0.0,0,0.0,117,0,0,0.0,0,0.0,0,0.0,0,0,2009.0,0.0,0,0,0,0,0,3031,0.0,0,0,0,0,0,1.0
0,0.0,9359,0,0,0,0,0,0,0,9337,0,0,0,0,0.0,0,0.0,84,0,0,0.5285514608932566,0,0.0,0,0.0,0,0,2018.114205843573,0.0,0,0,0,0,0,3956,0.0,0,0,0,0,0,0.0
0,0.0,7202,0,0,0,0,0,0,0,4096,0,0,0,0,0.0,0,0.0,95,0,0,0.6635069803688078,0,0.0,0,0.0,0,0,2016.9620837644256,0.0,0,0,0,0,0,4482,0.0,0,0,0,0,0,0.33649301963119216
0,0.0,5649,0,0,0,0,0,0,0,3599,0,0,0,0,0.0,0,0.0,117,0,0,0.0,0,0.0,0,0.0,0,0,2016.7221704674498,0.6435142056208089,0,0,0,0,0,7021,0.0,0,0,0,0,0,0.35648579437919115
0,0.0,2227,0,0,0,0,1,0,0,4096,0,0,0,0,0.0,0,0.0,121,0,0,1.0,0,0.0,0,0.0,0,0,2015.0,0.0,0,1,0,0,0,5920,0.0,0,0,0,0,0,0.0
0,0.0,8601,0,0,0,0,0,0,0,4096,0,0,0,0,0.0,0,0.0,88,0,0,0.0,0,0.05784498568213248,0,0.0,0,0,2017.057844985682,0.0,0,0,0,0,0,9248,0.9421550143178675,0,0,0,0,0,0.0
0,0.0,3360,0,0,0,0,0,0,0,4096,0,0,0,1,0.0,0,0.0,46,0,0,0.0,0,0.0,0,0.0,0,0,2013.0,1.0,0,0,0,0,0,1788,0.0,0,0,0,0,0,0.0
0,0.0,6005,0,0,0,0,0,0,0,9337,1,0,0,0,0.0,0,0.0,59,0,0,0.0,0,0.0,0,0.0,0,1,2021.0,0.0,0,0,0,0,0,3431,1.0,0,0,0,0,0,0.0
0,0.0,1025,0,0,0,0,0,0,0,9337,0,0,0,0,0.0,0,0.0,60,0,0,0.0,0,0.0,0,0.0,0,0,2020.6437607411954,0.0,0,0,0,0,0,3427,0.970313395099614,0,0,0,0,0,0.029686604900385993
0,0.0,1841,0,0,0,0,0,0,0,9337,0,0,0,0,0.0,0,0.0,115,0,0,0.0,0,0.0,0,0.0,0,0,2009.3720867921015,0.0,0,0,0,0,0,3017,0.031007232675128504,0,0,0,0,0,0.9689927673248715
0,0.0,5486,0,0,0,0,0,0,0,3325,0,0,0,0,0.0,0,0.0,107,0,0,0.0,0,0.0,0,0.0,0,0,2020.2853023793778,0.7617674597926223,0,0,0,0,0,6973,0.23823254020737772,0,0,0,0,0,0.0
0,0.0,6193,0,0,0,0,0,1,0,9337,0,0,0,0,0.0,0,0.0,98,0,0,0.0,0,1.0,0,0.0,0,0,2018.0,0.0,1,0,0,0,0,1526,0.0,0,0,0,0,0,0.0
0,0.0,7626,0,0,0,0,0,0,0,9337,0,0,0,0,0.0,0,0.0,114,0,0,0.0,0,0.0,0,0.0,0,0,2013.7374992137663,0.0,0,0,0,0,0,6649,0.47374992137663363,0,0,0,0,0,0.5262500786233664
0,0.0,2278,0,0,0,0,1,0,0,4096,0,0,0,0,0.0,0,0.0,121,0,0,1.0,0,0.0,0,0.0,0,0,2015.0,0.0,0,1,0,0,0,5920,0.0,0,0,0,0,0,0.0
0,0.0,6964,0,0,0,0,0,0,0,9337,0,0,0,0,0.0,0,0.0,111,0,0,0.1276124387870079,0,0.0,0,0.0,0,0,2010.403736826657,0.0,0,0,0,0,0,2685,0.0,0,0,0,0,0,0.8723875612129921
0,0.0,9571,0,0,0,0,0,0,0,9337,0,0,0,0,0.0,0,0.0,88,0,0,0.0,0,0.0,0,0.0,0,0,2017.0127402796088,0.0,0,0,0,0,0,4088,0.20254805592177183,0,0,0,0,0,0.0
0,0.0,3130,0,0,0,0,1,0,0,4096,0,0,0,0,0.0,0,0.0,96,0,0,0.9657030408927596,0,0.0,0,0.0,0,0,2015.8285152044639,0.0,0,0,0,0,0,2176,0.0342969591072404,0,0,0,0,0,0.0
0,0.0,4336,0,0,0,0,0,0,0,9337,0,0,0,0,0.0,0,0.0,77,0,0,0.3743139847751278,0,0.6256860152248722,0,0.0,0,0,2018.3743139847752,0.0,0,0,0,0,0,1549,0.0,0,0,0,0,0,0.0
0,0.0,2746,0,0,0,0,0,0,0,4096,1,0,0,0,0.0,0,0.0,106,1,0,1.0,0,0.0,0,0.0,0,0,2017.0,0.0,0,0,0,0,0,1446,0.0,0,0,0,0,0,0.0
0,0.0,9554,0,0,0,0,0,0,0,9337,0,0,0,0,0.0,0,0.0,66,0,0,0.4972236653146339,0,0.0,0,0.0,0,0,2020.5027763346854,0.0,0,0,0,0,0,3559,0.5027763346853661,0,0,0,0,0,0.0
0,0.0,3409,0,0,0,0,0,0,0,4096,0,0,0,0,0.0,0,0.0,88,0,0,0.8611371048405029,0,0.0,0,0.0,0,0,2000.054983693509,0.0,0,0,0,0,0,9154,0.0,0,0,0,0,0,0.0
0,0.0,5872,0,0,0,0,0,0,0,9337,0,0,0,0,0.0,0,0.0,94,0,0,0.0,0,0.0,0,0.0,0,0,2013.5675383910627,0.0,0,0,0,0,0,3166,0.3806281992552314,0,0,0,0,0,0.6193718007447686
0,0.0,5954,0,0,0,0,0,0,0,9337,0,0,0,0,0.0,0,0.0,115,0,0,0.0,0,0.0,0,0.0,0,0,2012.5681823984203,0.0,0,0,0,0,0,7548,0.3568182398420221,0,0,0,0,0,0.6431817601579779
0,0.0,6845,0,0,0,0,0,1,0,9337,0,0,0,0,0.0,0,0.0,98,0,0,0.0,0,1.0,0,0.0,0,0,2018.0,0.0,1,0,0,0,0,1526,0.0,0,0,0,0,0,0.0
0,0.0,1946,0,0,0,0,0,0,0,9337,0,0,0,0,0.0,0,0.0,116,0,0,0.0,0,0.0,0,0.0,0,0,2010.4283871689167,0.0,0,0,0,0,0,6502,0.14283871689167904,0,0,0,0,0,0.857161283108321
0,0.0,7143,0,0,0,0,0,0,0,3325,0,0,1,0,0.0,0,0.0,74,0,1,0.0,0,0.0,0,0.0,0,0,2018.0,0.0,0,0,0,0,0,8178,1.0,0,0,0,0,0,0.0
0,0.0,4148,0,0,0,0,0,0,0,4096,0,0,0,1,0.0,0,0.0,46,0,0,0.0,0,0.0,0,0.0,0,0,2013.0,1.0,0,0,0,0,0,1788,0.0,0,0,0,0,0,0.0
0,0.0,1625,0,0,0,0,0,0,0,9337,0,0,0,0,0.0,0,0.0,108,0,0,0.0,0,0.0,0,0.0,0,0,2010.733363202052,0.0,0,0,0,0,0,4527,0.1444469335043319,0,0,0,0,0,0.8555530664956681
0,0.0,2623,0,0,0,0,1,0,0,4096,0,0,0,0,0.0,0,0.0,121,0,0,1.0,0,0.0,0,0.0,0,0,2015.0,0.0,0,1,0,0,0,5920,0.0,0,0,0,0,0,0.0
0,0.0,7300,0,0,0,0,0,0,0,4096,1,0,0,1,0.0,0,0.0,91,0,0,0.0,0,0.0,0,0.0,0,0,2019.0,0.0,0,1,0,0,0,3831,1.0,0,0,0,0,0,0.0
0,0.0,2747,0,0,0,0,0,0,0,3325,0,0,0,0,0.0,0,0.0,112,0,0,0.0,0,0.0,0,0.0,0,0,2020.6226854286654,0.8742284762218139,0,0,0,0,0,6956,0.12577152377818612,0,0,0,0,0,0.0
0,0.0,3326,0,0,0,0,0,0,0,9337,0,0,0,0,0.0,0,0.0,42,0,0,1.0,0,0.0,0,0.0,0,0,2019.0,0.0,0,0,0,0,0,4995,0.0,0,0,0,0,0,0.0
0,0.0,7046,0,0,0,0,0,1,0,9337,0,0,0,0,0.0,0,0.0,98,0,0,0.0,0,1.0,0,0.0,0,0,2018.0,0.0,1,0,0,0,0,1526,0.0,0,0,0,0,0,0.0
0,0.0,6344,0,0,0,0,0,0,0,9337,0,0,0,0,0.0,0,0.0,75,0,0,0.9798155335725801,0,0.0,0,0.0,0,0,2019.7779708692983,0.0,0,0,0,0,0,2687,0.0,0,0,0,0,0,0.02018446642741989
0,0.0,8468,0,0,0,0,0,0,0,4096,0,0,0,0,0.0,0,0.0,104,0,0,1.0,0,0.0,0,0.0,0,0,2016.8046487927343,0.0,0,0,0,0,0,1421,0.0,0,0,0,0,0,0.0
0,0.0,2716,0,0,0,0,0,0,0,9337,0,0,0,0,0.0,0,0.0,73,0,0,0.0,0,0.0,0,0.0,0,0,2020.0226756773882,0.5113378386940656,0,0,0,0,0,6776,0.48866216130593443,0,0,0,0,0,0.0
0,0.0,9332,0,0,0,0,0,0,0,9337,0,0,0,0,0.0,0,0.0,82,0,0,0.6321961174159776,0,0.0,0,0.0,0,0,2018.5287844696638,0.0,0,0,0,0,0,3898,0.0,0,0,0,0,0,0.0
0,0.0,1430,0,0,0,0,0,0,0,9337,1,0,0,0,0.0,0,0.0,59,0,0,0.0,0,0.0,0,0.0,0,1,2021.0,0.0,0,0,0,0,0,3431,1.0,0,0,0,0,0,0.0
0,0.0,6421,0,0,0,0,0,0,0,9337,0,0,0,0,0.0,0,0.0,112,0,0,0.0,0,0.0,0,0.0,0,0,2017.8207033039316,0.0,0,0,0,0,0,7005,0.8820703303931517,0,0,0,0,0,0.11792966960684825
0,0.0,2546,0,0,0,0,0,1,0,9337,0,0,0,0,0.0,0,0.0,98,0,0,0.0,0,1.0,0,0.0,0,0,2018.0,0.0,1,0,0,0,0,1526,0.0,0,0,0,0,0,0.0
0,0.0,5303,0,0,0,0,0,0,0,9337,0,0,0,0,0.0,0,0.0,113,0,0,0.0,0,0.0,0,0.0,0,0,2016.736868055395,0.0,0,0,0,0,0,7142,0.7736868055394895,0,0,0,0,0,0.22631319446051046
0,0.0,2664,0,0,0,0,1,0,0,4096,0,0,0,0,0.0,0,0.0,121,0,0,1.0,0,0.0,0,0.0,0,0,2015.0,0.0,0,1,0,0,0,5920,0.0,0,0,0,0,0,0.0
0,0.0,5827,0,0,0,0,0,0,0,4096,1,0,0,0,0.0,0,0.0,106,1,0,1.0,0,0.0,0,0.0,0,0,2017.0,0.0,0,0,0,0,0,1446,0.0,0,0,0,0,0,0.0
0,0.0,7812,0,0,0,0,0,0,0,4251,0,0,0,0,0.0,0,0.0,116,0,0,0.0,0,0.0,0,0.0,0,0,1979.8404370599164,0.4202185299582639,0,0,0,0,0,7709,0.0,0,0,0,0,0,0.5797814700417361
0,0.0,9547,0,0,0,0,0,0,0,9337,0,0,0,0,0.0,0,0.0,90,0,0,0.0,0,0.0,0,0.0,0,0,2016.6871210699203,0.0,0,0,0,0,0,4142,0.13742421398404658,0,0,0,0,0,0.0
0,0.0,4688,0,0,0,0,0,0,0,4096,0,0,0,0,0.0,0,0.0,79,0,0,0.591787997704907,0,0.0,0,0.0,0,0,2020.4082120022952,0.0,0,0,0,0,0,3723,0.0,0,0,0,0,0,0.0
0,0.0,7867,0,0,0,0,0,0,0,9337,0,0,0,0,0.0,0,0.0,82,0,0,0.6820389923383241,0,0.3179610076616759,0,0.0,0,0,2019.3640779846767,0.0,0,0,0,0,0,2318,0.0,0,0,0,0,0,0.0
0,0.0,6219,0,0,0,0,0,1,0,9337,0,0,0,0,0.0,0,0.0,98,0,0,0.0,0,1.0,0,0.0,0,0,2018.0,0.0,1,0,0,0,0,1526,0.0,0,0,0,0,0,0.0
0,0.0,2870,0,0,0,0,0,0,0,9337,0,0,0,0,0.0,0,0.0,73,0,0,0.442979841363345,0,0.557020158636655,0,0.0,0,0,2018.4429798413632,0.0,0,0,0,0,0,1626,0.0,0,0,0,0,0,0.0
0,0.0,2074,0,0,1,0,0,0,0,4096,0,0,0,0,0.0,0,0.0,54,0,0,0.0,0,1.0,0,0.0,0,0,2018.0,0.0,0,0,0,0,0,6279,0.0,0,0,0,0,0,0.0
0,0.0,5728,0,0,0,0,0,0,0,9337,0,0,0,0,0.0,0,0.0,83,0,0,0.0,0,0.0,0,0.0,0,0,2015.9203268174304,0.0,0,0,0,0,0,3377,0.5766939014525313,0,0,0,0,0,0.4233060985474687
0,0.0,9690,0,0,0,0,0,0,0,9337,0,0,0,0,0.0,0,0.0,84,0,0,0.5436086655514148,0,0.0,0,0.0,0,0,2018.1744346622056,0.0,0,0,0,0,0,3948,0.0,0,0,0,0,0,0.0
0,0.0,8110,0,0,0,0,0,0,0,9337,0,0,0,0,0.0,0,0.0,75,0,0,1.0,0,0.0,0,0.0,0,0,2020.0,0.0,0,0,0,0,0,3308,0.0,0,0,0,0,0,0.0
0,0.0,8259,0,0,0,0,0,0,0,9337,0,0,0,0,0.0,0,0.0,75,0,0,1.0,0,0.0,0,0.0,0,0,2020.0,0.0,0,0,0,0,0,3293,0.0,0,0,0,0,0,0.0
0,0.0,9128,0,0,0,0,0,0,0,4096,0,0,0,0,0.0,0,0.0,111,0,0,0.47850468176570937,0,0.5214953182342906,0,0.0,0,0,2016.0429906364686,0.0,0,1,0,0,0,6135,0.0,0,0,0,0,0,0.0
0,0.0,6156,0,0,0,0,0,0,0,4096,0,0,0,0,0.0,0,0.0,114,0,0,0.0,0,0.0,0,0.0,0,0,2017.1007426400736,1.0,0,0,0,0,0,1700,0.0,0,0,0,0,0,0.0
0,0.0,1493,0,0,0,0,1,0,0,4096,0,0,0,0,0.0,0,0.0,121,0,0,1.0,0,0.0,0,0.0,0,0,2015.0,0.0,0,1,0,0,0,5920,0.0,0,0,0,0,0,0.0
0,0.0,4729,0,0,0,0,0,0,0,9337,0,0,0,0,0.0,0,0.0,112,0,0,0.0,0,0.0,0,0.0,0,0,2019.0,0.0,0,0,0,0,0,6884,1.0,0,0,0,0,0,0.0
0,0.0,2477,0,0,0,0,0,0,0,4096,0,0,0,0,0.0,0,0.0,125,0,0,0.0,0,0.0,0,0.0,0,0,2015.8756840921392,0.04143863595357411,0,0,0,0,0,5236,0.0,0,0,0,0,0,0.9585613640464259
0,0.0,4282,0,0,0,0,0,0,0,4096,0,0,0,1,0.0,0,0.0,46,0,0,0.0,0,0.0,0,0.0,0,0,2013.0,1.0,0,0,0,0,0,1788,0.0,0,0,0,0,0,0.0
0,0.0,6786,0,0,0,0,0,0,0,4338,0,0,0,0,0.0,0,0.0,124,0,0,0.6551200921824755,0,0.0,0,0.0,0,0,1993.7259168657959,0.0,0,0,0,0,0,4117,0.0,0,0,0,0,0,0.0
0,0.0,2706,0,0,0,0,0,0,0,4096,1,0,0,0,0.0,0,0.0,106,1,0,1.0,0,0.0,0,0.0,0,0,2017.0,0.0,0,0,0,0,0,1446,0.0,0,0,0,0,0,0.0
0,0.0,1775,0,0,0,0,0,0,0,3325,0,0,1,0,0.0,0,0.0,74,0,1,0.0,0,0.0,0,0.0,0,0,2018.0,0.0,0,0,0,0,0,2653,1.0,0,0,0,0,0,0.0
0,0.0,2568,0,0,0,0,0,0,0,9337,0,0,0,0,0.0,0,0.0,66,0,0,0.0,0,0.0,0,0.0,0,0,2016.4368555731753,0.6197379644312677,0,0,0,0,0,6612,0.0,0,0,0,0,0,0.3802620355687323
0,0.0,3909,0,0,0,0,0,0,0,3896,0,0,0,0,0.0,0,0.0,92,0,0,0.0,0,0.0,0,0.0,0,0,2006.8723035846856,0.7418464276876326,0,0,0,0,0,7755,0.25815357231236735,0,0,0,0,0,0.0
0,0.0,5576,0,0,0,0,0,0,0,9337,0,0,0,0,0.0,0,0.0,110,0,0,0.14916934788040614,0,0.0,0,0.0,0,0,2010.6408628266845,0.0,0,0,0,0,0,2685,0.0,0,0,0,0,0,0.8508306521195939
0,0.0,5433,0,0,0,0,0,0,0,3325,0,0,0,0,0.0,0,0.0,102,0,0,0.0,0,0.0,0,0.0,0,0,2019.949402207641,0.6498007358803061,0,0,0,0,0,6990,0.35019926411969393,0,0,0,0,0,0.0
0,0.0,5193,0,0,0,0,0,1,0,9337,0,0,0,0,0.0,0,0.0,98,0,0,0.0,0,1.0,0,0.0,0,0,2018.0,0.0,1,0,0,0,0,1526,0.0,0,0,0,0,0,0.0
0,0.0,8177,0,0,0,0,0,0,0,4096,0,0,0,0,0.0,0,0.0,93,0,0,0.0,0,0.0,0,0.0,0,0,2017.0,0.0,0,0,0,0,0,9336,0.6195654125069989,0,0,0,0,0,0.0
0,0.0,2748,0,0,0,0,0,0,0,3325,0,0,0,0,0.0,0,0.0,108,0,0,0.0,0,0.0,0,0.0,0,0,2020.359594731212,0.7865315770706082,0,0,0,0,0,6969,0.21346842292939183,0,0,0,0,0,0.0
0,0.0,1764,0,0,0,0,0,0,0,9337,0,0,0,0,0.0,0,0.0,117,0,0,0.0,0,0.0,0,0.0,0,0,2009.0,0.0,0,0,0,0,0,7972,0.0,0,0,0,0,0,1.0
0,0.0,5616,0,0,0,0,0,0,0,4096,0,0,0,0,0.0,0,0.0,100,0,0,0.0,0,0.0,0,0.0,0,0,1992.9472750613786,0.0,0,0,0,0,0,7672,0.6339670482444848,0,0,0,0,0,0.3660329517555152
0,0.0,2626,0,0,0,0,0,0,0,4096,0,0,0,0,0.0,0,0.0,104,0,0,0.0,0,0.06686371323918516,0,0.0,0,0,2019.7994088602825,0.0,0,0,0,0,0,4001,0.9331362867608148,0,0,0,0,0,0.0
0,0.0,1549,0,0,0,0,0,0,0,9337,0,0,0,0,0.0,0,0.0,89,0,0,0.0,0,0.0,0,0.0,0,0,2014.7238128734841,0.0,0,0,0,0,0,3364,0.4769844061236709,0,0,0,0,0,0.5230155938763291
0,0.0,2679,0,0,0,0,0,0,0,4096,1,0,0,0,0.0,0,0.0,106,1,0,1.0,0,0.0,0,0.0,0,0,2017.0,0.0,0,0,0,0,0,1446,0.0,0,0,0,0,0,0.0
0,0.0,1824,0,0,0,0,0,0,0,4096,0,0,0,0,0.0,0,0.0,110,0,0,0.0,0,0.0,0,0.0,0,0,2006.9971385585154,0.33381024024744166,0,0,0,0,0,7521,0.0,0,0,0,0,0,0.6661897597525583
0,0.0,2267,0,0,0,0,0,0,0,9337,0,0,0,0,0.0,0,0.0,113,0,0,0.0,0,0.0,0,0.0,0,0,2016.231885816381,0.0,0,0,0,0,0,6760,0.7231885816380934,0,0,0,0,0,0.2768114183619066
0,0.0,3906,0,0,0,0,0,0,0,4096,0,0,0,0,0.0,0,0.0,88,0,0,0.0,0,0.0,0,0.0,0,0,2020.2198226894216,0.0,0,0,0,0,0,3795,0.3900886552892108,0,0,0,0,0,0.0
0,0.0,4613,0,0,0,0,0,0,0,4096,0,0,0,0,0.0,0,0.0,107,0,0,0.0,0,0.4595557331006339,0,0.0,0,0,2018.0808885337988,0.0,0,0,0,0,0,6630,0.5404442668993661,0,0,0,0,0,0.0
0,0.0,5465,0,0,0,0,0,0,0,4096,0,0,0,0,0.0,0,0.0,89,0,0,0.5372386573827483,0,0.0,0,0.0,0,0,2018.6861932869137,0.0,0,0,0,0,0,4315,0.0,0,0,0,0,0,0.0
0,0.0,5099,0,0,0,0,0,0,0,9337,0,0,0,0,0.0,0,0.0,112,0,0,0.0,0,0.0,0,0.0,0,0,2019.0,0.0,0,0,0,0,0,6884,1.0,0,0,0,0,0,0.0
0,0.0,3441,0,0,0,0,0,0,0,9337,0,0,0,0,0.0,0,0.0,47,0,0,0.8891513616479968,0,0.0,0,0.0,0,0,2018.667454084944,0.0,0,0,0,0,0,4411,0.0,0,0,0,0,0,0.0
0,0.0,7940,0,0,0,0,0,0,0,9337,0,0,0,0,0.0,0,0.0,79,0,0,0.7883555437751445,0,0.0,0,0.0,0,0,2019.1534221751006,0.0,0,0,0,0,0,3809,0.0,0,0,0,0,0,0.0
0,0.0,8826,0,0,0,0,0,0,0,9337,0,0,0,0,0.0,0,0.0,75,0,0,1.0,0,0.0,0,0.0,0,0,2020.0,0.0,0,0,0,0,0,2688,0.0,0,0,0,0,0,0.0
0,0.0,3117,0,0,0,0,1,0,0,4096,0,0,0,0,0.0,0,0.0,121,0,0,1.0,0,0.0,0,0.0,0,0,2015.0,0.0,0,1,0,0,0,5920,0.0,0,0,0,0,0,0.0
0,0.0,9065,0,0,0,0,0,0,0,4096,0,0,0,0,0.0,0,0.0,87,0,0,0.0,0,0.0,0,0.0,0,0,2020.9494301211623,0.0,0,0,0,0,0,3784,0.0505698788376554,0,0,0,1,0,0.0
0,0.0,8788,0,0,0,0,0,0,0,4096,0,0,0,0,0.0,0,0.0,93,0,0,1.0,0,0.0,0,0.0,0,0,2013.954058918919,0.0,0,0,0,0,0,2316,0.0,0,0,0,0,0,0.0
0,0.0,6798,0,0,0,0,0,1,0,4096,0,0,0,0,0.0,0,0.0,129,0,1,0.0,0,0.0,0,0.0,1,1,2016.0,0.0,1,0,0,0,0,5234,0.0,0,0,0,0,0,1.0
0,0.0,2721,0,0,0,0,0,1,0,9337,0,0,0,0,0.0,0,0.0,98,0,0,0.0,0,1.0,0,0.0,0,0,2018.0,0.0,1,0,0,0,0,1526,0.0,0,0,0,0,0,0.0
0,0.0,9287,0,0,0,0,0,0,0,9337,0,0,0,0,0.0,0,0.0,87,0,0,0.4164642857324291,0,0.0,0,0.0,0,0,2017.6658571429298,0.0,0,0,0,0,0,4020,0.0,0,0,0,0,0,0.0
0,0.0,5001,0,0,0,0,0,0,0,9337,0,0,0,0,0.0,0,0.0,88,0,0,0.6667769664944222,0,0.0,0,0.0,0,0,2016.3345466314386,0.0,0,0,0,0,0,2793,0.0,0,0,0,0,0,0.3332230335055778
0,0.0,6695,0,0,0,0,0,0,0,4096,1,0,0,0,0.0,0,0.0,5,0,0,0.0,0,0.0,0,0.0,0,0,2020.0,1.0,0,0,0,0,0,9993,0.0,0,0,0,0,0,0.0
0,0.0,6216,0,0,0,0,0,0,0,4096,0,0,0,0,0.0,0,0.0,79,0,0,0.5862059353395086,0,0.0,0,0.0,0,0,2020.4137940646606,0.0,0,0,0,0,0,3723,0.0,0,0,0,0,0,0.0
0,0.0,8744,0,0,0,0,0,0,0,9337,0,0,0,0,0.0,0,0.0,62,0,0,0.20207468381731053,0,0.0,0,0.0,0,0,2020.7979253161827,0.0,0,0,0,0,0,3280,0.7979253161826895,0,0,0,0,0,0.0
0,0.0,5631,0,0,0,0,0,0,0,3501,0,0,0,0,0.0,0,0.0,117,0,0,0.0,0,0.0,0,0.0,0,0,2018.2535268335262,0.7711272361271724,0,0,0,0,0,6991,0.0,0,0,0,0,0,0.22887276387282762
0,0.0,5774,0,0,0,0,0,0,0,4096,1,0,0,0,0.0,0,0.0,106,1,0,1.0,0,0.0,0,0.0,0,0,2017.0,0.0,0,0,0,0,0,1446,0.0,0,0,0,0,0,0.0
0,0.0,3961,0,0,0,0,0,0,0,9337,0,0,0,0,0.0,0,0.0,74,0,0,0.5337724497329043,0,0.0,0,0.0,0,0,2019.0,0.0,0,0,0,0,0,6920,0.4662275502670957,0,0,0,0,0,0.0
0,0.0,1843,0,0,0,0,0,0,0,9337,0,0,0,0,0.0,0,0.0,117,0,0,0.0,0,0.0,0,0.0,0,0,2009.0,0.0,0,0,0,0,0,3465,0.0,0,0,0,0,0,1.0
0,0.0,6036,0,0,0,0,0,0,0,9337,0,0,0,0,0.0,0,0.0,114,0,0,0.0,0,0.0,0,0.0,0,0,2013.9549706791063,0.0,0,0,0,0,0,6697,0.49549706791062176,0,0,0,0,0,0.5045029320893782
0,0.0,4729,0,0,0,0,0,0,0,4096,0,0,0,0,0.0,0,0.0,120,0,0,0.0,0,0.27759896473476764,0,0.0,0,0,2016.5551979294696,0.7224010352652324,0,0,0,0,0,1785,0.0,0,0,0,1,0,0.0
0,0.0,6653,0,0,0,0,0,0,0,9337,0,0,0,0,0.0,0,0.0,114,0,0,0.0,0,0.0,0,0.0,0,0,2014.6022265279619,0.0,0,0,0,0,0,7011,0.5602226527961953,0,0,0,0,0,0.4397773472038047
0,0.0,7433,0,0,0,0,0,0,0,4096,0,0,1,0,0.0,0,0.0,107,0,1,0.0,0,0.0,0,0.0,0,1,2019.0,1.0,0,0,0,0,0,9839,0.0,0,0,0,0,0,0.0
0,0.0,3416,0,0,0,0,0,0,0,4096,1,0,0,0,0.0,0,0.0,106,1,0,1.0,0,0.0,0,0.0,0,0,2017.0,0.0,0,0,0,0,0,1446,0.0,0,0,0,0,0,0.0
0,0.0,7070,0,0,0,0,0,0,0,9337,0,0,0,0,0.0,0,0.0,115,0,0,0.0,0,0.0,0,0.0,0,0,2009.3738358305561,0.0,0,0,0,0,0,4688,0.0,0,0,0,0,0,0.9465948813491265
0,0.0,5506,0,0,0,0,0,0,0,3325,0,0,0,0,0.0,0,0.0,109,0,0,0.0,0,0.0,0,0.0,0,0,2020.4167178323773,0.805572610792453,0,0,0,0,0,6966,0.19442738920754699,0,0,0,0,0,0.0
0,0.0,2741,0,0,0,0,0,0,0,4096,1,0,0,0,0.0,0,0.0,106,1,0,1.0,0,0.0,0,0.0,0,0,2017.0,0.0,0,0,0,0,0,1446,0.0,0,0,0,0,0,0.0
0,0.0,5929,0,0,0,0,0,1,0,9337,0,0,0,0,0.0,0,0.0,98,0,0,0.0,0,1.0,0,0.0,0,0,2018.0,0.0,1,0,0,0,0,1526,0.0,0,0,0,0,0,0.0
0,0.0,5859,0,0,0,0,0,0,0,9337,1,0,0,0,0.0,0,0.0,59,0,0,0.0,0,0.0,0,0.0,0,1,2021.0,0.0,0,0,0,0,0,3431,1.0,0,0,0,0,0,0.0
0,0.0,2808,0,0,0,0,0,0,0,4096,1,0,0,0,0.0,0,0.0,106,1,0,1.0,0,0.0,0,0.0,0,0,2017.0,0.0,0,0,0,0,0,1446,0.0,0,0,0,0,0,0.0
0,0.0,8196,0,0,0,0,0,1,0,4096,0,0,0,0,0.0,0,0.0,98,0,0,0.0,0,1.0,0,0.0,0,0,2018.0,0.0,1,0,0,0,0,1526,0.0,0,0,0,0,0,0.0
0,0.0,5721,0,0,0,0,0,0,0,9337,0,0,0,0,0.0,0,0.0,68,0,0,0.0,0,0.0,0,0.0,0,0,2019.1048300805376,0.0,0,0,0,0,0,3312,0.8420691733781317,0,0,0,0,0,0.1579308266218683
0,0.0,9164,0,0,0,0,0,0,0,4096,0,0,0,0,0.0,0,0.0,126,0,0,0.032414074059918474,0,0.0,0,0.0,0,1,2015.9027577778202,0.0,0,0,0,0,0,5236,0.0,0,0,0,0,0,0.9675859259400815
0,0.0,3019,0,0,0,0,0,0,0,4096,0,0,0,0,0.0,0,0.0,113,0,1,0.0,0,1.0,0,0.0,0,0,2017.0,0.0,0,0,0,0,0,3715,0.0,0,0,0,0,0,0.0
0,0.0,1273,0,0,0,0,0,0,0,4096,0,0,0,0,0.0,0,0.0,90,0,0,0.0,0,0.0,0,0.0,0,0,2016.7853785301465,0.0,0,0,0,0,0,9190,0.8926892650732383,0,0,0,0,0,0.10731073492676169
0,0.0,6188,0,0,0,0,0,0,0,4096,0,0,0,0,0.0,0,0.0,109,0,0,0.0,0,0.0,0,0.0,0,0,2017.4332777935883,1.0,0,0,0,0,0,1647,0.0,0,0,0,0,0,0.0
0,0.0,6839,0,0,0,0,0,0,0,9337,0,0,0,0,0.0,0,0.0,88,0,0,0.0,0,0.0,0,0.0,0,0,2017.0434037818457,0.0,0,0,0,0,0,4083,0.20868075636911987,0,0,0,0,0,0.0
0,0.0,8357,0,0,0,0,0,0,0,9337,0,0,0,0,0.0,0,0.0,75,0,0,1.0,0,0.0,0,0.0,0,0,2020.0,0.0,0,0,0,0,0,3155,0.0,0,0,0,0,0,0.0
0,0.0,3120,0,0,0,0,0,0,0,9337,0,0,0,0,0.0,0,0.0,56,0,0,0.7486777421812241,0,0.25132225781877593,0,0.0,0,0,2018.7486777421811,0.0,0,0,0,0,0,1696,0.0,0,0,0,0,0,0.0
0,0.0,7490,0,0,0,0,0,1,0,9337,0,0,0,0,0.0,0,0.0,98,0,0,0.0,0,1.0,0,0.0,0,0,2018.0,0.0,1,0,0,0,0,1526,0.0,0,0,0,0,0,0.0
0,0.0,5180,0,0,0,0,0,0,0,4096,0,0,0,0,0.0,0,0.0,104,0,0,1.0,0,0.0,0,0.0,0,0,2013.5794891444684,0.0,0,0,0,0,0,2391,0.0,0,0,0,0,0,0.0
0,0.0,6132,0,0,0,0,0,0,0,9337,0,0,0,0,0.0,0,0.0,89,0,0,0.6648811613201615,0,0.0,0,0.0,0,0,2016.3136927745218,0.0,0,0,0,0,0,2793,0.0,0,0,0,0,0,0.3351188386798385
0,0.0,9420,0,0,0,0,0,0,0,9337,0,0,0,0,0.0,0,0.0,75,0,0,1.0,0,0.0,0,0.0,0,0,2020.0,0.0,0,0,0,0,0,3690,0.0,0,0,0,0,0,0.0
0,0.0,6727,0,0,0,0,0,1,0,4096,0,0,0,0,0.0,0,0.0,129,0,1,0.0,0,0.0,0,0.0,1,1,2016.0,0.0,1,0,0,0,0,5234,0.0,0,0,0,0,0,1.0
0,0.0,2489,0,0,0,0,0,1,0,9337,0,0,0,0,0.0,0,0.0,98,0,0,0.0,0,1.0,0,0.0,0,0,2018.0,0.0,1,0,0,0,0,1526,0.0,0,0,0,0,0,0.0
0,0.0,2102,0,0,0,0,0,0,0,4096,0,0,0,0,0.0,0,0.0,109,0,0,0.0,0,0.0,0,0.0,0,0,2015.2527880350342,1.0,0,0,0,0,0,1853,0.0,0,0,0,0,0,0.0
0,0.0,3319,0,0,0,0,0,0,0,9337,0,0,0,0,0.0,0,0.0,44,0,0,0.967341078396044,0,0.0,0,0.0,0,0,2019.0,0.0,0,0,0,0,0,6950,0.032658921603956004,0,0,0,0,0,0.0
0,0.0,8755,0,0,0,0,0,0,0,4096,0,0,0,0,0.0,0,0.0,97,0,0,1.0,0,0.0,0,0.0,0,0,2015.7048045238325,0.0,0,0,0,0,0,2211,0.0,0,0,0,0,0,0.0
0,0.0,9498,0,0,0,0,0,0,0,3325,0,0,0,0,0.0,0,0.0,118,0,0,0.0,0,0.0,0,0.0,0,0,2021.0,1.0,0,0,0,0,0,6937,0.0,0,0,0,0,0,0.0
0,0.0,6002,0,0,0,0,0,0,0,9337,0,0,0,0,0.0,0,0.0,66,0,0,0.4650522249475709,0,0.0,0,0.0,0,0,2020.5349477750524,0.0,0,0,0,0,0,3551,0.5349477750524291,0,0,0,0,0,0.0
0,0.0,2651,0,0,0,0,0,0,0,9337,0,0,0,0,0.0,0,0.0,81,0,0,0.0,0,0.0,0,0.0,0,0,2019.7987664344569,0.3993832172283883,0,0,0,0,0,6799,0.6006167827716117,0,0,0,0,0,0.0
0,0.0,6068,0,0,0,0,0,0,0,9337,0,0,0,0,0.0,0,0.0,114,0,0,0.0,0,0.0,0,0.0,0,0,2014.4854463398399,0.0,0,0,0,0,0,7350,0.548544633983998,0,0,0,0,0,0.451455366016002
0,0.0,6968,0,0,0,0,0,0,0,9337,0,0,0,0,0.0,0,0.0,61,0,0,0.18669940544990427,0,0.0,0,0.0,0,0,2020.8133005945501,0.0,0,0,0,0,0,3479,0.8133005945500957,0,0,0,0,0,0.0
0,0.0,3215,0,0,0,0,0,0,0,9337,0,0,0,0,0.0,0,0.0,81,0,0,0.432030791312185,0,0.0,0,0.0,0,0,2019.0,0.0,0,0,0,0,0,6913,0.567969208687815,0,0,0,0,0,0.0
0,0.0,1534,0,0,0,0,0,0,0,9337,0,0,0,0,0.0,0,0.0,85,0,0,0.0,0,0.0,0,0.0,0,0,2015.5476520909635,0.0,0,0,0,0,0,4013,0.5456376742469667,0,0,0,0,0,0.45436232575303326
0,0.0,7183,0,0,0,0,0,0,0,9337,0,0,0,0,0.0,0,0.0,106,0,0,0.0,0,0.0,0,0.0,0,0,2012.5044121637227,0.0,0,0,0,0,0,4484,0.0,0,0,0,0,0,0.4993696908967691
0,0.0,5815,0,0,0,0,0,0,0,9337,0,0,0,0,0.0,0,0.0,116,0,0,0.0,0,0.0,0,0.0,0,0,2010.2338896557671,0.0,0,0,0,0,0,7789,0.12338896557671875,0,0,0,0,0,0.8766110344232813
0,0.0,2200,0,0,0,0,0,0,1,4096,0,0,0,0,0.0,0,0.0,80,0,0,0.6536806328847605,0,0.0,0,0.0,0,0,2005.27270670942,0.0,0,0,0,0,0,2585,0.3463193671152395,0,0,0,0,0,0.0
0,0.0,2808,0,0,0,0,0,0,0,9337,0,0,0,0,0.0,0,0.0,68,0,0,0.6447854370481686,0,0.0,0,0.0,0,0,2015.4478543704818,0.0,0,0,0,0,0,4531,0.0,0,0,0,0,0,0.3552145629518314
0,0.0,7214,0,0,0,0,0,0,0,9337,0,0,0,0,0.0,0,0.0,106,0,0,0.0,0,0.5447376269052062,0,0.0,0,0,2013.902638642147,0.0,0,0,0,0,0,2052,0.0,0,0,0,0,0,0.4552623730947938
0,0.0,4206,0,0,0,0,0,0,0,4096,0,0,0,0,0.0,0,0.0,72,0,0,0.0,0,0.0,0,0.0,0,0,2015.451098926214,1.0,0,0,0,0,0,1675,0.0,0,0,0,0,0,0.0
0,0.0,2462,0,0,0,0,0,1,0,4096,0,0,0,0,0.0,0,0.0,129,0,1,0.0,0,0.0,0,0.0,1,1,2016.0,0.0,1,0,0,0,0,5234,0.0,0,0,0,0,0,1.0
0,0.0,8442,0,0,0,0,0,0,0,9337,0,0,0,0,0.0,0,0.0,70,0,0,0.7362688419596313,0,0.0,0,0.0,0,0,2020.2637311580404,0.0,0,0,0,0,0,3621,0.26373115804036873,0,0,0,0,0,0.0
0,0.0,4631,0,0,0,0,0,0,0,9337,0,0,0,0,0.0,0,0.0,75,0,0,1.0,0,0.0,0,0.0,0,0,2020.0,0.0,0,0,0,0,0,2971,0.0,0,0,0,0,0,0.0
0,0.0,7115,0,0,0,0,0,0,0,9337,1,0,0,0,0.0,0,0.0,59,0,0,0.0,0,0.0,0,0.0,0,1,2021.0,0.0,0,0,0,0,0,3431,1.0,0,0,0,0,0,0.0
0,0.0,5992,0,0,0,0,0,0,0,9337,1,0,0,0,0.0,0,0.0,59,0,0,0.0,0,0.0,0,0.0,0,1,2021.0,0.0,0,0,0,0,0,3431,1.0,0,0,0,0,0,0.0
0,0.0,2439,0,0,0,0,0,1,0,9337,0,0,0,0,0.0,0,0.0,98,0,0,0.0,0,1.0,0,0.0,0,0,2018.0,0.0,1,0,0,0,0,1526,0.0,0,0,0,0,0,0.0
0,0.0,9063,0,0,0,0,0,0,0,9337,0,0,0,0,0.0,0,0.0,112,0,0,0.0,0,0.0,0,0.0,0,0,2019.0,0.0,0,0,0,0,0,6884,1.0,0,0,0,0,0,0.0
0,0.0,6324,0,0,0,0,0,0,0,9337,0,0,0,0,0.0,0,0.0,88,0,0,0.0,0,0.0,0,0.0,0,0,2017.048838981539,0.0,0,0,0,0,0,4082,0.2097677963077853,0,0,0,0,0,0.0
0,0.0,7204,0,0,0,0,0,0,0,9337,0,0,0,0,0.0,0,0.0,75,0,0,0.0,0,0.0,0,0.0,0,0,2018.7062934016255,0.0,0,0,0,0,0,3809,0.54125868032509,0,0,0,0,0,0.0
0,0.0,1997,0,0,0,0,0,0,0,9337,0,0,0,0,0.0,0,0.0,115,0,0,0.0,0,0.0,0,0.0,0,0,2011.3390168447531,0.0,0,0,0,0,0,7105,0.233901684475321,0,0,0,0,0,0.766098315524679
0,0.0,6910,0,0,0,0,0,0,0,9337,0,0,0,0,0.0,0,0.0,115,0,0,0.0,0,0.0,0,0.0,0,0,2011.0315043796247,0.0,0,0,0,0,0,6589,0.20315043796246235,0,0,0,0,0,0.7968495620375377
0,0.0,2212,0,0,0,0,0,0,0,9337,0,0,0,0,0.0,0,0.0,113,0,0,0.0,0,0.0,0,0.0,0,0,2015.2271327206347,0.0,0,0,0,0,0,6716,0.6227132720634723,0,0,0,0,0,0.37728672793652773
0,0.0,9506,0,0,0,0,0,0,0,3325,0,0,0,0,0.0,0,0.0,118,0,0,0.0,0,0.0,0,0.0,0,0,2021.0,1.0,0,0,0,0,0,6937,0.0,0,0,0,0,0,0.0
0,0.0,3606,0,0,0,0,0,0,0,4096,1,0,0,0,0.0,0,0.0,96,0,0,0.0,0,1.0,0,0.0,0,0,2018.0,0.0,0,0,0,0,0,1553,0.0,0,0,0,1,0,0.0
0,0.0,8245,0,0,0,0,0,0,0,9337,0,0,0,0,0.0,0,0.0,71,0,0,0.7624892324768154,0,0.0,0,0.0,0,0,2020.2375107675232,0.0,0,0,0,0,0,3628,0.23751076752318456,0,0,0,0,0,0.0
0,0.0,7114,0,0,0,0,0,0,0,9337,0,0,0,0,0.0,0,0.0,59,0,0,0.0,0,0.0,0,0.0,0,0,2020.937944349959,0.0,0,0,0,0,0,3427,0.9948286958299234,0,0,0,0,0,0.005171304170076607
0,0.0,3209,0,0,0,0,0,0,0,4096,0,0,0,0,0.0,0,0.0,116,0,0,0.7471304065355973,0,0.25286959346440274,0,0.0,0,0,2015.5057391869288,0.0,0,1,0,0,0,6024,0.0,0,0,0,0,0,0.0
0,0.0,2172,0,0,0,0,0,0,0,4096,0,0,0,0,0.0,0,0.0,124,0,0,0.15089720497683823,0,0.0,0,0.0,0,0,2016.0,0.8491027950231618,0,0,0,0,0,1922,0.0,0,0,0,0,0,0.0
0,0.0,9856,0,0,0,0,0,0,0,9337,0,0,0,0,0.0,0,0.0,71,0,0,0.7554110914648948,0,0.0,0,0.0,0,0,2020.2445889085352,0.0,0,0,0,0,0,3626,0.24458890853510518,0,0,0,0,0,0.0
0,0.0,7782,0,0,0,0,0,0,0,9337,0,0,0,0,0.0,0,0.0,83,0,0,0.5900838676499328,0,0.0,0,0.0,0,0,2018.3603354705997,0.0,0,0,0,0,0,3922,0.0,0,0,0,0,0,0.0
0,0.0,3181,0,0,0,0,1,0,0,4096,0,0,0,0,0.0,0,0.0,99,0,0,0.749438934969512,0,0.0,0,0.0,0,0,2014.7471946748476,0.0,0,0,0,0,0,2108,0.25056106503048803,0,0,0,0,0,0.0
0,0.0,2302,0,0,0,0,0,0,0,4096,0,0,1,0,0.0,0,0.0,107,0,1,0.0,0,0.0,0,0.0,0,1,2019.0,1.0,0,0,0,0,0,9839,0.0,0,0,0,0,0,0.0
0,0.0,1876,0,0,0,0,0,0,0,9337,0,0,0,0,0.0,0,0.0,116,0,0,0.0,0,0.03893593024188191,0,0.0,0,0,2009.350423372177,0.0,0,0,0,0,0,2636,0.0,0,0,0,0,0,0.9610640697581181
0,0.0,6759,0,0,0,0,0,0,0,9337,0,0,0,0,0.0,0,0.0,102,0,0,0.0,0,0.7494223866496069,0,0.0,0,0,2015.7448014798465,0.0,0,0,0,0,0,1815,0.0,0,0,0,0,0,0.2505776133503931
0,0.0,9416,0,0,0,0,0,0,0,9337,0,0,0,0,0.0,0,0.0,70,0,0,0.7171428938826866,0,0.0,0,0.0,0,0,2020.2828571061173,0.0,0,0,0,0,0,2898,0.2828571061173134,0,0,0,0,0,0.0
0,0.0,8341,0,0,0,0,0,0,0,9337,0,0,0,0,0.0,0,0.0,75,0,0,1.0,0,0.0,0,0.0,0,0,2020.0,0.0,0,0,0,0,0,2688,0.0,0,0,0,0,0,0.0
0,0.0,2595,0,0,0,0,1,0,0,4096,0,0,0,0,0.0,0,0.0,121,0,0,1.0,0,0.0,0,0.0,0,0,2015.0,0.0,0,1,0,0,0,5920,0.0,0,0,0,0,0,0.0
0,0.0,3078,0,0,0,0,0,0,0,9337,0,0,0,0,0.0,0,0.0,37,0,0,0.24360345345402046,0,0.0,0,0.0,0,0,2020.512793093092,0.7563965465459795,0,0,0,0,0,6996,0.0,0,0,0,0,0,0.0
0,0.0,3304,0,0,0,0,0,0,0,9337,0,0,0,0,0.0,0,0.0,45,0,0,0.9334941744447357,0,0.0665058255552643,0,0.0,0,0,2018.9334941744448,0.0,0,0,0,0,0,1585,0.0,0,0,0,0,0,0.0
0,0.0,5444,0,0,0,0,0,0,0,3606,0,0,0,0,0.0,0,0.0,115,0,0,0.0,0,0.0,0,0.0,0,0,2020.2709911468519,0.6354955734259139,0,0,0,0,0,6917,0.3645044265740861,0,0,0,0,0,0.0
0,0.0,6160,0,0,0,0,0,0,0,9337,0,0,0,0,0.0,0,0.0,87,0,0,0.712234112335033,0,0.0,0,0.0,0,0,2016.8345752356854,0.0,0,0,0,0,0,2687,0.0,0,0,0,0,0,0.287765887664967
0,0.0,5996,0,0,0,0,0,0,0,9337,0,0,0,0,0.0,0,0.0,66,0,0,0.4556770613911877,0,0.0,0,0.0,0,0,2020.5443229386087,0.0,0,0,0,0,0,3549,0.5443229386088123,0,0,0,0,0,0.0
0,0.0,2472,0,0,0,0,0,1,0,4096,0,0,0,0,0.0,0,0.0,129,0,1,0.0,0,0.0,0,0.0,1,1,2016.0,0.0,1,0,0,0,0,5234,0.0,0,0,0,0,0,1.0
0,0.0,6717,0,0,0,0,0,0,0,4096,0,0,0,0,0.0,0,0.0,125,0,0,0.04386784691745982,0,0.0,0,0.0,0,0,2015.912264306165,0.0,0,0,0,0,0,5236,0.0,0,0,0,0,0,0.9561321530825402
0,0.0,8110,0,0,0,0,0,0,0,9337,0,0,0,0,0.0,0,0.0,75,0,0,1.0,0,0.0,0,0.0,0,0,2020.0,0.0,0,0,0,0,0,3401,0.0,0,0,0,0,0,0.0
0,0.0,7416,0,0,0,0,0,0,0,9337,0,0,0,0,0.0,0,0.0,93,0,0,0.13284103385037216,0,0.0,0,0.0,0,0,2016.5313641354014,0.0,0,0,0,0,0,4180,0.0,0,0,0,0,0,0.0
0,0.0,2363,0,0,0,0,1,0,0,4096,0,0,0,0,0.0,0,0.0,121,0,0,1.0,0,0.0,0,0.0,0,0,2015.0,0.0,0,1,0,0,0,5920,0.0,0,0,0,0,0,0.0
0,0.0,5973,0,0,0,0,0,0,0,9337,0,0,0,0,0.0,0,0.0,77,0,0,0.0,0,0.0,0,0.0,0,0,2017.107737601144,0.0,0,0,0,0,0,3389,0.6756448000953261,0,0,0,0,0,0.3243551999046739
0,0.0,5616,0,0,0,0,0,0,0,3325,0,0,1,0,0.0,0,0.0,74,0,1,0.0,0,0.0,0,0.0,0,0,2018.0,0.0,0,0,0,0,0,8178,1.0,0,0,0,0,0,0.0
0,0.0,2498,0,0,0,0,0,1,0,4096,0,0,0,0,0.0,0,0.0,129,0,1,0.0,0,0.0,0,0.0,1,1,2016.0,0.0,1,0,0,0,0,5234,0.0,0,0,0,0,0,1.0
0,0.0,6794,0,0,0,0,0,0,0,4096,0,0,0,0,0.0,0,0.0,119,0,0,0.9605795262105578,0,0.0,0,0.0,0,0,2014.6846362096844,0.0,0,0,0,0,0,5904,0.039420473789442245,0,0,0,0,0,0.0
0,0.0,6306,0,0,0,0,0,0,0,9337,0,0,0,0,0.0,0,0.0,76,0,0,0.9607047444187863,0,0.0,0,0.0,0,0,2019.5677521886066,0.0,0,0,0,0,0,2687,0.0,0,0,0,0,0,0.03929525558121372
0,0.0,3037,0,0,0,0,0,0,0,9337,0,0,0,0,0.0,0,0.0,58,0,0,0.0,0,0.0,0,0.0,0,0,2020.4177836885901,0.7088918442950791,0,0,0,0,0,6734,0.2911081557049209,0,0,0,0,0,0.0
0,0.0,7412,0,0,0,0,0,0,0,3325,0,0,1,0,0.0,0,0.0,74,0,1,0.0,0,0.0,0,0.0,0,0,2018.0,0.0,0,0,0,0,0,8178,1.0,0,0,0,0,0,0.0
0,0.0,7327,0,0,0,0,0,0,0,4096,0,0,0,0,0.0,0,0.0,84,0,0,1.0,0,0.0,0,0.0,0,0,2021.0,0.0,1,0,0,0,0,4366,0.0,0,0,0,0,0,0.0
0,0.0,8454,0,0,0,0,0,0,0,9337,0,0,0,0,0.0,0,0.0,75,0,0,1.0,0,0.0,0,0.0,0,0,2020.0,0.0,0,0,0,0,0,3690,0.0,0,0,0,0,0,0.0
0,0.0,8331,0,0,0,0,0,0,0,9337,0,0,0,0,0.0,0,0.0,75,0,0,1.0,0,0.0,0,0.0,0,0,2020.0,0.0,0,0,0,0,0,3690,0.0,0,0,0,0,0,0.0
0,0.0,9776,0,0,0,0,1,0,0,4096,0,0,0,0,0.0,0,0.0,102,0,0,0.5461777326867531,0,0.0,0,0.0,0,0,2013.7308886634337,0.0,0,0,0,0,0,2045,0.45382226731324693,0,0,0,0,0,0.0
0,0.0,2237,0,0,0,0,0,0,0,4391,0,0,0,0,0.0,0,0.0,131,0,0,0.0,0,0.0,0,0.0,0,0,1980.5946084690438,0.7973042345219107,0,0,0,0,0,7642,0.0,0,0,0,0,0,0.20269576547808932
0,0.0,2996,0,0,0,0,0,1,0,9337,0,0,0,0,0.0,0,0.0,98,0,0,0.0,0,1.0,0,0.0,0,0,2018.0,0.0,1,0,0,0,0,1526,0.0,0,0,0,0,0,0.0
0,0.0,5007,0,0,0,0,0,0,0,9337,0,0,0,0,0.0,0,0.0,99,0,0,0.0,0,0.9168296482447124,0,0.0,0,0,2017.2514668342023,0.0,0,0,0,0,0,1622,0.0,0,0,0,0,0,0.08317035175528764
0,0.0,7664,0,0,0,0,0,0,0,4096,0,0,0,0,0.0,0,0.0,84,0,0,1.0,0,0.0,0,0.0,0,0,2021.0,0.0,1,0,0,0,0,4366,0.0,0,0,0,0,0,0.0
0,0.0,1378,0,0,0,0,1,0,0,4096,0,0,0,0,0.0,0,0.0,121,0,0,1.0,0,0.0,0,0.0,0,0,2015.0,0.0,0,1,0,0,0,5920,0.0,0,0,0,0,0,0.0
0,0.0,2067,0,0,0,0,0,0,0,9337,0,0,0,0,0.0,0,0.0,106,0,0,0.1366637482207237,0,0.0,0,0.0,0,0,2010.3666374822071,0.0,0,0,0,0,0,4773,0.0,0,0,0,0,0,0.8633362517792763
0,0.0,8414,0,0,0,0,0,0,0,9337,0,0,0,0,0.0,0,0.0,72,0,0,0.8226264920306117,0,0.0,0,0.0,0,0,2020.1773735079694,0.0,0,0,0,0,0,2819,0.17737350796938833,0,0,0,0,0,0.0
0,0.0,1513,0,0,0,0,0,0,0,9337,0,0,0,0,0.0,0,0.0,104,0,0,0.0,0,0.0,0,0.0,0,0,2011.67844380729,0.0,0,0,0,0,0,3099,0.22320365060750824,0,0,0,0,0,0.7767963493924918
0,0.0,2271,0,0,0,0,0,0,0,9337,0,0,0,0,0.0,0,0.0,113,0,0,0.0,0,0.0,0,0.0,0,0,2016.2994293510683,0.0,0,0,0,0,0,6962,0.7299429351068216,0,0,0,0,0,0.2700570648931784
0,0.0,5779,0,0,0,0,0,0,0,9337,0,0,0,0,0.0,0,0.0,107,0,0,0.0,0,0.0,0,0.0,0,0,2010.9373935267809,0.0,0,0,0,0,0,3072,0.1614494605650706,0,0,0,0,0,0.8385505394349294
0,0.0,7368,0,0,0,0,0,0,0,4096,0,0,0,0,0.0,0,0.0,113,0,0,0.0,0,0.47758028406933883,0,0.0,0,0,2016.9551605681386,0.5224197159306612,0,0,0,0,0,1721,0.0,0,0,0,1,0,0.0
0,0.0,3717,0,0,0,0,0,0,0,9337,0,0,0,0,0.0,0,0.0,51,0,0,1.0,0,0.0,0,0.0,0,0,2019.2998225449974,0.0,0,0,0,0,0,2966,0.0,0,0,0,0,0,0.0
0,0.0,6770,0,0,0,0,0,1,0,9337,0,0,0,0,0.0,0,0.0,98,0,0,0.0,0,1.0,0,0.0,0,0,2018.0,0.0,1,0,0,0,0,1526,0.0,0,0,0,0,0,0.0
0,0.0,5707,0,0,0,0,0,0,0,3325,0,0,1,0,0.0,0,0.0,74,0,1,0.0,0,0.0,0,0.0,0,0,2018.0,0.0,0,0,0,0,0,7091,1.0,0,0,0,0,0,0.0
0,0.0,9092,0,0,0,0,0,0,0,3325,0,0,0,0,0.0,0,0.0,118,0,0,0.0,0,0.0,0,0.0,0,0,2021.0,1.0,0,0,0,0,0,6937,0.0,0,0,0,0,0,0.0
0,0.0,7072,0,0,0,0,0,0,0,9337,0,0,0,0,0.0,0,0.0,101,0,0,0.0,0,0.0,0,0.0,0,0,2012.2826000276234,0.0,0,0,0,0,0,2889,0.27355000230194215,0,0,0,0,0,0.7264499976980578
0,0.0,5632,0,0,0,0,0,0,0,4096,0,0,0,0,0.0,0,0.0,112,0,0,0.0,0,0.0,0,0.0,0,0,2008.1046927354362,0.0,0,0,0,0,0,6532,0.22382681614095234,0,0,0,0,0,0.7761731838590477
0,0.0,8967,0,0,0,0,0,0,0,9337,0,0,0,0,0.0,0,0.0,75,0,0,1.0,0,0.0,0,0.0,0,0,2020.0,0.0,0,0,0,0,0,2688,0.0,0,0,0,0,0,0.0
0,0.0,8611,0,0,0,0,0,0,0,4096,0,0,0,0,0.0,0,0.0,110,0,0,0.8438993707317595,0,0.15610062926824053,0,0.0,0,0,2015.4683018878047,0.0,0,0,0,0,0,5984,0.0,0,0,0,0,0,0.0
0,0.0,2850,0,0,0,0,0,0,0,4096,0,0,1,0,0.0,0,0.0,107,0,1,0.0,0,0.0,0,0.0,0,1,2019.0,1.0,0,0,0,0,0,9839,0.0,0,0,0,0,0,0.0
0,0.0,4811,0,0,0,0,0,0,0,4096,1,0,0,0,0.0,0,0.0,105,0,0,0.9723917079940406,0,0.02760829200595938,0,0.0,0,0,2017.0276082920059,0.0,0,0,0,0,0,1448,0.0,0,0,0,0,0,0.0
0,0.0,5310,0,0,0,0,0,0,0,4281,0,0,0,0,0.0,0,0.0,122,0,0,0.5025551017512204,0,0.0,0,0.0,0,0,2000.9029061334536,0.0,0,0,0,0,0,4033,0.4974448982487796,0,0,0,0,0,0.0
0,0.0,5700,0,0,0,0,0,0,0,4096,0,0,0,0,0.0,0,0.0,95,0,0,0.0718189266520235,0,0.0,0,0.0,0,0,2021.0,0.9281810733479765,0,0,0,0,0,4506,0.0,0,0,0,0,0,0.0
0,0.0,2879,0,0,0,0,0,0,0,4096,1,0,0,0,0.0,0,0.0,106,1,0,1.0,0,0.0,0,0.0,0,0,2017.0,0.0,0,0,0,0,0,1446,0.0,0,0,0,0,0,0.0
0,0.0,3146,0,0,0,0,0,0,0,9337,0,0,0,0,0.0,0,0.0,38,0,0,0.4517163038501918,0,0.0,0,0.0,0,0,2020.0965673922997,0.5482836961498082,0,0,0,0,0,7271,0.0,0,0,0,0,0,0.0
0,0.0,6201,0,0,0,0,0,0,0,9337,0,0,0,0,0.0,0,0.0,113,0,0,0.0,0,0.0,0,0.0,0,0,2016.728851035222,0.0,0,0,0,0,0,6949,0.7728851035222185,0,0,0,0,0,0.2271148964777815
0,0.0,5853,0,0,0,0,0,0,0,9337,1,0,0,0,0.0,0,0.0,59,0,0,0.0,0,0.0,0,0.0,0,1,2021.0,0.0,0,0,0,0,0,3431,1.0,0,0,0,0,0,0.0
0,0.0,7726,0,0,0,0,0,1,0,9337,0,0,0,0,0.0,0,0.0,98,0,0,0.0,0,1.0,0,0.0,0,0,2018.0,0.0,1,0,0,0,0,1526,0.0,0,0,0,0,0,0.0
0,0.0,2706,0,0,0,0,0,0,0,4096,1,0,0,0,0.0,0,0.0,106,1,0,1.0,0,0.0,0,0.0,0,0,2017.0,0.0,0,0,0,0,0,1446,0.0,0,0,0,0,0,0.0
0,0.0,7291,0,0,0,0,0,0,0,9337,0,0,0,0,0.0,0,0.0,101,0,0,0.0,0,0.8097294732310127,0,0.0,0,0,2016.2875652590792,0.0,0,0,0,0,0,1745,0.0,0,0,0,0,0,0.19027052676898726
0,0.0,1454,0,0,0,0,0,0,0,9337,0,0,0,0,0.0,0,0.0,65,0,0,0.0,0,0.0,0,0.0,0,0,2019.7011128355553,0.0,0,0,0,0,0,3569,0.8917594029629425,0,0,0,0,0,0.10824059703705746
0,0.0,3035,0,0,0,0,0,0,0,9337,0,0,0,0,0.0,0,0.0,91,0,0,0.12099797672302037,0,0.8790020232769796,0,0.0,0,0,2018.120997976723,0.0,0,0,0,0,0,1517,0.0,0,0,0,0,0,0.0
0,0.0,5122,0,0,0,0,0,0,0,9337,0,0,0,0,0.0,0,0.0,107,0,0,0.0,0,0.0,0,0.0,0,0,2012.1614961933997,0.0,0,0,0,0,0,4506,0.0,0,0,0,0,0,0.5483576866572049
0,0.0,2664,0,0,0,0,0,0,0,4096,0,0,0,0,0.0,0,0.0,119,0,0,0.9613320640221688,0,0.0,0,0.0,0,0,2014.6906565121774,0.0,0,0,0,0,0,5904,0.03866793597783125,0,0,0,0,0,0.0
0,0.0,3259,0,0,0,0,0,0,0,9337,0,0,0,0,0.0,0,0.0,53,0,0,0.7998624485025331,0,0.20013755149746693,0,0.0,0,0,2018.7998624485026,0.0,0,0,0,0,0,1468,0.0,0,0,0,0,0,0.0
0,0.0,2736,0,0,0,0,0,0,0,4096,0,0,0,0,0.0,0,0.0,71,0,0,0.6711615394502296,0,0.0,0,0.0,0,0,2015.644192302749,0.0,0,0,0,0,0,5129,0.0,0,0,0,0,0,0.0
0,0.0,1764,0,0,0,0,0,0,0,3325,0,0,1,0,0.0,0,0.0,74,0,1,0.0,0,0.0,0,0.0,0,0,2018.0,0.0,0,0,0,0,0,8178,1.0,0,0,0,0,0,0.0
0,0.0,8982,0,0,0,0,0,0,0,9337,0,0,0,0,0.0,0,0.0,75,0,0,1.0,0,0.0,0,0.0,0,0,2020.0,0.0,0,0,0,0,0,2688,0.0,0,0,0,0,0,0.0
0,0.0,9525,0,0,0,0,0,0,0,4359,0,0,0,0,0.0,0,0.0,113,0,0,0.0,0,0.0,0,0.0,0,0,1996.045388947313,0.7126646804531057,0,0,0,0,0,4104,0.0,0,0,0,0,0,0.0
0,0.0,8088,0,0,0,0,0,0,0,4096,0,0,0,0,0.0,0,0.0,82,0,0,0.3358267268880747,0,0.0,0,0.0,0,0,2020.6641732731118,0.0,0,0,0,0,0,3744,0.0,0,0,0,0,0,0.0
0,0.0,6706,0,0,0,0,0,0,0,4096,0,0,0,0,0.0,0,0.0,12,0,0,0.0,0,0.0,0,0.0,0,0,2019.9250905675704,1.0,0,0,0,0,0,9981,0.0,0,0,0,0,0,0.0
0,0.0,1371,0,0,0,0,0,0,0,4096,0,0,0,0,0.0,0,0.0,119,0,0,0.92356314168147,0,0.0,0,0.0,0,0,2015.2293105749557,0.07643685831852998,0,0,0,0,0,5948,0.0,0,0,0,0,0,0.0
0,0.0,4634,0,0,0,0,0,0,0,4096,0,0,0,0,0.0,0,0.0,108,0,0,0.0,0,0.39999760425725717,0,0.0,0,0,2018.2000047914855,0.0,0,0,0,0,0,6663,0.6000023957427428,0,0,0,0,0,0.0
0,0.0,3967,0,0,0,0,0,0,0,9337,0,0,0,0,0.0,0,0.0,75,0,0,0.38659103765923764,0,0.0,0,0.0,0,0,2017.1597731129777,0.0,0,0,0,0,0,4603,0.0,0,0,0,0,0,0.0
0,0.0,6048,0,0,0,0,0,0,0,9337,1,0,0,0,0.0,0,0.0,59,0,0,0.0,0,0.0,0,0.0,0,1,2021.0,0.0,0,0,0,0,0,3431,1.0,0,0,0,0,0,0.0
0,0.0,6188,0,0,0,0,0,0,0,9337,0,0,0,0,0.0,0,0.0,85,0,0,0.7600055430115534,0,0.0,0,0.0,0,0,2017.360060973127,0.0,0,0,0,0,0,2686,0.0,0,0,0,0,0,0.23999445698844657
0,0.0,1816,0,0,0,0,0,0,0,9337,0,0,0,0,0.0,0,0.0,117,0,0,0.0,0,0.0,0,0.0,0,0,2009.0,0.0,0,0,0,0,0,3229,0.0,0,0,0,0,0,1.0
0,0.0,8009,0,0,0,0,0,0,0,4096,0,0,0,0,0.0,0,0.0,88,0,0,0.0,0,0.0,0,0.0,0,0,2020.4067154209458,0.0,0,0,0,0,0,3789,0.29664228952714,0,0,0,0,0,0.0
0,0.0,2395,0,0,0,0,0,0,0,9337,0,0,0,0,0.0,0,0.0,112,0,0,0.0,0,0.0,0,0.0,0,0,2018.539150443409,0.0,0,0,0,0,0,6863,0.9539150443409055,0,0,0,0,0,0.04608495565909454
0,0.0,8774,0,0,0,0,0,0,0,4096,0,0,0,0,0.0,0,0.0,94,0,0,1.0,0,0.0,0,0.0,0,0,2014.6497800779612,0.0,0,0,0,0,0,2272,0.0,0,0,0,0,0,0.0
0,0.0,8473,0,0,0,0,0,0,0,9337,0,0,0,0,0.0,0,0.0,112,0,0,0.0,0,0.0,0,0.0,0,0,2019.0,0.0,0,0,0,0,0,6884,1.0,0,0,0,0,0,0.0
0,0.0,6032,0,0,0,0,0,0,0,9337,1,0,0,0,0.0,0,0.0,59,0,0,0.0,0,0.0,0,0.0,0,1,2021.0,0.0,0,0,0,0,0,3431,1.0,0,0,0,0,0,0.0
0,0.0,3005,0,0,0,0,0,0,0,4264,0,0,0,0,0.0,0,0.0,116,0,0,0.0,0,0.5450980290606873,0,0.0,0,0,2003.80784284276,0.4549019709393127,0,0,0,0,0,3864,0.0,0,0,0,0,0,0.0
