girls,rating_R,cast,man,man,high,high,family,father,country,rating_TV-G,rating_NR,love,love,woman,home,rating_G,american,duration,black,life,life,rating_TV-MA,teen,rating_PG,series,rating_TV-Y,world,world,release_year,rating_TV-14,school,movie,type,director,christmas,girl,girl,city,rating_TV-Y7,rating_PG-13
0,0.0,6307,0,0,0,0,0,0,6304,0.0,0.0,0,1,0,0,0.0,0,2,0,0,0,0.0,0,0.0,0,0.0,0,0,2015.0,1.0,0,0,1,9907,0,0,0,0,0.0,0.0
0,0.0,1381,0,0,0,0,0,0,9337,0.0,0.0,0,0,0,0,0.0,0,1,0,0,0,0.0,0,0.0,0,0.0,0,0,2006.357219377165,0.7901737889271969,0,0,1,6514,0,0,0,0,0.0,0.0
0,0.0,6192,0,0,0,0,0,0,9337,0.0,0.0,0,0,0,0,0.0,0,2,0,0,0,0.0,0,0.0,0,1.0,0,0,2016.0,0.0,0,0,1,4957,0,0,0,0,0.0,0.0
0,0.0,5907,0,0,0,0,0,0,4034,0.0,0.0,0,0,0,0,0.0,0,1,0,0,1,1.0,1,0.0,0,0.0,0,0,2021.0,0.0,0,0,1,3740,0,0,0,0,0.0,0.0
0,0.0,1111,0,0,0,0,0,1,5288,0.0,0.0,0,0,0,1,0.0,0,1,0,0,0,0.0,0,0.0,0,0.0,0,0,2017.0,1.0,0,0,1,4647,0,0,0,0,0.0,0.0
0,0.0,3877,0,0,0,0,0,0,9337,0.0,0.0,0,0,0,0,0.0,0,2,0,0,0,1.0,0,0.0,0,0.0,0,1,2017.0,0.0,0,0,1,8645,0,0,0,0,0.0,0.0
0,0.0,8079,0,0,0,0,0,0,1055,0.0,0.0,0,0,0,0,0.0,0,1,0,0,0,1.0,0,0.0,0,0.0,0,0,2019.0,0.0,0,0,1,3259,0,0,1,0,0.0,0.0
0,0.0,4826,0,0,0,0,0,0,9337,0.0,0.0,0,0,0,0,0.0,0,1,0,0,0,0.0,0,0.0,0,0.0,0,0,2015.1979309813594,0.8288670026629451,0,0,1,6290,0,0,1,0,0.0,0.0
0,0.0,4326,0,0,1,1,0,0,7969,0.0,0.0,0,0,0,0,0.0,0,7,0,0,0,0.0,1,0.0,1,0.0,0,0,1999.0,1.0,1,0,1,4350,0,0,0,0,0.0,0.0
0,0.0,2925,0,1,0,0,0,0,9337,0.0,0.0,0,0,0,0,0.0,0,1,0,0,0,1.0,0,0.0,0,0.0,0,0,2019.0,0.0,0,0,1,4093,0,0,0,0,0.0,0.0
0,0.0,6204,0,0,0,0,0,0,6582,0.0,0.0,0,0,0,0,0.0,0,1,0,0,0,0.0,0,0.0,0,0.0,0,0,2017.0,1.0,0,0,1,6965,0,0,0,0,0.0,0.0
0,0.0,4913,0,0,0,0,1,0,2644,0.0,0.0,0,1,0,0,0.0,0,3,0,0,1,0.0,0,0.0,0,0.0,0,0,2021.0,1.0,0,0,1,8580,0,0,0,0,0.0,0.0
0,0.0,3440,0,0,0,0,0,0,6304,0.0,0.0,0,1,0,0,0.0,0,1,0,0,0,0.0,0,0.0,0,0.0,0,0,2015.0,1.0,0,0,1,2562,0,0,0,0,0.0,0.0
0,0.0,1232,0,0,0,0,0,0,8128,0.0,0.0,0,0,0,0,0.0,0,4,0,0,0,0.40597252826792507,0,0.0,0,0.0,0,0,2007.5254230936264,0.5940274717320749,0,0,1,9255,0,0,0,0,0.0,0.0
0,0.0,1119,0,0,0,0,0,0,9337,0.0,0.0,0,0,0,0,0.0,0,4,0,0,0,1.0,0,0.0,1,0.0,0,0,2016.0,0.0,0,0,1,7957,0,0,0,0,0.0,0.0
0,0.0,8232,0,0,0,0,0,0,9337,0.0,0.0,0,1,0,0,0.0,0,5,0,0,0,0.5990752214110808,0,0.0,0,0.0,0,0,2015.400924778589,0.4009247785889192,0,0,1,4291,0,0,0,0,0.0,0.0
0,0.0,4676,0,0,0,0,0,0,7356,0.0,0.0,0,0,0,1,0.0,0,2,0,0,0,1.0,0,0.0,0,0.0,0,0,2020.0,0.0,0,0,1,8477,1,0,0,0,0.0,0.0
0,0.0,4797,0,0,0,0,0,0,3543,0.0,0.0,0,0,0,0,0.0,0,3,0,0,0,0.8677252160087552,0,0.0,0,0.0,0,0,2017.8677252160087,0.13227478399124482,0,0,1,6899,0,0,0,0,0.0,0.0
0,0.0,5628,0,0,0,0,0,0,9337,1.0,0.0,0,0,0,1,0.0,0,3,0,0,0,0.0,0,0.0,0,0.0,0,0,2019.0,0.0,0,0,1,2306,0,0,0,0,0.0,0.0
0,0.0,2699,0,0,0,0,0,1,1325,0.0,0.0,0,0,0,0,0.0,0,1,0,0,0,0.0,1,0.0,0,0.0,0,0,2018.0,1.0,0,0,1,1760,0,0,0,0,0.0,0.0
0,0.0,2198,0,0,0,0,0,0,9753,0.0,0.0,0,0,0,0,0.0,0,3,0,0,0,1.0,0,0.0,0,0.0,0,0,2012.0,0.0,0,0,1,6029,0,0,0,0,0.0,0.0
0,0.0,2361,0,0,0,0,1,0,2608,0.0,0.0,0,0,0,0,0.0,0,1,0,0,0,1.0,0,0.0,0,0.0,0,0,2015.0,0.0,0,0,1,4945,0,0,0,0,0.0,0.0
0,0.0,4861,0,0,0,0,0,0,7603,0.0,0.0,0,1,0,0,0.0,0,1,0,0,0,0.0,0,0.0,0,0.0,1,0,2014.0,1.0,0,0,1,6378,0,0,0,0,0.0,0.0
0,0.0,2175,0,0,0,0,0,0,1818,0.0,0.0,0,0,0,0,0.0,0,2,0,0,0,0.0,0,0.0,0,0.0,0,0,2018.0,1.0,0,0,1,6464,0,0,0,0,0.0,0.0
0,0.0,4493,0,0,0,0,0,0,1325,0.0,0.0,0,1,0,0,0.0,0,1,0,0,0,1.0,0,0.0,0,0.0,0,0,2021.0,0.0,0,0,1,1862,0,0,0,0,0.0,0.0
0,0.0,1145,0,0,0,0,1,0,9337,0.0,0.0,0,0,1,0,0.0,0,3,0,0,0,1.0,0,0.0,0,0.0,0,0,2018.0,0.0,0,0,1,6694,0,0,0,0,0.0,0.0
0,0.0,6333,0,0,0,1,0,0,3558,0.0,0.0,0,0,0,0,0.0,0,3,0,0,0,0.0,0,0.0,0,0.0,0,1,2016.580969166788,1.0,1,0,1,6704,0,0,0,0,0.0,0.0
0,0.0,4449,0,0,0,0,1,1,9337,0.0,0.0,0,0,0,0,0.0,0,2,0,0,0,1.0,0,0.0,0,0.0,0,0,2021.0,0.0,0,0,1,2795,0,0,0,0,0.0,0.0
0,0.0,5695,0,0,0,0,0,0,9337,0.0,0.0,0,0,0,0,0.0,0,4,0,0,0,1.0,0,0.0,0,0.0,0,1,2019.0,0.0,0,0,1,9939,0,0,0,0,0.0,0.0
0,0.0,5802,0,0,0,0,0,0,6044,0.0,0.0,0,0,0,0,0.0,0,2,0,0,0,1.0,1,0.0,1,0.0,1,0,2019.0,0.0,0,0,1,3503,0,0,0,0,0.0,0.0
0,0.0,6696,0,0,0,0,0,0,6044,0.0,0.0,0,0,0,0,0.0,0,10,0,0,0,0.0,0,0.0,0,1.0,0,1,1992.0,0.0,0,0,1,5456,0,0,0,0,0.0,0.0
0,0.0,2113,0,0,0,0,0,1,3325,0.0,0.0,0,0,0,0,0.0,0,2,0,0,0,0.0,0,0.0,0,0.0,0,0,2019.0,1.0,0,0,1,6941,0,0,0,0,0.0,0.0
0,0.0,2953,0,0,0,1,0,0,4096,0.0,0.0,0,0,0,0,0.0,0,2,0,0,0,0.0,0,0.0,0,0.0,0,0,2017.0,1.0,2,0,1,3723,0,0,1,0,0.0,0.0
0,0.0,8173,0,0,0,0,0,0,6296,0.0,0.0,0,0,0,0,0.0,0,1,0,0,0,1.0,0,0.0,0,0.0,0,0,2019.0,0.0,0,0,1,5682,0,0,0,0,0.0,0.0
0,0.0,7035,0,0,0,0,0,0,1325,0.0,0.0,0,0,0,0,0.0,0,1,0,0,0,1.0,0,0.0,1,0.0,0,0,2018.193973797708,0.0,0,0,1,7033,0,0,0,0,0.0,0.0
0,0.0,3812,0,0,0,0,0,0,1468,0.0,0.0,0,0,0,0,0.0,0,2,0,0,0,1.0,0,0.0,0,0.0,0,0,2019.4277935507475,0.0,0,0,1,3330,0,0,0,0,0.0,0.0
0,0.0,7207,0,0,0,1,0,0,3325,0.0,0.0,0,0,0,0,0.0,0,1,0,0,0,0.0,0,0.0,0,0.0,0,0,2011.0,1.0,1,0,1,6956,0,0,0,0,0.0,0.0
0,0.0,1719,0,0,1,1,0,0,7969,0.0,0.0,0,0,0,0,0.0,0,7,0,0,0,0.0,1,0.0,1,0.0,0,0,1999.0,1.0,1,0,1,7197,0,0,0,0,0.0,0.0
0,0.0,3967,0,0,0,0,0,0,9337,0.0,0.0,0,0,0,0,0.0,0,3,0,0,0,1.0,0,0.0,0,0.0,0,0,2019.8763761081107,0.0,0,0,1,9026,0,0,0,0,0.0,0.0
0,0.0,1834,0,0,0,0,0,0,1325,0.0,0.0,0,0,0,0,0.0,0,4,0,0,0,0.0,0,0.0,0,1.0,0,1,2015.0,0.0,0,0,1,7528,0,0,0,0,0.0,0.0
0,0.0,1312,0,0,0,0,0,0,9337,0.0,0.0,0,0,0,0,0.0,0,1,0,0,0,0.0,0,0.0,0,0.0,0,1,2021.0,1.0,0,0,1,1027,0,0,0,0,0.0,0.0
0,0.0,8001,0,1,0,0,0,0,3654,0.0,0.0,0,1,0,0,0.0,0,1,0,0,0,0.0,0,0.0,0,0.0,0,0,2005.0,1.0,0,0,1,6237,0,0,0,0,0.0,0.0
0,0.0,9175,1,0,0,0,0,0,3654,0.0,0.0,0,0,0,0,0.0,0,1,0,0,0,0.0,0,0.0,0,0.0,0,0,2016.0,1.0,1,0,1,8770,0,0,0,0,0.0,0.0
0,0.0,4773,0,0,0,0,0,0,6044,0.0,0.0,0,0,0,0,0.0,0,2,0,0,0,1.0,1,0.0,1,0.0,1,0,2019.0,0.0,0,0,1,5416,0,0,0,0,0.0,0.0
0,0.0,7713,0,0,0,0,1,0,1325,0.0,0.0,0,0,0,1,0.0,0,1,0,0,0,1.0,0,0.0,0,0.0,0,0,2019.0,0.0,0,0,1,5050,0,0,0,0,0.0,0.0
0,0.0,9955,0,1,0,0,0,0,4466,0.0,0.0,0,0,0,0,0.0,0,1,0,0,1,0.0,0,0.0,1,0.0,0,0,2020.0,1.0,0,0,1,1142,0,0,0,0,0.0,0.0
0,0.0,2951,0,0,0,0,1,0,6044,0.0,0.0,0,0,0,0,0.0,0,2,0,0,0,0.0,0,0.0,0,1.0,0,1,2015.0,0.0,0,0,1,8762,0,0,0,0,0.0,0.0
1,0.0,4094,0,0,0,1,1,0,4096,0.0,0.0,0,0,0,0,0.0,0,1,0,0,0,0.0,0,0.0,0,0.0,0,0,2012.0,0.0,1,0,1,5920,0,0,0,0,0.0,0.0
0,0.0,5629,0,0,0,0,0,0,7603,0.0,0.0,0,1,0,0,0.0,0,1,0,0,1,0.0,0,0.0,0,0.0,0,1,2009.0,1.0,0,0,1,1164,0,0,0,0,0.0,0.0
0,0.0,4091,0,0,0,0,0,0,8040,0.0,0.0,0,0,0,0,0.0,0,1,0,0,0,0.0,0,0.0,0,0.0,0,0,2020.0,0.0,0,0,1,6280,0,0,0,0,1.0,0.0
0,0.0,6356,0,0,0,2,0,0,3543,0.0,0.0,0,0,0,0,0.0,0,4,0,0,1,0.0,1,0.0,0,0.0,0,1,2017.0,1.0,1,0,1,6709,0,0,0,0,0.0,0.0
0,0.0,4536,0,0,0,0,0,0,9337,0.0,0.0,0,0,0,0,0.0,0,3,0,0,0,0.0,0,0.0,0,0.0,0,0,2012.0,1.0,0,0,1,5129,0,0,0,0,0.0,0.0
0,0.0,2405,0,0,0,0,1,0,3654,0.0,0.0,0,0,1,0,0.0,0,1,0,0,0,0.0,0,0.0,0,0.0,0,0,2013.0,1.0,0,0,1,4433,0,0,1,0,0.0,0.0
0,0.0,2168,0,0,0,0,0,0,9337,0.0,0.0,0,0,0,0,0.0,0,2,0,0,0,0.0,0,0.0,0,0.0,0,0,2019.0,0.0,0,0,1,4824,0,0,0,0,1.0,0.0
0,0.0,6671,0,0,0,0,0,1,9494,0.0,0.0,0,0,0,1,0.0,0,1,0,0,0,0.0,0,0.0,0,0.0,0,0,2017.0,1.0,0,0,1,7273,0,0,0,0,0.0,0.0
0,0.0,9163,0,0,0,0,0,0,9337,0.0,0.0,0,1,0,0,0.0,0,1,0,0,0,0.0,0,0.0,0,0.0,0,0,2016.0,1.0,0,0,1,8295,0,0,0,0,0.0,0.0
0,0.0,8470,0,0,0,0,1,0,6692,0.0,0.0,0,0,1,1,0.0,0,1,0,0,0,1.0,0,0.0,0,0.0,0,0,2020.0,0.0,0,0,1,6247,0,0,0,0,0.0,0.0
0,0.0,9773,0,0,0,0,0,0,1325,0.0,0.0,0,0,1,0,0.0,0,1,0,0,0,1.0,0,0.0,0,0.0,0,1,2019.0,0.0,0,0,1,5662,0,0,0,0,0.0,0.0
0,0.0,4175,0,1,0,0,0,0,6304,0.0,0.0,0,0,0,0,0.0,0,1,0,0,0,0.0,0,0.0,0,0.0,0,0,2009.0,1.0,0,0,1,2219,0,0,0,0,0.0,0.0
0,0.0,5640,0,0,0,0,0,0,1641,0.0,0.0,0,0,0,0,0.0,0,2,0,0,1,0.0,0,0.0,0,0.0,0,0,2020.0,1.0,0,0,1,7322,0,0,0,0,0.0,0.0
0,0.0,2318,0,0,0,0,0,0,9337,0.0,0.0,0,0,0,0,0.0,0,1,0,0,0,0.0,0,0.0,0,0.0,0,1,2020.0,1.0,0,0,1,5236,0,0,0,0,0.0,0.0
0,0.0,4091,0,0,0,0,0,0,9337,0.0,0.0,0,0,0,0,0.0,0,1,0,0,0,0.0,0,0.0,0,0.0,0,0,2020.0,0.0,0,0,1,7824,0,0,0,0,1.0,0.0
0,0.0,9087,0,0,0,0,0,0,9337,0.0,0.0,0,0,1,0,0.0,0,2,0,0,0,1.0,0,0.0,0,0.0,0,1,2019.0,0.0,0,0,1,2439,0,0,0,0,0.0,0.0
0,0.0,1058,0,0,0,0,0,0,5288,0.0,0.0,0,0,0,0,0.0,0,3,0,0,0,1.0,1,0.0,0,0.0,0,0,2021.0,0.0,0,0,1,7721,0,0,0,0,0.0,0.0
0,0.0,7814,0,0,0,0,0,0,5057,0.0,0.0,0,0,0,0,0.0,0,2,1,0,0,1.0,0,0.0,0,0.0,0,0,2019.0,0.0,0,0,1,5782,0,0,0,0,0.0,0.0
0,0.0,3675,0,0,0,0,0,0,9337,0.0,0.0,0,0,0,0,0.0,0,2,0,0,0,0.3310218363681334,0,0.0,0,0.0,0,0,2017.668978163632,0.0,0,0,1,4449,0,0,0,0,0.0,0.0
0,0.0,4379,0,0,0,0,0,0,6582,0.0,0.0,0,0,0,0,0.0,0,1,0,0,0,1.0,0,0.0,0,0.0,0,0,2015.0,0.0,1,0,1,9622,0,0,0,0,0.0,0.0
0,0.0,8751,0,1,0,0,0,0,8361,0.0,0.0,0,0,0,0,0.0,0,1,0,0,0,1.0,0,0.0,0,0.0,0,0,2016.0,0.0,0,0,1,7101,0,0,0,0,0.0,0.0
0,0.0,1152,0,0,0,2,0,0,3543,0.0,0.0,0,0,0,0,0.0,0,4,0,0,1,0.0,1,0.0,0,0.0,0,1,2017.0,1.0,1,0,1,6709,0,0,0,0,0.0,0.0
0,1.0,8221,0,0,0,0,0,0,7356,0.0,0.0,0,0,0,0,0.0,0,1,0,0,0,0.0,0,0.0,1,0.0,0,0,2016.0,0.0,0,0,1,2165,0,0,0,0,0.0,0.0
0,0.0,4739,0,0,0,0,0,0,8040,0.0,0.0,0,0,0,0,0.0,0,4,0,0,0,0.0,0,0.0,0,1.0,0,1,2015.0,0.0,0,0,1,7189,0,0,0,0,0.0,0.0
0,0.0,3320,0,0,0,0,0,0,4096,0.0,0.0,0,0,0,0,0.0,0,2,0,0,0,0.0,0,0.0,0,0.0,0,0,2001.0,1.0,0,0,1,8089,0,0,0,0,0.0,0.0
0,0.0,4150,0,0,1,1,0,0,7969,0.0,0.0,0,0,0,0,0.0,0,7,0,0,0,0.0,1,0.0,1,0.0,0,0,1999.0,1.0,1,0,1,3600,0,0,0,0,0.0,0.0
0,0.0,3445,0,0,0,0,0,0,9337,0.0,0.0,0,0,0,0,0.0,0,3,0,0,0,0.0,0,0.0,0,0.0,0,1,2021.0,0.0,0,0,1,3598,0,0,0,0,0.0,0.0
0,0.0,1506,0,0,0,0,0,0,4466,0.0,0.0,0,0,0,0,0.0,0,1,0,0,1,0.0,0,0.0,0,0.0,0,0,2018.0,1.0,0,0,1,5961,0,0,0,0,0.0,0.0
0,0.0,4225,0,0,0,0,0,0,9337,0.0,0.0,0,0,0,0,0.0,0,3,0,0,0,0.0,0,0.0,0,0.0,0,1,2018.0,0.0,0,0,1,4811,0,0,0,0,0.0,0.0
0,0.0,4533,0,0,0,0,1,0,9337,0.0,0.0,0,0,1,0,0.0,0,3,0,0,0,1.0,0,0.0,0,0.0,0,0,2018.0,0.0,0,0,1,3350,0,0,0,0,0.0,0.0
0,0.0,4739,0,0,0,0,0,0,9337,0.0,0.0,0,0,0,0,0.0,0,4,0,0,0,0.0,0,0.0,0,1.0,0,1,2015.0,0.0,0,0,1,2872,0,0,0,0,0.0,0.0
0,0.0,3014,0,0,0,1,0,0,1818,0.0,0.0,0,0,0,0,0.0,0,2,0,0,0,1.0,0,0.0,0,0.0,0,0,2021.0,0.0,0,0,1,7192,0,0,0,0,0.0,0.0
0,0.0,7268,0,0,0,0,0,0,3543,0.0,0.0,0,1,0,0,0.0,0,5,0,0,1,1.0,0,0.0,0,0.0,0,0,2021.0,0.0,0,0,1,3479,0,0,0,0,0.0,0.0
0,0.0,6496,0,0,0,0,0,0,3325,0.0,0.0,1,1,0,0,0.0,0,1,0,0,0,0.0,0,0.0,0,0.0,0,0,2017.0,1.0,0,0,1,8776,0,0,0,0,0.0,0.0
0,0.0,2074,0,0,0,0,1,1,6044,0.0,1.0,0,0,0,0,0.0,0,1,0,0,0,0.0,0,0.0,0,0.0,0,0,2004.0,0.0,0,0,1,3229,0,0,0,0,0.0,0.0
0,0.0,3948,0,0,0,0,0,0,4034,0.0,0.0,0,0,0,0,0.0,0,1,0,0,1,1.0,1,0.0,0,0.0,0,0,2021.0,0.0,0,0,1,6367,0,0,0,0,0.0,0.0
0,0.0,1271,0,1,0,0,1,0,6304,0.0,0.0,0,0,0,0,0.0,0,1,0,0,0,1.0,0,0.0,0,0.0,0,0,2013.0,0.0,0,0,1,2045,0,0,0,0,0.0,0.0
0,0.0,8399,0,0,0,0,0,0,9337,0.0,0.0,0,0,0,0,0.0,0,2,0,0,0,0.0,0,0.0,0,0.0,0,0,2017.0,0.0,0,0,1,4567,0,0,0,0,1.0,0.0
0,0.0,3985,0,0,0,0,0,0,6762,0.0,0.0,0,1,0,0,0.0,0,1,0,0,0,0.0,0,0.0,0,0.0,0,0,2012.0,0.0,0,0,1,1254,0,0,0,0,0.0,0.0
0,0.0,7322,0,0,0,0,0,0,3543,0.0,0.0,0,0,0,0,0.0,0,2,0,0,0,0.0,0,0.0,0,0.0,0,0,2018.0,0.0,0,0,1,2871,0,0,0,0,1.0,0.0
0,0.0,8559,0,0,0,0,0,0,9337,0.0,0.0,0,0,1,0,0.0,0,2,0,0,0,1.0,0,0.0,0,0.0,0,1,2019.0,0.0,0,0,1,2550,0,0,0,0,0.0,0.0
0,0.0,9195,0,0,0,0,0,1,6304,0.0,0.0,1,0,0,0,0.0,0,1,1,0,0,1.0,0,0.0,0,0.0,0,0,2014.0,0.0,0,0,1,5972,0,0,0,0,0.0,0.0
0,0.0,9507,0,0,1,1,0,0,7969,0.0,0.0,0,0,0,0,0.0,0,7,0,0,0,0.0,1,0.0,1,0.0,0,0,1999.0,1.0,1,0,1,9668,0,0,0,0,0.0,0.0
0,0.0,3049,0,0,0,0,0,0,6762,0.0,0.0,0,1,0,0,0.0,0,1,0,0,0,0.0,0,0.0,0,0.0,0,0,2012.0,0.0,0,0,1,4889,0,0,0,0,0.0,0.0
0,0.0,6828,0,0,0,0,0,0,9337,0.0,0.0,0,0,0,0,0.0,0,1,0,0,0,0.0,0,0.0,0,0.0,0,0,2003.0,1.0,0,0,1,4272,0,0,0,0,0.0,0.0
0,0.0,8703,0,0,0,0,0,0,9337,0.0,0.0,0,0,0,0,0.0,0,3,0,0,0,0.0,0,0.0,0,0.0,0,1,2018.0,0.0,0,0,1,1151,0,0,0,0,0.0,0.0
0,0.0,6373,0,0,0,0,1,0,9337,0.0,0.0,0,0,1,0,0.0,0,3,0,0,0,1.0,0,0.0,0,0.0,0,0,2018.0,0.0,0,0,1,9590,0,0,0,0,0.0,0.0
0,0.0,1178,0,0,0,0,0,0,7819,0.0,0.0,0,0,0,0,0.0,0,3,0,0,0,0.5429321827129426,0,0.0,0,0.0,0,0,2010.4015758369717,0.45706781728705737,0,0,1,9398,0,0,0,0,0.0,0.0
0,0.0,1911,0,0,0,0,1,0,5288,0.0,0.0,0,0,0,0,0.0,0,2,0,0,0,1.0,0,0.0,0,0.0,0,0,2021.0,0.0,0,0,1,8631,0,0,0,0,0.0,0.0
0,0.0,3524,0,0,0,0,0,0,7969,0.0,0.0,0,0,0,0,0.0,0,3,0,0,0,0.0,0,0.0,0,0.0,0,0,2018.0,1.0,0,0,1,2490,0,0,0,0,0.0,0.0
0,0.0,6257,0,0,1,1,0,0,7969,0.0,0.0,0,0,0,0,0.0,0,7,0,0,0,0.0,1,0.0,1,0.0,0,0,1999.0,1.0,1,0,1,1043,0,0,0,0,0.0,0.0
0,0.0,3877,0,0,0,0,0,0,9337,0.0,0.0,0,0,0,0,0.0,0,2,0,0,0,1.0,0,0.0,0,0.0,0,1,2017.0,0.0,0,0,1,8645,0,0,0,0,0.0,0.0
0,0.0,8493,0,0,0,0,0,0,6762,0.0,0.0,0,1,0,0,0.0,0,1,0,0,0,0.0,0,0.0,0,0.0,0,0,2014.0,0.0,0,0,1,2215,0,0,1,0,0.0,0.0
0,0.0,3938,0,0,0,0,0,0,1818,0.0,0.0,0,0,0,0,0.0,0,1,0,0,0,0.0,0,0.0,0,0.0,0,0,2016.0,1.0,0,0,1,9838,0,0,0,0,0.0,0.0
0,0.0,6293,0,0,0,0,1,1,4096,0.0,0.0,0,0,1,0,0.0,0,1,0,0,1,0.0,0,0.0,0,0.0,0,0,2016.0,0.0,0,0,1,9346,0,0,0,0,0.0,0.0
0,0.0,6352,0,0,0,0,0,0,3543,0.0,0.0,0,0,0,0,0.0,0,2,0,0,0,0.0,0,0.0,0,0.0,0,0,2018.0,0.0,0,0,1,8297,0,0,0,0,1.0,0.0
0,0.0,6218,0,0,1,1,0,0,5146,0.0,0.0,0,0,0,0,0.0,0,1,0,0,0,0.0,0,0.0,0,0.0,0,0,2018.0,1.0,1,0,1,7833,0,0,0,0,0.0,0.0
0,0.0,6727,0,0,0,0,0,0,1723,0.0,0.0,0,0,0,0,0.0,0,2,0,0,0,1.0,0,0.0,0,0.0,0,0,2021.0,0.0,0,0,1,9287,0,1,1,0,0.0,0.0
0,0.0,5154,0,0,0,0,1,0,6044,0.0,0.0,0,0,0,0,0.0,0,6,0,0,0,0.0,0,0.0,1,0.0,0,0,2015.0,1.0,0,0,1,9068,0,0,0,0,0.0,0.0
0,0.0,3646,0,0,0,0,0,0,4466,0.0,0.0,0,0,0,0,0.0,0,1,0,0,0,0.0,0,0.0,0,0.0,0,0,2017.0,1.0,0,0,1,4728,0,0,0,0,0.0,0.0
0,0.0,9093,0,1,0,0,0,0,4466,0.0,0.0,0,0,0,0,0.0,0,1,0,0,1,0.0,0,0.0,0,0.0,0,0,2018.0,1.0,0,0,1,5179,0,0,0,0,0.0,0.0
0,0.0,6571,0,0,0,2,0,0,3543,0.0,0.0,0,0,0,0,0.0,0,4,0,0,1,0.0,1,0.0,0,0.0,0,1,2017.0,1.0,1,0,1,6709,0,0,0,0,0.0,0.0
0,0.0,5393,0,0,0,0,0,0,9337,0.0,0.0,0,0,0,0,0.0,0,2,0,0,0,0.0,0,0.0,0,0.0,0,0,2017.0,0.0,0,0,1,7517,0,0,0,0,1.0,0.0
0,0.0,5854,0,0,0,0,0,0,9337,0.0,0.0,0,0,0,0,0.0,0,1,0,0,0,0.0,0,0.0,0,0.0,0,0,2003.0,1.0,0,0,1,4044,0,0,0,0,0.0,0.0
0,0.0,5374,0,0,0,1,0,0,1818,0.0,0.0,0,0,0,0,0.0,0,2,0,0,0,1.0,0,0.0,0,0.0,0,0,2021.0,0.0,0,0,1,6465,0,0,0,0,0.0,0.0
0,0.0,6756,0,0,0,0,0,1,6304,0.0,0.0,1,0,0,0,0.0,0,1,1,0,0,1.0,0,0.0,0,0.0,0,0,2014.0,0.0,0,0,1,5972,0,0,0,0,0.0,0.0
0,0.0,2776,0,0,0,0,0,0,9337,0.0,0.0,0,0,0,0,0.0,0,3,0,0,0,0.0,0,0.0,0,0.0,0,1,2021.0,0.0,0,0,1,5561,0,0,0,0,0.0,0.0
0,0.0,3739,0,0,0,0,1,1,9337,0.0,0.0,0,0,0,0,0.0,0,2,0,0,0,1.0,0,0.0,0,0.0,0,0,2021.0,0.0,0,0,1,7628,0,0,0,0,0.0,0.0
0,0.0,6677,0,0,0,0,0,0,1723,0.0,0.0,0,0,0,0,0.0,0,2,0,0,0,1.0,0,0.0,0,0.0,0,0,2021.0,0.0,0,0,1,3642,0,1,1,0,0.0,0.0
0,0.0,5165,0,0,0,0,0,0,6296,0.0,0.0,0,0,0,0,0.0,0,1,0,0,0,1.0,0,0.0,0,0.0,0,1,2017.0,0.0,0,0,1,2923,0,0,0,0,0.0,0.0
0,0.0,9768,0,0,0,0,0,0,1723,0.0,0.0,0,1,0,0,0.0,0,4,0,0,0,0.0,0,0.0,0,0.0,0,0,2015.0,1.0,0,0,1,4349,0,0,0,0,0.0,0.0
0,0.0,3879,0,0,0,0,0,0,4096,0.0,0.0,0,0,0,0,0.0,0,2,0,0,0,0.0,0,0.0,0,0.0,0,0,2008.01244505776,0.0,0,0,1,3503,0,0,0,0,1.0,0.0
0,0.0,2320,0,0,0,0,0,0,1723,0.0,0.0,1,1,0,0,0.0,0,1,0,0,0,0.0,0,0.0,0,0.0,0,0,2019.0,1.0,0,0,1,2566,0,0,0,0,0.0,0.0
0,0.0,6671,0,0,0,0,0,1,3543,0.0,0.0,0,0,0,1,0.0,0,1,0,0,0,0.0,0,0.0,0,0.0,0,0,2017.0,1.0,0,0,1,1371,0,0,0,0,0.0,0.0
0,0.0,6019,0,0,0,0,0,0,1325,0.0,0.0,0,0,0,0,0.0,0,1,0,0,0,0.0,0,0.0,0,0.0,0,0,2019.039877755299,1.0,0,0,1,7247,0,0,0,0,0.0,0.0
0,0.0,2005,0,0,0,0,0,0,7356,0.0,0.0,0,0,0,1,0.0,0,2,0,0,0,1.0,0,0.0,0,0.0,0,0,2020.0,0.0,0,0,1,8297,1,0,0,0,0.0,0.0
0,0.0,6504,0,0,0,0,0,0,9337,0.0,0.0,0,0,0,0,0.0,0,1,0,0,0,0.0,0,0.0,0,0.0,0,1,2021.0,0.0,0,0,1,9371,0,0,1,0,0.0,0.0
0,0.0,6838,0,0,0,0,0,0,9337,0.0,0.0,0,0,0,0,0.0,0,2,0,0,0,1.0,0,0.0,0,0.0,0,1,2017.0,0.0,0,0,1,3543,0,0,0,0,0.0,0.0
0,0.0,4055,0,0,0,0,0,0,1325,0.0,0.0,0,1,0,0,0.0,0,1,0,0,0,1.0,0,0.0,0,0.0,0,0,2021.0,0.0,0,0,1,1862,0,0,0,0,0.0,0.0
0,0.0,9146,0,0,0,0,1,0,6044,1.0,0.0,0,0,0,0,0.0,0,1,0,0,0,0.0,0,0.0,1,0.0,0,0,2021.0,0.0,0,0,1,3234,0,0,0,0,0.0,0.0
0,0.0,1216,0,0,0,0,0,0,9337,0.0,0.0,0,0,1,0,0.0,0,1,0,0,0,0.0,0,0.0,0,0.0,0,0,2016.0,1.0,0,0,1,1657,0,0,0,0,0.0,0.0
0,0.0,6410,0,0,0,0,0,0,3543,0.0,0.0,0,0,0,0,0.0,0,12,0,0,0,1.0,0,0.0,0,0.0,0,0,2018.0,0.0,0,0,1,3199,0,0,0,0,0.0,0.0
0,0.0,7573,0,0,0,0,0,0,9337,1.0,0.0,0,0,0,1,0.0,0,3,0,0,0,0.0,0,0.0,0,0.0,0,0,2019.0,0.0,0,0,1,1629,0,0,0,0,0.0,0.0
0,0.0,8015,0,0,0,0,0,0,5057,0.0,0.0,0,0,0,0,0.0,0,2,0,0,0,1.0,0,0.0,0,0.0,0,1,2021.0,0.0,0,0,1,1421,0,0,0,0,0.0,0.0
0,0.0,4283,0,0,0,0,0,0,1325,0.0,0.0,0,0,0,0,0.0,0,1,0,0,0,0.0,0,0.0,0,0.0,0,0,2010.0,1.0,0,0,1,8730,0,0,0,0,0.0,0.0
0,0.0,6757,0,0,0,0,0,0,9494,0.0,0.0,0,0,0,0,0.0,0,1,0,0,1,1.0,0,0.0,0,0.0,0,0,2019.0,0.0,0,0,1,6763,0,0,0,1,0.0,0.0
0,0.0,3279,0,0,0,0,0,0,1325,0.0,0.0,0,0,0,0,0.0,0,1,0,0,1,1.0,0,0.0,0,0.0,0,0,2021.0,0.0,0,0,1,4666,0,0,0,0,0.0,0.0
0,0.0,5248,0,0,0,0,0,0,8646,0.0,0.0,0,0,0,1,0.0,0,3,0,0,0,0.0,0,0.0,0,0.0,0,0,2021.0,1.0,0,0,1,3156,0,0,0,0,0.0,0.0
0,0.0,9897,0,0,0,0,0,0,1325,0.0,0.0,0,0,0,0,0.0,0,1,0,0,1,0.0,0,0.0,0,0.0,0,0,2013.0,0.0,0,0,1,2834,0,0,0,0,0.0,0.0
0,0.0,1171,0,0,0,0,0,0,1325,0.0,0.0,0,0,0,0,0.0,0,3,0,0,0,0.1605453062142299,0,0.0,0,0.8394546937857701,0,0,2015.8027265310711,0.0,0,0,1,4093,0,0,0,0,0.0,0.0
0,0.0,9682,0,0,0,0,1,0,9337,0.0,0.0,0,0,1,0,0.0,0,3,0,0,0,1.0,0,0.0,0,0.0,0,0,2018.0,0.0,0,0,1,7173,0,0,0,0,0.0,0.0
0,0.0,8707,0,0,0,0,0,0,8646,0.0,0.0,0,0,0,1,0.0,0,3,0,0,0,0.0,0,0.0,0,0.0,0,0,2021.0,1.0,0,0,1,4193,0,0,0,0,0.0,0.0
0,0.0,3477,0,0,0,0,1,1,7694,0.0,0.0,0,0,0,0,0.0,0,2,0,0,0,1.0,0,0.0,0,0.0,0,0,2021.0,0.0,0,0,1,7687,0,0,0,0,0.0,0.0
0,0.0,6373,0,0,0,0,0,0,1325,0.0,0.0,0,0,0,0,0.0,0,1,0,0,1,1.0,0,0.0,0,0.0,0,0,2020.0,0.0,0,0,1,9169,0,0,0,0,0.0,0.0
0,0.0,8362,0,0,0,0,0,0,4655,0.0,1.0,0,0,0,0,0.0,0,3,0,0,0,0.0,0,0.0,0,0.0,0,0,2013.0,0.0,0,0,1,1099,0,0,0,0,0.0,0.0
0,0.0,1447,0,0,0,0,0,0,7969,0.0,0.0,0,0,0,0,0.0,0,3,0,0,0,0.0,0,0.0,0,0.0,0,0,2010.4875222052603,1.0,0,0,1,4627,0,0,0,0,0.0,0.0
0,0.0,3295,0,0,0,0,1,0,5288,0.0,0.0,0,0,0,0,0.0,0,2,0,0,0,1.0,0,0.0,1,0.0,0,0,2016.0,0.0,0,0,1,1381,0,0,0,0,0.0,0.0
0,0.0,8425,0,0,0,0,0,0,6304,0.0,0.0,1,1,0,0,0.0,0,1,0,0,0,1.0,0,0.0,0,0.0,0,0,2020.0,0.0,0,0,1,9728,0,0,0,0,0.0,0.0
0,0.0,1349,0,0,0,0,0,0,9337,0.0,0.0,0,1,0,0,0.0,0,1,0,0,0,0.0,0,0.0,0,0.0,0,0,2016.0,1.0,0,0,1,7322,0,0,0,0,0.0,0.0
0,0.0,6356,0,0,0,0,0,0,4655,0.0,1.0,0,0,0,0,0.0,0,3,0,0,0,0.0,0,0.0,0,0.0,0,0,2013.0,0.0,0,0,1,1513,0,0,0,0,0.0,0.0
0,0.0,9702,0,0,0,0,0,0,1723,0.0,0.0,0,0,0,0,0.0,0,2,0,0,0,1.0,0,0.0,0,0.0,0,0,2021.0,0.0,0,0,1,9759,0,1,1,0,0.0,0.0
0,0.0,5935,0,0,0,0,0,0,1468,0.0,0.0,0,0,0,0,0.0,0,2,0,0,0,1.0,0,0.0,1,0.0,0,0,2015.0,0.0,0,0,1,3455,0,0,0,0,0.0,0.0
0,0.0,1642,0,0,0,0,0,0,6044,0.0,0.0,0,0,0,1,0.0,0,10,0,0,0,0.0,0,0.0,0,0.0,0,1,1977.0,0.0,0,0,1,6906,0,0,0,0,0.0,0.0
0,0.0,6559,0,0,0,0,0,0,6692,0.0,0.0,0,0,0,0,0.0,0,1,0,0,0,1.0,1,0.0,0,0.0,0,0,2019.0,0.0,0,0,1,2580,0,0,1,0,0.0,0.0
0,0.0,5015,0,0,0,0,0,0,6044,0.0,0.0,0,0,0,0,0.0,0,6,0,0,0,0.947063829332843,0,0.0,0,0.0,0,0,2013.7766808319793,0.052936170667156945,0,0,1,2005,0,0,0,0,0.0,0.0
0,0.0,7985,0,0,0,0,0,0,3325,0.0,0.0,0,1,1,0,0.0,0,1,0,0,0,0.0,0,0.0,0,0.0,0,0,2019.0,1.0,0,0,1,3445,0,0,0,0,0.0,0.0
0,0.0,9197,0,0,0,0,1,0,8361,0.0,0.0,0,0,0,0,0.0,0,3,0,0,1,1.0,0,0.0,0,0.0,0,0,2019.0,0.0,0,0,1,9590,0,0,0,0,0.0,0.0
0,0.0,2553,0,0,0,0,1,0,1818,0.0,0.0,0,0,0,0,0.0,0,2,0,0,0,0.0,0,0.0,0,0.0,0,0,2017.0,1.0,0,0,1,5012,0,0,0,0,0.0,0.0
0,0.0,9428,0,0,0,0,0,0,1325,0.0,0.0,0,0,1,0,0.0,0,1,0,0,1,0.0,0,0.0,0,0.0,0,0,2015.0,1.0,0,0,1,6764,0,0,0,0,0.0,0.0
0,0.0,2947,0,0,0,0,0,0,3543,0.0,0.0,0,0,0,0,0.0,0,1,0,0,0,1.0,0,0.0,0,0.0,0,0,2015.4571777207768,0.0,0,0,1,1623,0,0,0,0,0.0,0.0
0,0.0,6764,0,0,0,0,1,0,4466,0.0,0.0,0,0,0,0,0.0,0,1,0,0,0,0.0,0,0.0,0,0.0,0,0,2021.0,1.0,0,0,1,9764,0,0,0,0,0.0,0.0
0,0.0,9680,0,1,0,0,1,0,5057,0.0,0.0,0,0,0,0,0.0,0,1,0,0,0,1.0,0,0.0,0,0.0,0,0,2017.0,0.0,0,0,1,5129,0,0,0,0,0.0,0.0
0,0.0,1680,0,0,0,0,0,0,3543,0.0,0.0,0,0,0,0,0.0,0,2,0,0,0,0.0,0,0.0,0,0.0,0,1,2020.0,1.0,0,0,1,5012,0,0,0,0,0.0,0.0
0,0.0,4804,0,0,0,0,0,0,3543,0.0,0.0,0,0,0,0,0.0,0,2,0,0,0,0.0,0,0.0,0,0.0,0,0,2016.0,1.0,0,0,1,1039,0,0,0,0,0.0,0.0
0,0.0,9738,0,0,0,0,0,0,8646,0.0,0.0,0,0,0,1,0.0,0,3,0,0,0,0.0,0,0.0,0,0.0,0,0,2021.0,1.0,0,0,1,3017,0,0,0,0,0.0,0.0
0,0.0,2256,0,0,0,0,0,0,6762,0.0,0.0,0,0,1,0,0.0,0,1,0,0,0,0.0,0,0.0,0,0.0,0,0,2017.0,1.0,0,0,1,6406,0,0,0,0,0.0,0.0
0,0.0,7646,0,0,0,0,0,0,1325,0.0,0.0,0,0,0,0,0.0,0,1,0,0,0,0.17139827101947192,0,0.0,0,0.0,0,0,2011.7139827101946,0.8286017289805281,0,0,1,4923,0,0,0,0,0.0,0.0
0,0.0,9920,0,0,0,0,0,0,7969,0.0,0.0,0,0,0,0,0.0,0,6,0,0,0,0.0756299633410844,0,0.0,0,0.0,0,0,2000.4369693034805,0.9243700366589156,0,0,1,6969,0,0,0,0,0.0,0.0
0,0.0,3881,0,0,0,0,0,0,3543,0.0,0.0,0,0,0,0,0.0,0,2,0,0,0,0.0,0,0.0,1,0.0,0,0,2019.0,0.0,0,0,1,2889,0,0,0,0,0.0,0.0
0,0.0,9858,0,0,0,1,0,0,4096,0.0,0.0,0,0,0,0,0.0,0,1,0,0,0,0.0,0,0.0,0,0.0,0,0,2006.0,1.0,0,0,1,8192,0,0,0,0,0.0,0.0
0,0.0,6633,0,0,0,0,0,1,3654,0.0,0.0,1,0,0,0,0.0,0,1,0,0,0,0.0,0,0.0,0,0.0,0,0,2011.0,1.0,0,0,1,5091,0,0,0,0,0.0,0.0
0,0.0,8176,0,0,0,0,0,0,4096,0.0,0.0,0,0,0,0,0.0,0,2,0,0,0,0.0,0,0.0,0,0.0,0,0,2001.0,1.0,0,0,1,6349,0,0,0,0,0.0,0.0
0,0.0,3876,0,0,0,0,0,0,9337,0.0,0.0,0,0,1,0,0.0,0,1,0,0,0,0.0,0,0.0,0,0.0,0,0,2016.0,1.0,0,0,1,8901,0,0,0,0,0.0,0.0
0,0.0,9061,0,0,0,0,0,0,1325,0.0,0.0,0,0,0,0,0.0,0,1,0,0,0,0.0,0,0.0,0,0.0,0,0,2014.0,0.0,0,0,1,2125,0,0,0,0,0.0,0.0
0,0.0,4315,0,0,0,0,0,0,9494,0.0,0.0,0,0,0,0,0.0,0,2,0,0,0,1.0,1,0.0,0,0.0,0,0,2021.0,0.0,1,0,1,4911,0,0,0,0,0.0,0.0
0,0.0,8793,0,0,0,0,0,0,4096,0.0,0.0,0,0,0,0,0.0,0,2,0,0,0,0.0,0,0.0,0,0.0,0,0,1999.0,0.0,0,0,1,4077,0,0,1,0,1.0,0.0
0,0.0,9939,0,0,0,0,1,0,1325,0.0,0.0,0,0,0,0,0.0,0,1,0,0,0,0.0,0,0.0,0,0.0,0,0,2018.0,0.0,1,0,1,3640,0,0,0,0,0.0,0.0
0,0.0,9682,0,0,0,0,1,0,9337,0.0,0.0,0,0,1,0,0.0,0,3,0,0,0,1.0,0,0.0,0,0.0,0,0,2018.0,0.0,0,0,1,7173,0,0,0,0,0.0,0.0
0,0.0,5802,0,0,0,0,0,0,6044,0.0,0.0,0,0,0,0,0.0,0,2,0,0,0,1.0,1,0.0,1,0.0,1,0,2019.0,0.0,0,0,1,3503,0,0,0,0,0.0,0.0
0,0.0,8186,0,0,0,0,0,0,9337,0.0,0.0,0,0,0,0,0.0,0,2,0,0,0,0.0,0,0.0,0,0.0,0,0,2017.0,0.0,0,0,1,2951,0,0,0,0,1.0,0.0
0,0.0,3066,0,0,0,0,0,0,1325,0.0,0.0,0,1,0,0,0.0,0,1,0,0,0,1.0,0,0.0,0,0.0,0,0,2021.0,0.0,0,0,1,1862,0,0,0,0,0.0,0.0
0,0.0,7542,0,0,0,0,0,0,4096,0.0,0.0,0,0,0,0,0.0,0,1,0,0,0,0.0,1,0.0,0,0.0,0,0,2013.0,0.0,0,0,1,4044,0,0,0,0,0.0,0.0
0,0.0,9724,0,0,0,0,0,0,4466,0.0,0.0,0,0,0,0,0.0,0,1,0,0,0,0.0,0,0.0,0,0.0,0,0,2018.0,1.0,0,0,1,1960,0,0,0,0,0.0,0.0
0,0.0,7639,0,0,0,0,0,0,9337,0.0,0.0,0,0,0,0,0.0,0,4,0,0,0,0.0,0,0.0,1,0.0,0,0,2017.0,1.0,0,0,1,8894,0,0,0,0,0.0,0.0
0,0.0,9279,0,0,0,0,0,0,9337,0.0,0.0,0,0,0,0,0.0,0,3,0,0,0,0.0,0,0.0,0,0.0,0,0,2012.0,1.0,0,0,1,3951,0,0,0,0,0.0,0.0
0,0.0,7593,0,0,0,0,0,0,6692,0.0,0.0,0,0,0,0,0.0,0,1,0,0,0,1.0,1,0.0,0,0.0,0,0,2019.0,0.0,0,0,1,2580,0,0,1,0,0.0,0.0
0,0.0,5358,0,0,0,0,0,0,7694,0.0,0.0,0,0,0,0,0.0,0,1,0,0,0,0.0,0,0.0,1,0.0,0,1,2017.0,0.0,0,0,1,1901,0,0,0,0,0.0,0.0
0,0.0,7112,0,0,0,0,0,0,4096,0.0,0.0,0,0,0,0,0.0,0,3,0,0,0,0.0,0,0.0,0,0.0,0,0,1998.0,1.0,1,0,1,4247,0,0,0,0,0.0,0.0
0,0.0,3913,0,0,0,0,0,0,8040,0.0,0.0,0,0,0,0,0.0,0,4,0,0,0,0.0,0,0.0,0,1.0,0,1,2015.0,0.0,0,0,1,7435,0,0,0,0,0.0,0.0
0,0.0,1474,0,0,0,0,0,0,9337,0.0,0.0,0,0,0,0,0.0,0,1,0,0,1,0.0,0,0.0,0,0.0,0,0,2015.0,1.0,0,0,1,4157,0,0,0,0,0.0,0.0
0,0.0,9473,0,0,0,0,0,0,6044,1.0,0.0,1,0,0,0,0.0,0,1,0,0,0,0.0,0,0.0,0,0.0,0,0,2013.0,0.0,0,0,1,6492,0,0,0,0,0.0,0.0
0,0.0,7162,0,0,0,0,0,0,1468,0.0,0.0,0,0,0,0,0.0,0,2,0,0,0,1.0,0,0.0,1,0.0,0,0,2015.0,0.0,0,0,1,8502,0,0,0,0,0.0,0.0
0,0.0,7896,0,0,0,0,1,1,4655,0.0,0.0,0,0,0,0,0.0,0,1,0,0,1,1.0,0,0.0,1,0.0,0,0,2016.0,0.0,0,0,1,4616,0,0,0,0,0.0,0.0
0,0.0,2604,0,0,0,0,0,0,1325,0.0,0.0,0,0,0,0,0.0,0,1,0,0,0,0.16647057726948544,0,0.0,0,0.0,0,0,2011.8311763499644,0.8335294227305146,0,0,1,6514,0,0,0,0,0.0,0.0
0,0.0,2159,0,0,0,0,0,0,9337,0.0,0.0,0,0,0,0,0.0,0,2,0,0,0,1.0,0,0.0,0,0.0,0,1,2017.0,0.0,0,0,1,5456,0,0,0,0,0.0,0.0
0,0.0,3419,0,1,0,0,0,0,9337,0.0,0.0,0,1,0,0,0.0,0,1,0,0,0,0.0,0,0.0,0,0.0,0,0,2010.0,1.0,0,0,1,4143,0,0,0,0,0.0,0.0
0,0.0,5382,0,0,0,0,0,0,9337,0.0,0.0,0,0,0,0,0.0,0,1,0,0,0,0.0,0,0.0,0,0.0,0,1,2020.4152721794158,0.5847278205842892,0,0,1,8599,0,0,0,0,0.0,0.0
0,0.0,7317,0,1,0,0,1,0,6304,0.0,0.0,0,0,0,0,0.0,0,1,0,0,0,1.0,0,0.0,0,0.0,0,0,2013.0,0.0,0,0,1,6087,0,0,0,0,0.0,0.0
0,0.0,6373,0,0,0,0,1,0,9337,0.0,0.0,0,0,1,0,0.0,0,3,0,0,0,1.0,0,0.0,0,0.0,0,0,2018.0,0.0,0,0,1,9590,0,0,0,0,0.0,0.0
0,0.0,5555,0,0,0,0,0,0,9337,0.0,0.0,0,0,0,0,0.0,0,4,0,0,0,0.0,0,0.0,1,0.0,0,0,2017.0,1.0,0,0,1,9009,0,0,0,0,0.0,0.0
0,0.0,8600,0,0,0,0,1,0,9337,0.0,0.0,0,0,1,0,0.0,0,3,0,0,0,1.0,0,0.0,0,0.0,0,0,2018.0,0.0,0,0,1,3843,0,0,0,0,0.0,0.0
0,0.0,9858,0,0,0,0,0,0,4096,0.0,0.0,0,0,0,0,0.0,0,2,0,0,0,0.0,0,0.0,0,0.0,0,0,2001.0,1.0,0,0,1,6529,0,0,0,0,0.0,0.0
0,0.0,8976,0,0,0,0,0,1,1095,0.0,0.0,0,1,0,0,0.0,0,1,0,0,0,0.0,0,0.0,0,0.0,0,0,2013.0,1.0,0,0,1,8940,0,0,0,0,0.0,0.0
0,0.0,5285,0,0,0,0,0,0,9337,0.0,0.0,0,0,0,0,0.0,0,1,0,0,0,1.0,0,0.0,0,0.0,0,0,2015.0,0.0,0,0,1,8546,0,0,0,0,0.0,0.0
0,0.0,7963,0,0,0,0,0,1,6692,0.0,0.0,0,0,0,0,0.0,0,1,0,0,0,0.0,0,0.0,0,0.0,0,0,2016.0,1.0,0,0,1,1979,0,0,0,0,0.0,0.0
0,0.0,9640,0,0,0,0,0,0,9337,0.0,0.0,0,1,0,0,0.0,0,1,0,0,0,1.0,0,0.0,0,0.0,0,0,2015.6928638903707,0.0,0,0,1,6115,0,0,0,0,0.0,0.0
0,0.0,5772,0,0,0,0,0,0,5057,0.0,0.0,0,0,0,0,0.0,0,2,0,0,0,1.0,0,0.0,0,0.0,0,1,2021.0,0.0,0,0,1,1760,0,0,0,0,0.0,0.0
0,0.0,1682,0,0,0,1,0,0,3543,0.0,0.0,0,0,0,0,0.0,0,3,0,0,0,0.23913961797627714,0,0.0,0,0.0,0,1,2017.0,0.7608603820237229,0,0,1,6704,0,0,0,0,0.0,0.0
0,0.0,4421,0,0,0,0,0,0,9337,0.0,0.0,0,0,0,0,0.0,0,1,0,0,0,0.0,0,0.0,0,0.0,0,0,2020.0,0.0,0,0,1,1044,0,0,0,0,1.0,0.0
0,0.0,7823,0,0,0,0,1,0,6044,0.0,0.0,0,0,0,0,0.0,0,6,0,0,0,0.0,0,0.0,1,0.0,0,0,2015.0,1.0,0,0,1,4570,0,0,0,0,0.0,0.0
0,0.0,7772,0,0,0,0,1,0,6044,0.0,0.0,0,0,0,0,0.0,0,2,0,0,0,0.0,0,0.0,0,1.0,0,1,2015.0,0.0,0,0,1,1316,0,0,0,0,0.0,0.0
0,0.0,1956,0,0,0,0,0,0,1325,0.0,0.0,0,0,0,0,0.0,0,2,0,0,1,1.0,0,0.0,0,0.0,0,0,2021.0,0.0,0,0,1,3445,0,0,0,0,0.0,0.0
0,0.0,7978,0,0,0,0,0,0,9337,0.0,0.0,0,0,1,0,0.0,0,1,0,0,1,0.0,0,0.0,0,0.0,0,0,2008.0,1.0,0,0,1,5160,0,0,0,0,0.0,0.0
0,0.0,2478,0,1,0,0,1,0,3944,0.0,0.0,0,1,0,0,0.0,0,1,0,0,0,0.0,0,0.0,0,0.0,0,0,2015.0,1.0,0,0,1,1013,0,0,0,0,0.0,0.0
0,0.0,7783,0,0,0,0,0,0,5057,0.0,0.0,0,0,0,0,0.0,0,1,0,0,0,0.0,0,0.0,0,0.0,0,0,2019.622806062457,1.0,0,0,1,6955,0,0,0,0,0.0,0.0
0,0.0,2188,0,0,0,0,0,0,9337,0.0,0.0,0,0,0,0,0.0,0,2,0,0,0,0.09696562418265964,0,0.0,0,0.0,0,0,2012.6787593692786,0.9030343758173404,0,0,1,8979,0,0,0,0,0.0,0.0
0,0.0,6383,0,0,0,0,0,0,1325,0.0,0.0,0,0,0,0,0.0,0,2,0,0,0,0.0,0,0.0,0,0.0,0,0,2021.0,1.0,0,0,1,1109,0,0,0,0,0.0,0.0
0,0.0,1718,0,0,0,2,0,0,3543,0.0,0.0,0,0,0,0,0.0,0,4,0,0,1,0.0,1,0.0,0,0.0,0,1,2017.0,1.0,1,0,1,6709,0,0,0,0,0.0,0.0
0,0.0,4487,0,0,0,1,0,0,4096,0.0,0.0,0,0,0,0,0.0,0,2,0,0,0,0.0,0,0.0,0,0.0,0,0,2017.0,1.0,2,0,1,5758,0,0,1,0,0.0,0.0
0,0.0,5629,0,0,0,0,0,0,9337,0.0,0.0,0,0,0,0,0.0,0,3,0,0,0,0.0,0,0.0,0,0.0,0,0,2012.0,1.0,0,0,1,1891,0,0,0,0,0.0,0.0
0,0.0,8435,0,0,0,0,0,0,1325,0.0,0.0,0,0,0,0,0.0,0,1,0,0,0,1.0,0,0.0,1,0.0,0,0,2021.0,0.0,0,0,1,6249,0,0,0,0,0.0,0.0
0,0.0,4768,0,0,1,1,0,0,7969,0.0,0.0,0,0,0,0,0.0,0,7,0,0,0,0.0,1,0.0,1,0.0,0,0,1999.0,1.0,1,0,1,8588,0,0,0,0,0.0,0.0
0,0.0,8348,0,0,0,0,0,0,6692,0.0,0.0,0,1,0,0,0.0,0,2,0,0,0,1.0,0,0.0,1,0.0,0,0,2021.0,0.0,0,0,1,6367,0,0,0,0,0.0,0.0
0,0.0,9011,0,0,0,2,0,0,3543,0.0,0.0,0,0,0,0,0.0,0,4,0,0,1,0.0,1,0.0,0,0.0,0,1,2017.0,1.0,1,0,1,6709,0,0,0,0,0.0,0.0
0,0.0,3931,1,0,0,0,0,0,3325,0.0,0.0,0,1,0,0,0.0,0,1,0,0,0,0.0,0,0.0,0,0.0,0,0,2018.0,1.0,1,0,1,8000,0,0,0,0,0.0,0.0
0,0.0,2787,0,0,0,0,0,0,9337,0.0,0.0,0,0,0,0,0.0,0,1,0,0,0,0.0,0,0.0,0,0.8326965868112158,0,0,2014.4980897604337,0.0,0,0,1,1254,0,0,0,0,0.0,0.0
0,0.0,6333,0,1,0,0,1,0,5057,0.0,0.0,0,0,0,0,0.0,0,1,0,0,0,1.0,0,0.0,0,0.0,0,0,2017.0,0.0,0,0,1,6851,0,0,0,0,0.0,0.0
0,0.0,8291,1,0,0,0,0,0,3325,0.0,0.0,0,1,0,0,0.0,0,1,0,0,0,0.0,0,0.0,0,0.0,0,0,2018.0,1.0,1,0,1,4567,0,0,0,0,0.0,0.0
0,0.0,9661,0,0,0,0,0,0,4466,0.0,0.0,0,0,0,0,0.0,0,1,1,0,0,0.0,0,0.0,0,0.0,0,0,2017.0,1.0,0,0,1,7107,0,0,0,0,0.0,0.0
0,0.0,2069,0,0,0,1,0,0,6044,0.0,0.0,0,0,0,0,0.0,0,1,0,0,0,1.0,0,0.0,1,0.0,1,1,2009.0,0.0,0,0,1,5475,0,0,0,0,0.0,0.0
0,0.0,7102,0,0,0,0,0,0,7926,0.0,0.0,0,0,0,0,0.0,0,6,0,0,0,0.1549589983441907,0,0.0,0,0.0,0,0,2002.254138965228,0.8450410016558093,0,0,1,6328,0,0,0,0,0.0,0.0
0,0.0,5283,0,0,0,1,0,1,3654,0.0,0.0,0,0,0,1,0.0,0,1,0,0,0,0.0,0,0.0,0,0.0,0,0,2016.0,1.0,2,0,1,4942,0,0,1,0,0.0,0.0
0,0.0,9233,0,0,0,0,0,0,7969,0.0,0.0,0,0,0,0,0.0,0,2,0,0,0,1.0,0,0.0,0,0.0,0,0,2016.0,0.0,0,0,1,7716,0,0,0,1,0.0,0.0
0,0.0,4247,0,1,0,0,0,0,3654,0.0,0.0,0,1,0,0,0.0,0,1,0,0,0,0.0,0,0.0,0,0.0,0,0,2005.0,1.0,0,0,1,5075,0,0,0,0,0.0,0.0
0,0.0,2026,0,0,0,0,0,0,4096,0.0,0.0,0,0,0,0,0.0,0,1,0,0,0,0.0,1,0.0,0,0.0,0,0,2013.0,1.0,1,0,1,5350,0,0,0,0,0.0,0.0
0,0.0,2324,0,0,0,0,0,0,8059,0.0,0.0,0,0,0,0,0.0,0,1,0,0,0,1.0,0,0.0,0,0.0,0,0,1972.0,0.0,0,0,1,7620,0,0,0,0,0.0,0.0
0,0.0,4874,0,0,1,1,0,0,7969,0.0,0.0,0,0,0,0,0.0,0,7,0,0,0,0.0,1,0.0,1,0.0,0,0,1999.0,1.0,1,0,1,9259,0,0,0,0,0.0,0.0
0,0.0,2543,0,0,0,0,0,0,9337,0.0,0.0,0,0,0,0,0.0,0,1,0,0,0,0.0,0,0.0,0,0.0,0,1,2020.0,1.0,0,0,1,6712,0,0,0,0,0.0,0.0
0,0.0,7096,0,0,0,0,0,0,9337,0.0,0.0,0,1,0,0,0.0,0,8,0,0,0,0.8498499816589269,0,0.0,0,0.0,0,0,2015.300300036682,0.1501500183410731,0,0,1,4641,0,0,0,0,0.0,0.0
0,0.0,3784,0,0,0,0,1,0,5288,0.0,0.0,0,0,0,0,0.0,0,2,0,0,0,1.0,0,0.0,0,0.0,0,0,2021.0,0.0,0,0,1,8297,0,0,0,0,0.0,0.0
0,0.0,9459,0,0,0,0,1,0,9337,0.0,0.0,0,0,1,0,0.0,0,3,0,0,0,1.0,0,0.0,0,0.0,0,0,2018.0,0.0,0,0,1,2587,0,0,0,0,0.0,0.0
0,0.0,2476,0,0,0,0,1,0,5397,0.0,0.0,0,0,0,0,0.0,0,2,0,0,0,0.0,0,0.0,0,0.0,0,0,2014.0,1.0,0,0,1,4541,0,0,0,0,0.0,0.0
0,0.0,6358,0,0,0,0,0,0,9337,0.0,0.0,0,0,0,0,0.0,0,4,0,0,0,0.0,0,0.0,0,0.0,0,0,2017.0,1.0,0,0,1,6805,0,0,0,0,0.0,0.0
0,0.0,6333,0,1,0,0,1,0,7694,0.0,0.0,0,0,0,0,0.0,0,1,0,0,0,1.0,0,0.0,0,0.0,0,0,2017.0,0.0,0,0,1,9226,0,0,0,0,0.0,0.0
0,0.0,6777,0,0,0,0,1,0,1818,1.0,0.0,0,0,0,0,0.0,0,1,0,0,0,0.0,0,0.0,0,0.0,0,0,2013.0,0.0,0,0,1,4708,0,0,0,0,0.0,0.0
0,0.0,6739,0,0,0,0,1,0,5397,0.0,0.0,0,0,0,0,0.0,0,2,0,0,0,0.0,0,0.0,0,0.0,0,0,2004.0,1.0,0,0,1,1797,0,0,0,0,0.0,0.0
0,0.0,8957,0,0,0,0,0,0,9337,0.0,0.0,0,0,0,1,0.0,0,1,0,0,1,0.0,0,0.0,0,0.0,0,0,2019.0,0.0,0,0,1,2077,0,0,0,0,0.0,0.0
0,0.0,3377,0,0,0,0,0,1,4096,0.0,0.0,0,0,0,0,0.0,0,1,0,0,0,1.0,0,0.0,0,0.0,0,0,1995.0,0.0,0,0,1,5313,0,0,0,0,0.0,0.0
0,0.0,8015,0,0,0,0,1,1,9337,0.0,0.0,0,0,0,0,0.0,0,2,0,0,0,1.0,0,0.0,0,0.0,0,0,2021.0,0.0,0,0,1,7765,0,0,0,0,0.0,0.0
0,0.0,6011,0,0,0,0,0,1,2561,0.0,0.0,0,0,1,0,0.0,0,1,0,0,0,1.0,0,0.0,0,0.0,0,0,2015.0,0.0,0,0,1,1581,0,0,0,0,0.0,0.0
0,0.0,2656,0,0,0,0,1,0,9337,0.0,0.0,0,0,1,0,0.0,0,3,0,0,0,1.0,0,0.0,0,0.0,0,0,2018.0,0.0,0,0,1,3843,0,0,0,0,0.0,0.0
0,0.0,2381,0,0,0,0,0,0,7957,0.0,0.0,0,0,0,0,0.0,0,6,0,0,0,0.04229499835291051,0,0.0,0,0.0,0,0,1999.930489963764,0.9577050016470895,0,0,1,3052,0,0,0,0,0.0,0.0
0,0.0,4209,0,0,0,0,1,0,5288,0.0,0.0,0,0,0,0,0.0,0,2,0,0,0,1.0,0,0.0,0,0.0,0,0,2021.0,0.0,0,0,1,3445,0,0,0,0,0.0,0.0
0,0.0,9665,0,0,0,0,0,0,6304,0.0,0.0,0,0,0,0,0.0,0,1,1,0,0,0.0,0,0.0,0,0.0,0,0,2014.0,1.0,0,0,1,5489,0,0,0,0,0.0,0.0
0,0.0,6373,0,0,0,0,1,0,9337,0.0,0.0,0,0,1,0,0.0,0,3,0,0,0,1.0,0,0.0,0,0.0,0,0,2018.0,0.0,0,0,1,9590,0,0,0,0,0.0,0.0
0,0.0,2609,0,0,0,0,0,0,9337,0.0,0.0,0,0,0,0,0.0,0,3,0,0,0,1.0,0,0.0,0,0.0,0,0,2019.215394003498,0.0,0,0,1,4036,0,0,0,0,0.0,0.0
0,0.0,4667,0,0,0,0,1,1,5146,0.0,0.0,0,1,0,0,0.0,0,1,0,0,0,0.0,0,0.0,0,0.0,0,0,2015.0,1.0,0,0,1,5682,0,0,0,0,0.0,0.0
0,0.0,2610,0,0,0,0,0,1,6304,0.0,0.0,1,0,0,0,0.0,0,1,1,0,0,1.0,0,0.0,0,0.0,0,0,2014.0,0.0,0,0,1,5972,0,0,0,0,0.0,0.0
0,0.0,8304,0,0,0,0,0,0,9337,0.0,0.0,0,0,0,0,0.0,0,4,0,0,0,0.0,0,0.0,0,0.0,0,0,2017.0,1.0,0,0,1,1671,0,0,0,0,0.0,0.0
0,0.0,4295,0,0,0,0,0,0,4096,0.0,0.0,0,0,0,0,0.0,0,3,0,0,0,0.0,0,0.0,0,0.0,0,0,1998.0,1.0,1,0,1,6087,0,0,0,0,0.0,0.0
0,0.0,6233,0,0,1,1,0,0,4096,0.0,0.0,0,0,0,0,0.0,0,1,0,0,0,0.0,0,0.0,0,0.0,0,0,2014.0,1.0,1,0,1,9012,0,0,0,0,0.0,0.0
0,0.0,4565,0,0,0,0,0,0,9337,0.0,0.0,0,0,0,0,0.0,0,1,0,0,0,0.22966283466419268,0,0.0,0,0.0,0,0,2016.9186513386567,0.7703371653358073,0,0,1,5456,0,0,0,0,0.0,0.0
0,0.0,4946,0,0,0,0,0,0,4096,0.0,0.0,0,0,0,0,0.0,0,2,0,0,0,0.0,0,0.0,0,0.0,0,0,1999.0,0.0,0,0,1,8376,0,0,1,0,1.0,0.0
0,0.0,1368,0,0,0,0,0,0,9337,0.0,0.0,0,0,0,0,0.0,0,3,0,0,0,0.31847382257092327,0,0.0,0,0.0,0,0,2014.2293167579965,0.6815261774290767,0,0,1,5093,0,0,0,0,0.0,0.0
0,0.0,9077,0,0,0,0,0,0,7969,0.0,0.0,0,0,0,0,0.0,0,4,0,0,0,0.452984592729909,0,0.0,0,0.0,0,0,2007.6067072618682,0.547015407270091,0,0,1,2636,0,0,0,0,0.0,0.0
0,0.0,8745,0,0,0,0,0,0,7975,0.0,0.0,0,0,0,0,0.0,0,6,0,0,0,0.09020841692322923,0,0.0,0,0.0,0,0,2000.6237515046182,0.9097915830767708,0,0,1,4728,0,0,0,0,0.0,0.0
0,0.0,3646,0,0,0,0,0,0,1325,0.0,0.0,0,1,0,0,0.0,0,1,0,0,2,1.0,0,0.0,0,0.0,0,0,2020.0,0.0,0,0,1,5006,0,0,0,0,0.0,0.0
0,0.0,8905,0,0,0,0,0,0,5288,1.0,0.0,0,0,0,0,0.0,0,1,0,0,0,0.0,1,0.0,0,0.0,0,0,2020.0,0.0,0,0,1,4861,0,0,0,0,0.0,0.0
0,0.0,3323,0,0,0,0,0,0,7356,0.0,0.0,0,0,0,0,0.0,0,3,0,0,1,1.0,0,0.0,0,0.0,0,0,2020.0,0.0,0,0,1,9961,0,0,0,0,0.0,0.0
0,0.0,1465,0,0,0,0,0,0,8040,0.0,0.0,0,0,0,0,0.0,0,5,0,0,0,1.0,0,0.0,0,0.0,0,0,2017.0,0.0,0,0,1,8779,0,0,0,0,0.0,0.0
0,0.0,7014,0,0,0,0,0,0,4096,0.0,0.0,0,0,0,0,0.0,0,1,0,0,0,0.0,1,0.0,0,0.0,0,0,2013.0,1.0,1,0,1,5797,0,0,0,0,0.0,0.0
0,0.0,7279,0,0,0,0,0,0,1325,0.0,0.0,0,0,1,0,0.0,0,1,0,0,0,1.0,0,0.0,0,0.0,0,1,2019.0,0.0,0,0,1,5443,0,0,0,0,0.0,0.0
0,0.0,3505,0,0,0,0,0,0,3543,0.0,0.0,0,0,0,0,0.0,0,2,0,0,0,0.0,0,0.0,0,1.0,0,0,2019.0,0.0,0,0,1,2418,0,0,0,0,0.0,0.0
0,0.0,4920,0,0,0,0,0,1,4096,0.0,0.0,0,0,0,0,0.0,0,1,0,0,0,1.0,0,0.0,0,0.0,0,0,1995.0,0.0,0,0,1,8450,0,0,0,0,0.0,0.0
0,0.0,8601,0,0,0,0,0,0,9337,0.0,0.0,0,0,0,0,0.0,0,3,0,0,0,1.0,0,0.0,0,0.0,0,0,2018.0358367350364,0.0,0,0,1,3840,0,0,0,0,0.0,0.0
0,0.0,2787,0,0,0,0,0,0,6044,0.0,0.0,0,0,0,0,0.0,0,2,0,0,0,1.0,1,0.0,1,0.0,1,0,2019.0,0.0,0,0,1,7352,0,0,0,0,0.0,0.0
0,0.0,9115,0,0,0,0,0,0,7969,0.0,0.0,0,0,0,0,0.0,0,6,0,0,0,0.1564683323230318,0,0.0,0,0.0,0,0,2001.9728983141376,0.8435316676769682,0,0,1,2612,0,0,0,0,0.0,0.0
0,0.0,7945,0,0,0,0,1,0,1818,0.0,0.0,0,0,0,0,0.0,0,2,0,0,0,0.0,0,0.0,0,0.0,0,0,2017.0,1.0,0,0,1,3789,0,0,0,0,0.0,0.0
0,0.0,1734,0,0,0,0,0,0,3543,0.0,0.0,0,0,0,0,0.0,0,4,0,0,0,1.0,0,0.0,0,0.0,0,1,2020.0,0.0,0,0,1,3939,0,0,0,0,0.0,0.0
0,0.0,7975,0,0,0,0,0,0,3543,0.0,0.0,0,1,0,0,0.0,0,1,0,0,0,1.0,0,0.0,0,0.0,0,0,2017.0,0.0,0,0,1,4382,0,0,0,0,0.0,0.0
0,0.0,9672,0,1,0,0,1,0,7694,0.0,0.0,0,0,0,0,0.0,0,1,0,0,0,1.0,0,0.0,0,0.0,0,0,2017.0,0.0,0,0,1,9887,0,0,0,0,0.0,0.0
0,0.0,8785,0,1,0,0,0,0,9337,0.0,0.0,0,0,0,0,0.0,0,1,0,0,0,1.0,0,0.0,0,0.0,0,0,2018.0,0.0,0,0,1,4728,0,0,0,0,0.0,0.0
0,0.0,7074,0,0,0,0,0,0,9337,0.0,0.0,0,0,0,0,0.0,0,4,0,0,0,0.0,0,0.0,1,0.0,0,0,2017.0,1.0,0,0,1,6769,0,0,0,0,0.0,0.0
0,0.0,6838,0,0,0,0,0,0,9337,0.0,0.0,0,0,0,0,0.0,0,2,0,0,0,1.0,0,0.0,0,0.0,0,1,2017.0,0.0,0,0,1,3543,0,0,0,0,0.0,0.0
0,0.0,1113,0,0,0,0,1,1,4466,0.0,0.0,0,0,0,0,0.0,0,1,0,0,0,0.0,0,0.0,0,0.0,0,0,2018.0,1.0,0,0,1,4755,0,0,0,0,0.0,0.0
0,0.0,9281,0,0,0,0,0,0,9337,0.0,0.0,0,0,0,0,0.0,0,2,0,0,0,0.0,0,0.0,0,0.34575830204132985,0,0,2013.037274906124,0.6542416979586702,0,0,1,3865,0,0,0,0,0.0,0.0
0,0.0,3561,0,0,0,0,0,0,9337,0.0,0.0,0,0,0,0,0.0,0,1,0,0,0,0.0,0,0.0,0,0.0,0,1,2020.0,1.0,0,0,1,1891,0,0,0,0,0.0,0.0
0,0.0,5154,0,0,0,0,1,0,6044,0.0,0.0,0,0,0,0,0.0,0,6,0,0,0,0.0,0,0.0,1,0.0,0,0,2015.0,1.0,0,0,1,1176,0,0,0,0,0.0,0.0
0,0.0,3141,0,0,0,0,1,0,5146,0.0,0.0,0,1,1,0,0.0,0,1,0,0,1,0.0,0,0.0,0,0.0,0,0,2014.0,1.0,0,0,1,2922,0,0,0,0,0.0,0.0
0,0.0,6188,0,0,0,0,0,0,8040,0.0,0.0,0,0,0,0,0.0,0,1,0,0,0,0.0,0,0.0,0,0.0,0,0,2020.0,0.0,0,0,1,9944,0,0,0,0,1.0,0.0
0,0.0,6259,0,0,0,1,0,0,3654,0.0,0.0,0,0,0,0,0.0,0,1,0,0,0,0.9451866615187319,0,0.0,0,0.0,0,0,2005.4933200463315,0.054813338481268126,1,0,1,6673,0,0,0,0,0.0,0.0
0,0.0,7489,0,0,0,0,0,0,6582,0.0,0.0,0,0,0,0,0.0,0,1,0,0,0,1.0,0,0.0,0,0.0,0,0,2015.0,0.0,1,0,1,8303,0,0,0,0,0.0,0.0
0,0.0,2911,0,0,0,0,0,0,1325,0.0,0.0,0,0,0,0,0.0,0,1,0,0,0,0.39967568045082846,0,0.0,0,0.0,0,0,2017.7993513609017,0.0,0,0,1,3153,0,0,0,0,0.0,0.0
0,0.0,8962,0,0,0,0,1,0,6044,1.0,0.0,0,0,0,0,0.0,0,1,0,0,0,0.0,1,0.0,0,0.0,0,0,2021.0,0.0,0,0,1,6074,0,0,0,0,0.0,0.0
0,0.0,7491,0,1,0,0,1,0,7694,0.0,0.0,0,0,0,0,0.0,0,1,0,0,0,1.0,0,0.0,0,0.0,0,0,2017.0,0.0,0,0,1,5359,0,0,0,0,0.0,0.0
0,0.0,7259,0,0,0,0,0,0,7969,0.0,0.0,0,0,0,0,0.0,0,2,0,0,0,0.0,0,0.0,0,1.0,0,0,2016.0,0.0,0,0,1,4780,0,0,0,0,0.0,0.0
0,0.0,1730,0,0,0,0,0,0,9337,0.0,0.0,0,0,0,0,0.0,0,2,0,0,0,0.0,0,0.0,0,0.0,0,0,2017.0,0.0,0,0,1,3999,0,0,0,0,1.0,0.0
0,0.0,1433,0,1,0,0,0,0,4466,0.0,0.0,0,0,0,0,0.0,0,1,0,0,0,0.0,0,0.0,0,0.0,0,0,2018.0,1.0,0,0,1,6925,0,0,0,0,0.0,0.0
0,0.0,2210,0,0,0,0,0,0,6304,0.0,0.0,1,2,0,0,0.0,0,3,0,0,1,0.0,0,0.0,0,0.0,0,0,2015.0,0.0,0,0,1,4999,0,0,1,0,0.0,0.0
0,0.0,2567,0,0,0,0,1,0,3325,0.0,0.0,1,0,1,0,0.0,0,1,0,0,0,0.0,0,0.0,0,0.0,0,0,2018.0,1.0,1,0,1,1670,0,0,0,0,0.0,0.0
0,0.0,7978,0,0,0,0,0,0,9337,0.0,0.0,0,0,1,0,0.0,0,1,0,0,1,0.0,0,0.0,0,0.0,0,0,2008.0,1.0,0,0,1,9858,0,0,0,0,0.0,0.0
0,0.0,4879,0,0,0,0,0,1,1325,0.0,0.0,0,0,0,0,0.0,0,1,0,0,0,0.0,1,0.0,0,0.0,0,0,2018.0,1.0,0,0,1,2351,0,0,0,0,0.0,0.0
0,0.0,3165,0,0,0,0,0,0,6304,0.0,0.0,1,2,0,0,0.0,0,3,0,0,1,0.0,0,0.0,0,0.0,0,0,2015.0,0.0,0,0,1,7012,0,0,1,0,0.0,0.0
0,0.0,2498,0,0,0,0,0,0,3543,0.0,0.0,0,0,0,0,0.0,0,2,0,0,0,0.0,0,0.0,0,0.0,0,0,2016.0,1.0,0,0,1,2636,0,0,0,0,0.0,0.0
0,0.0,1134,0,0,0,0,0,0,6044,0.0,0.0,0,0,0,0,0.0,0,4,0,0,0,0.0,0,0.0,0,1.0,0,1,2015.0,0.0,0,0,1,3985,0,0,0,0,0.0,0.0
0,0.0,6651,0,0,0,0,0,1,6304,0.0,0.0,0,1,0,0,0.0,0,1,0,0,0,0.0,0,0.0,0,0.0,0,0,2013.0,1.0,0,0,1,7291,0,0,0,0,0.0,0.0
0,0.0,3017,0,0,0,0,0,0,9337,0.0,0.0,0,0,0,0,0.0,0,1,0,0,0,1.0,0,0.0,0,0.0,0,1,2019.0,0.0,0,0,1,8087,0,0,0,0,0.0,0.0
0,0.0,4744,0,0,0,0,0,0,6928,1.0,0.0,0,0,0,0,0.0,0,2,0,0,0,0.0,0,0.0,0,0.0,0,0,2021.0,0.0,0,0,1,6485,0,0,0,0,0.0,0.0
0,0.0,1660,0,0,0,2,0,0,3543,0.0,0.0,0,0,0,0,0.0,0,4,0,0,1,0.0,1,0.0,0,0.0,0,1,2017.0,1.0,1,0,1,6709,0,0,0,0,0.0,0.0
0,0.0,7506,0,0,0,0,0,0,3543,0.0,0.0,0,0,0,0,0.0,0,2,0,0,0,0.0,0,0.0,1,0.0,0,0,2019.0,0.0,0,0,1,7254,0,0,0,0,0.0,0.0
0,0.0,6491,0,0,0,1,1,0,1723,0.0,0.0,0,0,0,0,0.0,0,3,0,0,0,1.0,1,0.0,0,0.0,0,0,2015.0,0.0,2,0,1,3330,0,0,0,0,0.0,0.0
0,0.0,2464,0,0,0,0,0,0,6304,0.0,0.0,0,0,0,1,0.0,0,2,0,0,0,0.0,0,0.0,0,0.0,0,0,2016.0,0.0,0,0,1,9234,0,0,0,0,0.0,0.0
0,0.0,2324,0,0,0,0,0,0,9337,0.0,0.0,0,0,0,0,0.0,0,1,0,0,0,1.0,0,0.0,1,0.0,0,0,2005.0,0.0,0,0,1,6921,0,0,0,0,0.0,0.0
0,0.0,5325,0,0,0,0,0,0,9337,0.0,0.0,0,0,0,0,0.0,0,1,0,0,0,0.0,0,0.0,0,0.0,1,1,2020.0,1.0,0,0,1,9002,0,0,0,0,0.0,0.0
0,0.0,8555,0,0,0,0,0,0,9337,0.0,0.0,0,0,0,0,0.0,0,2,0,0,0,0.8987510087527818,0,0.0,0,0.0,0,0,2017.404995964989,0.0,0,0,1,8357,0,0,0,0,0.0,0.0
0,0.0,2041,0,0,0,0,0,0,6044,1.0,0.0,1,0,0,0,0.0,0,1,0,0,0,0.0,0,0.0,0,0.0,0,0,2013.0,0.0,0,0,1,1044,0,0,0,0,0.0,0.0
0,0.0,3062,0,0,1,1,0,0,7969,0.0,0.0,0,0,0,0,0.0,0,7,0,0,0,0.0,1,0.0,1,0.0,0,0,1999.0,1.0,1,0,1,1094,0,0,0,0,0.0,0.0
0,0.0,8931,0,0,0,0,0,0,6044,0.0,0.0,0,0,0,0,0.0,0,2,0,0,0,0.0,0,0.0,0,0.0,0,0,2019.0,0.0,0,0,1,5359,0,0,0,0,1.0,0.0
0,0.0,6383,0,0,0,0,0,0,1641,0.0,0.0,0,0,0,0,0.0,0,2,0,0,1,0.0,0,0.0,0,0.0,0,0,2020.0,1.0,0,0,1,1109,0,0,0,0,0.0,0.0
0,0.0,3851,0,0,0,0,0,0,1325,0.0,0.0,0,0,0,0,0.0,0,1,0,0,0,1.0,0,0.0,0,0.0,0,0,2019.0,0.0,0,0,1,2638,0,0,0,0,0.0,0.0
0,0.0,7324,0,0,0,0,0,0,3543,0.0,0.0,0,0,0,0,0.0,0,2,0,0,0,0.0,0,0.0,1,0.0,0,0,2019.0,0.0,0,0,1,2212,0,0,0,0,0.0,0.0
0,0.0,1433,0,1,0,0,0,0,4466,0.0,0.0,0,0,0,0,0.0,0,1,0,0,0,0.0,0,0.0,0,0.0,0,0,2018.0,1.0,0,0,1,6925,0,0,0,0,0.0,0.0
0,0.0,2934,0,0,0,0,0,0,1325,0.0,0.0,0,0,1,0,0.0,0,1,0,0,1,0.0,0,0.0,0,0.0,0,0,2015.0,1.0,0,0,1,6851,0,0,0,0,0.0,0.0
0,0.0,5714,0,0,0,0,0,0,4096,0.0,0.0,0,0,0,0,0.0,0,2,0,0,0,0.0,0,0.0,0,0.0,0,0,2017.0,0.0,0,0,1,4245,0,0,0,0,1.0,0.0
0,0.0,9459,0,0,0,0,1,0,9337,0.0,0.0,0,0,1,0,0.0,0,3,0,0,0,1.0,0,0.0,0,0.0,0,0,2018.0,0.0,0,0,1,7962,0,0,0,0,0.0,0.0
0,0.0,2424,0,0,0,0,0,0,6304,0.0,0.0,0,0,0,1,0.0,0,2,0,0,0,0.0,0,0.0,0,0.0,0,0,2016.0,0.0,0,0,1,6458,0,0,0,0,0.0,0.0
0,0.0,6768,0,1,0,0,1,0,6304,0.0,0.0,0,0,0,0,0.0,0,1,0,0,0,1.0,0,0.0,0,0.0,0,0,2013.0,0.0,0,0,1,9728,0,0,0,0,0.0,0.0
0,0.0,2720,0,0,0,0,0,0,6044,0.0,0.0,0,0,0,0,0.0,0,8,0,0,0,0.2151897459015828,0,0.0,0,0.0,0,0,1985.6075898360632,0.0,0,0,1,6152,0,0,0,0,0.0,0.0
0,0.0,7115,0,1,0,0,1,0,4034,0.0,0.0,0,0,0,0,0.0,0,1,0,0,0,1.0,0,0.0,0,0.0,0,0,2021.0,0.0,0,0,1,1504,0,0,0,1,0.0,0.0
0,0.0,4533,0,0,0,0,1,0,9337,0.0,0.0,0,0,1,0,0.0,0,3,0,0,0,1.0,0,0.0,0,0.0,0,0,2018.0,0.0,0,0,1,3350,0,0,0,0,0.0,0.0
0,0.0,9928,0,0,0,0,0,0,7969,0.0,0.0,0,0,0,0,0.0,0,6,0,0,0,0.07674969073386162,0,0.0,0,0.0,0,0,2000.4582441239434,0.9232503092661384,0,0,1,6930,0,0,0,0,0.0,0.0
0,0.0,4287,0,0,0,0,0,0,3543,0.0,0.0,0,0,0,1,0.0,0,3,0,0,0,0.0,0,0.0,0,0.0,0,0,2019.0,0.0,0,0,1,7602,0,0,0,0,0.0,0.0
0,0.0,3564,0,0,0,0,0,0,8040,0.0,0.0,0,0,0,0,0.0,0,4,0,0,0,0.0,0,0.0,0,1.0,0,1,2015.0,0.0,0,0,1,8028,0,0,0,0,0.0,0.0
0,0.0,7864,0,0,0,0,0,0,9337,0.0,0.0,0,0,0,0,0.0,0,1,0,0,0,0.0,0,0.0,0,0.0,0,0,2014.0,1.0,0,0,1,6323,0,0,1,0,0.0,0.0
0,0.0,6018,1,0,0,0,0,0,6044,0.0,0.0,0,0,0,0,0.0,0,2,0,0,0,1.0,0,0.0,0,0.0,0,1,2017.0,0.0,0,0,1,9134,0,0,0,0,0.0,0.0
0,0.0,7768,0,0,0,0,0,0,9337,0.0,0.0,0,0,0,0,0.0,0,2,0,0,0,1.0,0,0.0,0,0.0,0,0,2018.696376972964,0.0,0,0,1,2350,0,0,0,0,0.0,0.0
0,0.0,7196,0,0,0,0,0,0,7603,0.0,0.0,0,1,0,0,0.0,0,1,0,0,0,0.0,0,0.0,0,0.0,1,0,2014.0,1.0,0,0,1,9805,0,0,0,0,0.0,0.0
0,0.0,9103,0,0,1,1,0,0,7969,0.0,0.0,0,0,0,0,0.0,0,7,0,0,0,0.0,1,0.0,1,0.0,0,0,1999.0,1.0,1,0,1,2481,0,0,0,0,0.0,0.0
0,0.0,1803,0,0,0,0,0,0,9337,0.0,0.0,0,0,0,0,0.0,0,1,0,0,1,0.0,0,0.0,0,0.0,0,0,2015.0,1.0,0,0,1,4666,0,0,0,0,0.0,0.0
0,0.0,2467,0,0,0,0,0,0,3543,0.0,0.0,0,0,0,0,0.0,0,12,0,0,0,1.0,0,0.0,0,0.0,0,0,2018.0,0.0,0,0,1,8537,0,0,0,0,0.0,0.0
0,0.0,8128,0,0,0,0,0,0,1723,0.0,0.0,0,0,0,0,0.0,0,2,0,0,0,1.0,0,0.0,0,0.0,0,0,2021.0,0.0,0,0,1,7247,0,1,1,0,0.0,0.0
0,0.0,8079,0,0,0,0,1,1,4096,0.0,0.0,0,0,1,0,0.0,0,1,0,0,1,0.0,0,0.0,0,0.0,0,0,2016.0,0.0,0,0,1,4605,0,0,0,0,0.0,0.0
0,0.0,3737,0,0,0,0,0,0,9337,0.0,0.0,0,0,0,0,0.0,0,1,0,0,0,1.0,1,0.0,0,0.0,0,0,2017.0,0.0,0,0,1,4257,0,0,0,0,0.0,0.0
0,0.0,2212,0,0,0,0,0,0,9337,0.0,0.0,0,0,0,0,0.0,0,3,0,0,0,0.0,0,0.0,0,0.0,0,0,2012.0,1.0,0,0,1,8992,0,0,0,0,0.0,0.0
0,0.0,2364,0,0,0,0,1,0,1818,1.0,0.0,0,0,0,0,0.0,0,1,0,0,0,0.0,0,0.0,0,0.0,0,0,2013.0,0.0,0,0,1,3492,0,0,0,0,0.0,0.0
0,0.0,7713,0,0,0,0,0,0,3325,0.0,0.0,0,0,0,0,0.0,0,1,0,0,0,0.0,0,0.0,0,0.0,0,0,2008.0,1.0,0,0,1,8879,0,0,0,0,0.0,0.0
0,0.0,7542,0,0,0,0,0,0,9337,0.0,0.0,0,0,0,0,0.0,0,1,0,0,0,1.0,0,0.0,0,0.0,0,0,2015.0,0.0,0,0,1,9123,0,0,0,0,0.0,0.0
0,0.0,2778,0,0,0,0,0,0,5288,0.0,0.0,0,0,0,1,0.0,0,1,0,0,0,1.0,0,0.0,1,0.0,0,0,2020.0,0.0,0,0,1,1308,1,0,0,0,0.0,0.0
0,0.0,2464,0,0,1,1,0,0,7969,0.0,0.0,0,0,0,0,0.0,0,7,0,0,0,0.0,1,0.0,1,0.0,0,0,1999.0,1.0,1,0,1,1283,0,0,0,0,0.0,0.0
0,0.0,7226,0,0,0,0,0,0,9337,0.0,0.0,0,0,0,0,0.0,0,1,0,0,0,0.0,0,0.0,0,0.0,0,0,2018.8536415493973,0.8536415493973034,0,0,1,5332,0,0,0,0,0.0,0.0
0,0.0,7787,0,0,0,0,1,0,1468,0.0,0.0,0,0,0,0,0.0,0,1,0,0,0,1.0,0,0.0,0,0.0,0,0,2021.0,0.0,0,0,1,8040,0,0,0,0,0.0,0.0
0,0.0,6881,0,0,0,0,0,0,1325,0.0,0.0,0,1,0,0,0.0,0,1,0,0,0,1.0,0,0.0,0,0.0,0,0,2021.0,0.0,0,0,1,1874,0,0,0,0,0.0,0.0
0,0.0,6422,0,0,0,0,0,0,1325,0.0,0.0,0,0,0,0,0.0,0,4,0,0,0,0.0,0,0.0,0,1.0,0,1,2015.0,0.0,0,0,1,7219,0,0,0,0,0.0,0.0
0,0.0,7584,0,0,0,0,0,0,3543,0.0,0.0,0,0,0,0,0.0,0,1,0,0,0,1.0,0,0.0,0,0.0,0,0,2011.0,0.0,0,0,1,3251,0,0,0,0,0.0,0.0
0,0.0,9661,0,0,0,0,0,1,6304,0.0,0.0,1,0,0,0,0.0,0,1,1,0,0,1.0,0,0.0,0,0.0,0,0,2014.0,0.0,0,0,1,5972,0,0,0,0,0.0,0.0
0,0.0,1433,0,1,0,0,0,0,4466,0.0,0.0,0,0,0,0,0.0,0,1,0,0,0,0.0,0,0.0,0,0.0,0,0,2018.0,1.0,0,0,1,6925,0,0,0,0,0.0,0.0
0,0.0,4290,0,1,0,0,0,0,6304,0.0,0.0,0,0,0,0,0.0,0,1,0,0,0,0.0,0,0.0,0,0.0,0,0,2009.0,1.0,0,0,1,5129,0,0,0,0,0.0,0.0
0,0.0,8040,0,0,0,0,0,1,3325,0.0,0.0,0,0,0,0,0.0,0,2,0,0,0,0.0,0,0.0,0,0.0,0,0,2019.0,1.0,0,0,1,5758,0,0,0,0,0.0,0.0
0,0.0,2911,0,0,0,0,0,0,1325,0.0,0.0,0,0,0,0,0.0,0,1,0,0,0,0.0,0,0.0,0,0.0,0,0,2017.0,0.0,0,0,1,3153,0,0,0,0,0.0,0.0
0,0.0,8697,0,0,0,0,0,0,3325,1.0,0.0,1,0,0,0,0.0,0,1,0,0,0,0.0,0,0.0,0,0.0,0,0,2019.0,0.0,0,0,1,2592,0,0,0,0,0.0,0.0
0,0.0,2200,0,0,0,0,0,0,9337,0.0,0.0,0,0,0,0,0.0,0,1,0,0,0,0.4185732715224961,0,0.0,0,0.0,0,0,2014.185732715225,0.5814267284775039,0,0,1,4427,0,0,0,0,0.0,0.0
0,0.0,3936,0,0,1,1,0,0,7969,0.0,0.0,0,0,0,0,0.0,0,7,0,0,0,0.0,1,0.0,1,0.0,0,0,1999.0,1.0,1,0,1,3432,0,0,0,0,0.0,0.0
0,0.0,1912,0,0,0,0,0,0,6692,0.0,0.0,0,0,0,0,0.0,0,1,0,0,0,1.0,1,0.0,0,0.0,0,0,2021.0,0.0,0,0,1,7254,0,0,0,0,0.0,0.0
0,0.0,8067,0,0,1,1,0,0,7969,0.0,0.0,0,0,0,0,0.0,0,7,0,0,0,0.0,1,0.0,1,0.0,0,0,1999.0,1.0,1,0,1,4960,0,0,0,0,0.0,0.0
0,0.0,7132,0,0,0,0,0,0,9337,0.0,0.0,0,0,0,0,0.0,0,1,0,0,0,1.0,0,0.0,1,0.0,0,0,2005.0,0.0,0,0,1,2678,0,0,0,0,0.0,0.0
0,0.0,9047,0,0,1,1,0,0,7969,0.0,0.0,0,0,0,0,0.0,0,7,0,0,0,0.0,1,0.0,1,0.0,0,0,1999.0,1.0,1,0,1,2278,0,0,0,0,0.0,0.0
0,0.0,5144,0,1,0,0,0,0,3654,0.0,0.0,0,0,1,0,0.0,0,1,0,1,0,1.0,0,0.0,0,0.0,0,0,2009.0,0.0,0,0,1,3985,0,0,0,0,0.0,0.0
0,0.0,1985,0,0,0,0,0,0,9337,0.0,0.0,0,0,0,0,0.0,0,2,0,0,0,0.46030348986055136,0,0.0,0,0.0,0,1,2018.4603034898605,0.0,0,0,1,6062,0,0,0,0,0.0,0.0
0,0.0,1290,0,0,0,0,0,0,6044,0.0,0.0,0,0,0,0,0.0,0,8,0,0,0,0.36318084538790874,0,0.0,0,0.0,0,0,1992.2535955062922,0.0,0,0,1,8449,0,0,0,0,0.0,0.0
0,0.0,4807,0,0,0,0,0,0,6044,0.0,0.0,0,0,0,0,0.0,0,8,0,0,0,0.19509741400727343,0,0.0,0,0.8049025859927266,0,0,1997.657825006211,0.0,0,0,1,8037,0,0,0,0,0.0,0.0
0,0.0,1569,0,0,0,0,0,0,7694,0.0,0.0,0,1,0,0,0.0,0,3,0,0,0,1.0,0,0.0,0,0.0,0,0,2018.0,0.0,0,0,1,8844,0,0,0,0,0.0,0.0
0,0.0,3141,0,0,0,0,0,0,4466,0.0,0.0,0,0,0,0,0.0,0,1,0,0,0,0.0,0,0.0,0,0.0,0,0,2015.0,1.0,0,0,1,7412,0,0,0,0,0.0,0.0
0,0.0,4091,0,0,0,0,0,0,9337,0.0,0.0,0,0,0,0,0.0,0,4,0,0,0,0.0,0,0.0,0,1.0,0,1,2015.0,0.0,0,0,1,1521,0,0,0,0,0.0,0.0
0,0.0,7340,0,0,0,0,0,0,3543,0.0,0.0,0,0,0,0,0.0,0,2,0,0,0,0.0,0,0.0,1,0.0,0,0,2019.0,0.0,0,0,1,9512,0,0,0,0,0.0,0.0
0,0.0,1111,0,0,0,0,0,1,3543,0.0,0.0,0,0,0,1,0.0,0,1,0,0,0,0.0,0,0.0,0,0.0,0,0,2017.0,1.0,0,0,1,6626,0,0,0,0,0.0,0.0
0,0.0,2069,0,0,0,1,0,0,6044,0.0,0.0,0,0,0,0,0.0,0,1,0,0,0,1.0,0,0.0,1,0.0,1,1,2009.0,0.0,0,0,1,8087,0,0,0,0,0.0,0.0
0,0.0,3039,0,1,0,0,0,0,9337,0.0,0.0,0,1,0,0,0.0,0,1,0,0,0,0.0,0,0.0,0,0.0,0,0,2010.0,1.0,0,0,1,9755,0,0,0,0,0.0,0.0
0,0.0,8544,0,0,0,0,0,0,9337,0.0,0.0,0,0,0,0,0.0,0,2,0,0,0,1.0,0,0.0,0,0.0,0,1,2017.0,0.0,0,0,1,8376,0,0,0,0,0.0,0.0
0,0.0,5868,0,0,0,0,0,0,4096,0.0,0.0,0,0,0,0,0.0,0,2,0,0,0,0.0,0,0.0,0,0.0,0,0,1999.0,0.0,0,0,1,8237,0,0,1,0,1.0,0.0
0,0.0,2942,0,0,0,1,0,0,3944,0.0,0.0,0,0,0,0,0.0,0,2,0,0,0,1.0,0,0.0,0,0.0,0,0,2021.0,0.0,1,0,1,8050,0,0,0,0,0.0,0.0
0,0.0,8710,0,0,0,0,0,0,1818,0.0,0.0,0,0,0,0,0.0,0,1,0,0,1,1.0,0,0.0,0,0.0,0,0,2018.0,0.0,0,0,1,5865,0,0,0,0,0.0,0.0
0,0.0,2726,0,0,0,0,0,0,9337,0.0,0.0,0,0,0,0,0.0,0,3,0,0,0,0.0,0,0.0,0,0.0,0,1,2021.0,0.0,0,0,1,5561,0,0,0,0,0.0,0.0
0,0.0,9693,0,0,0,0,0,0,4466,0.0,0.0,0,0,0,0,0.0,0,1,1,0,0,0.0,0,0.0,0,0.0,0,0,2017.0,1.0,0,0,1,7349,0,0,0,0,0.0,0.0
0,0.0,6373,0,0,0,0,1,0,9337,0.0,0.0,0,0,1,0,0.0,0,3,0,0,0,1.0,0,0.0,0,0.0,0,0,2018.0,0.0,0,0,1,9590,0,0,0,0,0.0,0.0
0,0.0,9072,0,0,1,1,0,0,7969,0.0,0.0,0,0,0,0,0.0,0,7,0,0,0,0.0,1,0.0,1,0.0,0,0,1999.0,1.0,1,0,1,2367,0,0,0,0,0.0,0.0
0,0.0,7939,0,1,0,0,1,0,7694,0.0,0.0,0,0,0,0,0.0,0,1,0,0,0,1.0,0,0.0,0,0.0,0,0,2017.0,0.0,0,0,1,9105,0,0,0,0,0.0,0.0
0,0.0,5811,0,0,0,0,0,0,9337,0.0,0.0,0,0,0,0,0.0,0,1,0,0,0,0.0,0,0.0,0,0.0,0,0,2019.0,1.0,0,0,1,9757,0,0,0,0,0.0,0.0
0,0.0,1665,0,0,0,0,0,0,9337,0.0,0.0,0,0,0,0,0.0,0,3,0,0,0,0.0,0,0.0,0,0.0,0,1,2021.0,0.0,0,0,1,4612,0,0,0,0,0.0,0.0
0,0.0,7004,0,0,0,0,0,1,6304,0.0,0.0,1,0,0,0,0.0,0,1,1,0,0,1.0,0,0.0,0,0.0,0,0,2014.0,0.0,0,0,1,5972,0,0,0,0,0.0,0.0
0,0.0,7014,0,0,0,0,0,0,9337,0.0,0.0,0,0,0,0,0.0,0,2,0,0,0,0.8491420728955735,0,0.0,0,0.15085792710442647,0,1,2018.3965682915823,0.0,0,0,1,4053,0,0,0,0,0.0,0.0
0,0.0,7840,0,0,0,0,0,0,1325,0.0,0.0,0,0,1,0,0.0,0,1,0,0,1,0.0,0,0.0,0,0.0,0,0,2015.0,1.0,0,0,1,3565,0,0,0,0,0.0,0.0
0,0.0,6160,0,0,0,0,0,0,4096,0.0,0.0,0,0,0,0,0.0,0,2,0,0,0,0.0,0,0.0,0,0.0,0,0,1999.0,0.0,0,0,1,6510,0,0,1,0,1.0,0.0
0,0.0,9376,0,0,0,0,0,0,3543,0.0,0.0,0,0,0,0,0.0,0,3,0,0,0,1.0,0,0.0,0,0.0,0,0,2018.0,0.0,0,0,1,4350,0,0,0,0,0.0,0.0
0,0.0,1201,0,0,0,0,0,0,9494,0.0,0.0,0,0,0,0,0.0,0,2,0,0,0,1.0,1,0.0,0,0.0,0,0,2021.0,0.0,1,0,1,2553,0,0,0,0,0.0,0.0
0,0.0,2892,0,0,0,0,0,0,9337,0.0,0.0,0,0,0,0,0.0,0,3,0,0,0,1.0,0,0.0,1,0.0,0,0,2018.0,0.0,0,0,1,4570,0,0,0,0,0.0,0.0
0,0.0,5656,0,0,0,0,0,0,6044,0.0,0.0,0,0,0,0,0.0,0,2,0,0,0,0.0,0,0.0,0,0.0,0,2,2016.0,0.0,0,0,1,1989,0,0,0,0,1.0,0.0
0,0.0,2483,0,0,0,0,0,0,5057,0.0,0.0,0,0,0,0,0.0,0,1,0,0,0,0.0,0,0.0,0,0.0,0,0,2017.0,1.0,0,0,1,5196,0,0,0,0,0.0,0.0
0,0.0,8657,0,0,0,0,0,0,9337,0.0,0.0,0,0,0,0,0.0,0,3,0,0,0,0.0,0,0.0,0,0.0,0,0,2021.0,0.0,0,0,1,8190,0,0,0,0,0.0,0.0
0,0.0,4948,0,0,0,0,0,0,9337,0.0,0.0,0,0,0,0,0.0,0,1,0,0,0,1.0,1,0.0,0,0.0,0,0,2017.0,0.0,0,0,1,5196,0,0,0,0,0.0,0.0
0,0.0,2298,0,0,0,0,1,0,3543,0.0,0.0,0,0,0,0,0.0,0,5,0,0,0,1.0,0,0.0,0,0.0,0,1,2021.0,0.0,0,0,1,6412,0,0,0,0,0.0,0.0
0,0.0,9682,0,0,0,0,1,0,9337,0.0,0.0,0,0,1,0,0.0,0,3,0,0,0,1.0,0,0.0,0,0.0,0,0,2018.0,0.0,0,0,1,7173,0,0,0,0,0.0,0.0
0,0.0,2447,0,0,0,0,1,0,5397,0.0,0.0,0,0,0,0,0.0,0,2,0,0,0,0.0,0,0.0,0,0.0,0,0,2014.0,1.0,0,0,1,6671,0,0,0,0,0.0,0.0
0,0.0,6950,0,0,0,0,0,0,3944,0.0,0.0,0,0,0,0,0.0,0,1,0,0,0,0.3367455964322814,0,0.0,0,0.0,0,0,1992.4698238572912,0.0,0,0,1,7349,0,0,0,0,0.0,0.0
0,0.0,9135,0,0,1,1,0,0,7969,0.0,0.0,0,0,0,0,0.0,0,7,0,0,0,0.0,1,0.0,1,0.0,0,0,1999.0,1.0,1,0,1,2599,0,0,0,0,0.0,0.0
0,0.0,5941,0,0,0,0,0,0,9337,0.0,0.0,0,0,0,0,0.0,0,1,0,0,0,1.0,1,0.0,0,0.0,0,0,2017.0,0.0,0,0,1,5600,0,0,0,0,0.0,0.0
0,0.0,7367,0,1,0,0,1,0,3944,0.0,0.0,0,1,0,0,0.0,0,1,0,0,0,0.0,0,0.0,0,0.0,0,0,2015.0,1.0,0,0,1,6024,0,0,0,0,0.0,0.0
0,0.0,7896,0,0,0,0,1,1,4655,0.0,0.0,0,0,0,0,0.0,0,1,0,0,1,1.0,0,0.0,1,0.0,0,0,2016.0,0.0,0,0,1,4615,0,0,0,0,0.0,0.0
0,0.0,3692,0,0,1,1,0,0,7969,0.0,0.0,0,0,0,0,0.0,0,7,0,0,0,0.0,1,0.0,1,0.0,0,0,1999.0,1.0,1,0,1,3394,0,0,0,0,0.0,0.0
0,0.0,8077,0,0,0,0,0,0,7694,0.0,0.0,0,0,0,0,0.0,0,4,0,0,0,1.0,0,0.0,0,0.0,0,0,2002.0,0.0,0,0,1,2380,0,0,0,0,0.0,0.0
0,0.0,5354,0,0,0,0,0,0,4096,0.0,0.0,0,0,0,0,0.0,0,1,0,0,0,0.0,1,0.0,0,0.0,0,0,2011.0,1.0,0,0,1,1176,0,0,1,0,0.0,0.0
0,0.0,9222,0,0,0,0,0,0,3543,0.0,0.0,0,0,0,0,0.0,0,2,0,0,0,0.0,0,0.0,0,0.0,0,0,2016.0,1.0,0,0,1,7234,0,0,0,0,0.0,0.0
0,0.0,5618,0,0,0,0,1,1,4466,0.0,0.0,0,0,0,0,0.0,0,1,0,0,0,0.0,0,0.0,0,0.0,0,0,2018.0,1.0,0,0,1,2537,0,0,0,0,0.0,0.0
0,0.0,5802,0,0,0,0,0,0,6044,0.0,0.0,0,0,0,0,0.0,0,2,0,0,0,1.0,1,0.0,1,0.0,1,0,2019.0,0.0,0,0,1,3503,0,0,0,0,0.0,0.0
0,0.0,1953,0,0,0,0,0,0,6044,0.0,0.0,0,0,0,0,0.0,0,1,0,0,0,0.0,0,0.0,0,0.0,0,0,2020.0,0.0,0,0,1,8776,0,0,0,0,1.0,0.0
0,0.0,4872,0,0,0,0,0,0,8646,0.0,0.0,0,0,0,1,0.0,0,3,0,0,0,0.0,0,0.0,0,0.0,0,0,2021.0,1.0,0,0,1,3156,0,0,0,0,0.0,0.0
0,0.0,1876,0,0,0,0,0,0,9337,0.0,0.0,0,2,0,0,0.0,0,1,0,0,1,1.0,0,0.0,0,0.0,0,0,2015.0,0.0,0,0,1,5443,0,0,0,0,0.0,0.0
0,0.0,5768,0,0,0,0,0,0,1723,0.0,0.0,0,1,0,0,0.0,0,1,0,0,0,0.0,0,0.0,0,0.0,0,0,2021.0,1.0,0,0,1,2401,0,0,0,0,0.0,0.0
0,0.0,7965,0,0,0,0,0,0,3944,0.0,0.0,0,1,1,0,0.0,0,1,0,0,0,0.0,0,0.0,0,0.0,0,0,2016.0,1.0,0,0,1,8050,0,0,0,0,0.0,0.0
0,0.0,1969,0,0,0,0,0,0,1325,0.0,0.0,0,0,0,0,0.0,0,1,0,0,0,0.0,0,0.0,0,0.0,0,0,2012.0,1.0,0,0,1,5684,0,0,0,0,0.0,0.0
0,0.0,2662,0,0,0,0,0,0,3543,0.0,0.0,0,0,0,0,0.0,0,2,0,0,0,0.0,0,0.0,0,0.0,0,0,2018.0,0.0,0,0,1,4605,0,0,0,0,1.0,0.0
0,0.0,6009,0,1,0,0,0,0,9337,0.0,0.0,0,0,0,0,0.0,0,1,0,0,0,1.0,0,0.0,0,0.0,0,0,2018.0,0.0,0,0,1,9620,0,0,0,0,0.0,0.0
0,0.0,7317,0,0,0,0,0,0,6582,0.0,0.0,0,0,0,0,0.0,0,1,0,0,0,0.0,0,0.0,0,0.0,0,0,2017.0,1.0,0,0,1,1079,0,0,0,0,0.0,0.0
0,0.0,7570,0,0,0,0,1,0,9337,0.0,0.0,0,0,1,0,0.0,0,3,0,0,0,1.0,0,0.0,0,0.0,0,0,2018.0,0.0,0,0,1,4294,0,0,0,0,0.0,0.0
0,0.0,2808,0,0,0,0,0,0,4466,0.0,0.0,0,0,0,0,0.0,0,1,0,0,0,0.0,0,0.0,0,0.0,0,0,2018.2566309989975,1.0,0,0,1,4540,0,0,0,0,0.0,0.0
0,0.0,6824,0,0,1,1,0,0,7969,0.0,0.0,0,0,0,0,0.0,0,7,0,0,0,0.0,1,0.0,1,0.0,0,0,1999.0,1.0,1,0,1,8178,0,0,0,0,0.0,0.0
0,0.0,6446,0,0,0,0,0,0,9337,0.0,0.0,0,0,0,0,0.0,0,2,0,0,0,0.0,0,0.0,0,0.5822913285657217,0,0,2020.4177086714342,0.0,0,0,1,1256,0,0,0,0,0.0,0.0
0,0.0,6326,0,0,0,0,1,0,6044,0.0,0.0,0,0,0,0,0.0,0,6,0,0,0,0.0,0,0.0,1,0.0,0,0,2015.0,1.0,0,0,1,4202,0,0,0,0,0.0,0.0
0,0.0,3055,0,0,0,0,0,0,9337,0.0,0.0,0,0,0,0,0.0,0,1,0,0,0,1.0,1,0.0,0,0.0,0,0,2017.0,0.0,0,0,1,2628,0,0,0,0,0.0,0.0
0,0.0,5103,0,0,0,0,0,0,5288,0.0,0.0,0,0,0,0,0.0,0,3,0,0,0,1.0,1,0.0,0,0.0,0,0,2021.0,0.0,0,0,1,2187,0,0,0,0,0.0,0.0
0,0.0,6504,0,0,0,0,0,0,9337,0.0,0.0,0,0,0,0,0.0,0,2,0,0,0,0.5915383870876355,0,0.0,0,0.0,0,0,2018.8169232258247,0.4084616129123645,0,0,1,6760,0,0,0,0,0.0,0.0
0,0.0,8912,0,0,0,0,0,0,9337,0.0,0.0,0,0,0,0,0.0,0,1,0,0,0,0.0,0,0.0,0,0.0,0,0,2003.0,1.0,0,0,1,3704,0,0,0,0,0.0,0.0
0,0.0,2454,0,0,0,0,0,0,6582,0.0,0.0,0,0,0,0,0.0,0,1,0,0,0,0.0,0,0.0,0,0.0,0,0,2017.0,1.0,0,0,1,1040,0,0,0,0,0.0,0.0
0,0.0,5629,0,0,0,0,0,0,7603,0.0,0.0,0,1,0,0,0.0,0,1,0,0,0,0.0,0,0.0,0,0.0,1,0,2014.0,1.0,0,0,1,9159,0,0,0,0,0.0,0.0
0,0.0,8426,0,0,0,0,0,0,6044,0.0,0.0,0,0,0,0,0.0,0,2,0,0,0,0.0,0,0.0,0,1.0,0,1,2020.0,0.0,0,0,1,2137,0,0,0,0,0.0,0.0
0,0.0,2970,0,1,0,0,0,0,9304,0.0,0.0,0,0,0,0,0.0,0,1,0,0,0,0.0,0,0.0,0,0.0,0,0,2018.0,1.0,0,0,1,6320,0,0,0,0,0.0,0.0
0,0.0,8349,0,0,0,0,0,0,8646,0.0,0.0,0,0,0,1,0.0,0,3,0,0,0,0.0,0,0.0,0,0.0,0,0,2021.0,1.0,0,0,1,3052,0,0,0,0,0.0,0.0
0,0.0,4240,0,0,0,2,0,0,3543,0.0,0.0,0,0,0,0,0.0,0,4,0,0,1,0.0,1,0.0,0,0.0,0,1,2017.0,1.0,1,0,1,6709,0,0,0,0,0.0,0.0
0,0.0,2275,0,0,0,0,0,1,3654,0.0,0.0,1,0,0,0,0.0,0,1,0,0,0,0.0,0,0.0,0,0.0,0,0,2011.0,1.0,0,0,1,6231,0,0,0,0,0.0,0.0
0,0.0,5671,0,0,0,0,0,0,8646,0.0,0.0,0,0,0,1,0.0,0,3,0,0,0,0.0,0,0.0,0,0.0,0,0,2021.0,1.0,0,0,1,8040,0,0,0,0,0.0,0.0
0,0.0,9840,0,1,0,0,0,0,4466,0.0,0.0,0,1,0,0,0.0,0,1,0,0,0,0.0,0,0.0,0,0.0,0,0,2016.0,1.0,0,0,1,7021,0,0,0,0,0.0,0.0
0,0.0,3845,0,0,0,0,0,0,4096,0.0,0.0,0,0,0,0,0.0,0,2,0,0,0,0.0,0,0.0,0,0.0,0,0,2017.0,0.0,0,0,1,3503,0,0,0,0,1.0,0.0
0,0.0,8003,0,0,0,0,0,0,9337,0.0,0.0,0,0,0,0,0.0,0,2,0,0,0,0.0,0,0.0,0,1.0,0,0,2020.0,0.0,0,0,1,3903,0,0,1,0,0.0,0.0
0,0.0,5574,0,0,0,0,0,0,5288,1.0,0.0,0,0,0,0,0.0,0,4,0,0,0,0.0,0,0.0,0,0.0,0,0,2020.0,0.0,1,0,1,4820,0,0,0,0,0.0,0.0
0,0.0,5472,0,0,0,1,0,0,1723,0.0,0.0,1,0,0,0,0.0,0,3,0,0,0,0.0,0,0.0,0,0.0,0,0,2016.0,1.0,1,0,1,2604,0,0,0,0,0.0,0.0
0,0.0,9096,0,0,0,0,0,0,6582,0.0,0.0,0,0,0,0,0.0,0,1,0,0,0,0.0,0,0.0,0,0.0,0,0,2017.0,1.0,0,0,1,1504,0,0,0,0,0.0,0.0
0,0.0,7816,0,0,0,0,0,0,9337,0.0,0.0,0,0,0,0,0.0,0,3,0,0,0,0.0,0,0.0,0,0.0,0,0,2012.0,1.0,0,0,1,5610,0,0,0,0,0.0,0.0
0,0.0,3445,0,0,0,0,0,0,1325,0.0,0.0,0,0,0,0,0.0,0,1,0,0,0,0.0,0,0.0,0,0.0,0,0,2010.0,1.0,0,0,1,4931,0,0,0,0,0.0,0.0
0,0.0,9279,0,0,0,0,0,0,9337,0.0,0.0,0,0,0,0,0.0,0,3,0,0,0,0.0,0,0.0,0,0.0,0,0,2012.0,1.0,0,0,1,3951,0,0,0,0,0.0,0.0
0,0.0,8533,0,0,0,0,0,0,6304,0.0,0.0,1,2,0,0,0.0,0,3,0,0,1,0.0,0,0.0,0,0.0,0,0,2015.0,0.0,0,0,1,2335,0,0,1,0,0.0,0.0
0,0.0,6274,0,0,0,2,0,0,3543,0.0,0.0,0,0,0,0,0.0,0,4,0,0,1,0.0,1,0.0,0,0.0,0,1,2017.0,1.0,1,0,1,6709,0,0,0,0,0.0,0.0
0,0.0,2947,0,0,0,0,0,0,3543,0.0,0.0,0,0,0,0,0.0,0,1,0,0,0,1.0,0,0.0,0,0.0,0,0,2015.0233573957598,0.0,0,0,1,1623,0,0,0,0,0.0,0.0
0,0.0,2655,0,0,0,0,0,0,9337,0.0,0.0,0,0,0,0,0.0,0,1,0,0,0,0.0,0,0.0,0,0.0,0,0,2020.0,0.0,0,0,1,7250,0,0,0,0,1.0,0.0
0,0.0,3326,0,0,0,0,0,0,9337,0.0,0.0,0,0,0,0,0.0,0,2,0,0,0,1.0,0,0.0,0,0.0,0,0,2019.8803850307843,0.0,0,0,1,2808,0,0,0,0,0.0,0.0
0,0.0,8693,0,0,0,0,0,1,6692,0.0,0.0,0,0,0,0,0.0,0,1,0,0,0,0.0,0,0.0,0,0.0,0,0,2016.0,1.0,0,0,1,9096,0,0,0,0,0.0,0.0
0,0.0,4773,0,0,0,0,0,0,6044,0.0,0.0,0,0,0,0,0.0,0,2,0,0,0,1.0,1,0.0,1,0.0,1,0,2019.0,0.0,0,0,1,9874,0,0,0,0,0.0,0.0
0,0.0,1159,0,0,0,0,1,0,9304,0.0,0.0,0,1,0,0,0.0,0,1,0,0,0,0.0,0,0.0,0,0.0,0,0,2017.0,1.0,0,0,1,6993,0,0,0,0,0.0,0.0
0,0.0,6685,0,0,0,0,0,0,6044,0.0,0.0,0,0,0,0,0.0,0,8,0,0,0,0.0,0,0.0,0,0.719014192791371,0,0,1998.4626735657985,0.280985807208629,0,0,1,5401,0,0,0,0,0.0,0.0
0,0.0,6365,0,0,0,0,0,0,9337,0.0,0.0,0,1,0,0,0.0,0,1,0,0,0,0.0,0,0.0,0,0.0,0,0,2011.0,1.0,0,0,1,7655,0,0,0,0,0.0,0.0
0,0.0,9035,0,0,0,0,0,0,7969,0.0,0.0,0,0,0,0,0.0,0,6,0,0,0,0.02020086971168311,0,0.0,0,0.0,0,0,1999.383816524522,0.9797991302883169,0,0,1,2243,0,0,0,0,0.0,0.0
0,0.0,4352,0,0,0,0,0,0,9337,0.0,0.0,0,0,0,1,0.0,0,1,0,0,1,0.0,0,0.0,0,0.0,0,0,2019.0,0.0,0,0,1,6209,0,0,0,0,0.0,0.0
0,0.0,5842,0,0,0,0,0,0,6044,0.0,0.0,0,0,0,1,0.0,0,2,0,0,0,0.0,0,0.0,0,0.0,0,0,2018.0,0.0,0,0,1,7604,0,0,0,0,1.0,0.0
0,0.0,9636,0,0,0,0,1,0,7694,0.0,0.0,0,0,0,0,0.0,0,1,0,0,0,1.0,1,0.0,0,0.0,0,0,2020.0,0.0,0,0,1,2172,0,0,0,0,0.0,0.0
0,0.0,7102,0,0,0,0,0,0,4096,0.0,0.0,0,0,0,0,0.0,0,3,0,0,0,0.0,0,0.0,0,0.0,0,0,1998.0,1.0,1,0,1,4191,0,0,0,0,0.0,0.0
0,0.0,9397,0,0,0,0,1,0,1818,0.0,0.0,0,0,0,0,0.0,0,2,0,0,0,0.0,0,0.0,0,0.0,0,0,2017.0,1.0,0,0,1,3003,0,0,0,0,0.0,0.0
0,0.0,7162,0,0,0,0,0,0,1325,0.0,0.0,0,0,0,0,0.0,0,1,0,0,0,0.9046679642251627,0,0.0,0,0.0,0,0,2019.0953320357748,0.09533203577483729,0,0,1,7192,0,0,0,0,0.0,0.0
0,0.0,6373,0,0,0,0,1,0,9337,0.0,0.0,0,0,1,0,0.0,0,3,0,0,0,1.0,0,0.0,0,0.0,0,0,2018.0,0.0,0,0,1,9590,0,0,0,0,0.0,0.0
0,0.0,1727,0,0,0,0,0,0,1325,0.0,0.0,0,0,0,0,0.0,0,1,0,0,0,0.0,0,0.0,0,0.0,0,0,2010.3523215389228,1.0,0,0,1,3494,0,0,1,0,0.0,0.0
0,0.0,8487,0,0,0,0,0,0,1325,0.0,0.0,0,1,0,0,0.0,0,1,0,0,0,1.0,0,0.0,0,0.0,0,0,2021.0,0.0,0,0,1,1862,0,0,0,0,0.0,0.0
0,0.0,8596,0,0,0,0,0,0,6582,0.0,0.0,0,0,0,0,0.0,0,1,0,0,0,0.0,0,0.0,0,0.0,0,0,2019.0,1.0,0,0,1,1040,0,0,0,0,0.0,0.0
0,0.0,9668,0,0,0,0,0,0,6044,0.0,0.0,0,0,0,0,0.0,0,2,0,0,0,1.0,1,0.0,1,0.0,1,0,2019.0,0.0,0,0,1,3445,0,0,0,0,0.0,0.0
0,0.0,1964,0,0,0,0,0,0,6582,0.0,0.0,0,0,0,0,0.0,0,1,0,0,0,0.0,0,0.0,0,0.0,0,0,2017.0,1.0,0,0,1,9599,0,0,0,0,0.0,0.0
0,0.0,7817,0,0,0,0,0,0,5057,0.0,0.0,0,0,0,0,0.0,0,2,0,0,0,1.0,0,0.0,0,0.0,0,0,2018.0,0.0,0,0,1,2793,0,0,0,0,0.0,0.0
0,0.0,7728,0,0,0,0,0,0,9337,0.0,0.0,0,0,1,0,0.0,0,1,0,0,0,1.0,0,0.0,0,0.0,0,1,2018.0,0.0,0,0,1,6608,0,0,1,0,0.0,0.0
0,0.0,9459,0,0,0,0,1,0,9337,0.0,0.0,0,0,1,0,0.0,0,3,0,0,0,1.0,0,0.0,0,0.0,0,0,2018.0,0.0,0,0,1,7962,0,0,0,0,0.0,0.0
0,0.0,7457,0,0,0,0,0,0,6692,0.0,0.0,0,0,0,0,0.0,0,1,0,0,0,1.0,1,0.0,0,0.0,0,0,2019.0,0.0,0,0,1,2580,0,0,1,0,0.0,0.0
0,0.0,8230,0,0,0,0,0,0,3543,0.0,0.0,0,1,0,0,0.0,0,1,0,0,0,1.0,0,0.0,0,0.0,0,0,2017.0,0.0,0,0,1,9721,0,0,0,0,0.0,0.0
0,0.0,9087,0,0,0,0,0,0,9337,0.0,0.0,0,0,1,0,0.0,0,2,0,0,0,1.0,0,0.0,0,0.0,0,1,2019.0,0.0,0,0,1,2439,0,0,0,0,0.0,0.0
0,0.0,1630,0,0,0,0,0,0,9337,0.0,0.0,0,0,0,0,0.0,0,2,0,0,0,0.5021795434876392,0,0.0,0,0.0,0,0,2020.0,0.49782045651236084,0,0,1,1814,0,0,0,0,0.0,0.0
0,0.0,1541,0,0,0,0,0,0,4466,0.0,0.0,0,0,0,0,0.0,0,1,0,0,0,0.0,0,0.0,0,0.0,0,0,2015.0,1.0,0,0,1,2599,0,0,0,0,0.0,0.0
0,0.0,1493,0,0,0,0,0,0,9337,0.0,0.0,0,0,0,0,0.0,0,1,0,0,1,1.0,0,0.0,0,0.0,0,0,2018.7555267694127,0.0,0,0,1,6522,0,0,0,0,0.0,0.0
0,0.0,9785,0,0,0,0,0,0,1325,0.0,0.0,0,0,1,0,0.0,0,1,0,0,1,0.0,0,0.0,0,0.0,0,0,2015.0,1.0,0,0,1,9396,0,0,0,0,0.0,0.0
0,0.0,9192,0,0,0,0,0,0,4096,0.0,0.0,0,0,0,0,0.0,0,2,0,0,0,0.0,0,0.0,0,0.0,0,0,1999.0,0.0,0,0,1,5012,0,0,1,0,1.0,0.0
0,0.0,3946,0,0,0,0,0,0,1325,0.0,0.0,0,1,0,0,0.0,0,1,0,0,0,1.0,0,0.0,0,0.0,0,0,2021.0,0.0,0,0,1,1874,0,0,0,0,0.0,0.0
0,0.0,9861,0,0,0,0,0,0,6582,0.0,0.0,0,0,0,0,0.0,0,1,0,0,0,0.0,0,0.0,0,0.0,0,0,2017.0,1.0,0,0,1,9198,0,0,0,0,0.0,0.0
0,0.0,1135,0,0,0,0,0,0,1325,0.0,0.0,0,0,0,0,0.0,0,1,0,0,0,0.0,0,0.0,0,0.0,0,0,2010.0,1.0,0,0,1,8512,0,0,0,0,0.0,0.0
0,0.0,4316,0,0,0,0,0,0,9337,0.0,0.0,0,0,0,0,0.0,0,1,0,0,0,1.0,1,0.0,0,0.0,0,0,2017.0,0.0,0,0,1,3395,0,0,0,0,0.0,0.0
0,0.0,5802,0,0,0,0,0,0,6044,0.0,0.0,0,0,0,0,0.0,0,2,0,0,0,1.0,1,0.0,1,0.0,1,0,2019.0,0.0,0,0,1,3503,0,0,0,0,0.0,0.0
0,0.0,3503,0,0,0,0,0,0,9337,0.0,0.0,0,0,0,0,0.0,0,2,0,0,0,0.0,0,0.0,0,0.46812956524445626,0,1,2017.1274817390222,0.5318704347555437,0,0,1,1901,0,0,0,0,0.0,0.0
0,0.0,1188,0,0,0,0,0,0,9337,0.0,0.0,0,0,0,0,0.0,0,1,0,0,0,1.0,1,0.0,0,0.0,0,0,2017.0,0.0,0,0,1,6423,0,0,0,0,0.0,0.0
0,0.0,1925,0,0,0,0,0,0,3543,0.0,0.0,0,0,0,0,0.0,0,2,0,0,0,0.0,0,0.0,1,0.0,0,0,2019.0,0.0,0,0,1,8818,0,0,0,0,0.0,0.0
0,0.0,5789,0,1,0,0,1,0,5057,0.0,0.0,0,0,0,0,0.0,0,1,0,0,0,1.0,0,0.0,0,0.0,0,0,2017.0,0.0,0,0,1,5172,0,0,0,0,0.0,0.0
0,0.0,6262,0,0,0,0,0,0,9337,0.0,0.0,0,0,0,0,0.0,0,1,0,0,1,0.5730796698419633,0,0.0,0,0.0,0,0,2015.4500357079455,0.42692033015803665,0,0,1,3247,0,0,0,0,0.0,0.0
0,0.0,7832,0,0,0,0,0,0,1325,0.0,0.0,0,0,0,0,0.0,0,1,0,0,0,0.0,0,0.0,0,0.0,0,0,2011.2361569405575,1.0,0,0,1,2113,0,0,0,0,0.0,0.0
0,0.0,7184,0,1,0,0,0,0,4466,0.0,0.0,0,0,0,0,0.0,0,1,0,0,1,1.0,0,0.0,0,0.0,0,0,2017.0,0.0,0,0,1,2190,0,0,0,0,0.0,0.0
0,0.0,1224,0,0,0,0,0,0,1325,0.0,0.0,0,0,0,0,0.0,0,1,0,0,0,1.0,0,0.0,0,0.0,0,0,2021.0,0.0,0,0,1,7095,0,0,0,0,0.0,0.0
0,0.0,7439,0,0,0,0,0,0,6762,0.0,0.0,0,1,0,0,0.0,0,1,0,0,0,0.0,0,0.0,0,0.0,0,0,2012.0,0.0,0,0,1,3503,0,0,0,0,0.0,0.0
0,0.0,9414,0,0,0,0,0,0,5288,1.0,0.0,0,0,0,0,0.0,0,1,0,0,0,0.0,1,0.0,0,0.0,0,0,2020.0,0.0,0,0,1,3499,0,0,0,0,0.0,0.0
0,0.0,3970,0,0,0,0,0,0,9337,0.0,0.0,0,0,0,0,0.0,0,1,0,0,0,1.0,0,0.0,0,0.0,0,0,2016.4369781291718,0.0,0,0,1,4666,0,0,0,0,0.0,0.0
0,0.0,9910,0,0,0,0,0,1,5288,0.0,0.0,0,0,0,1,0.0,0,1,0,0,0,0.0,0,0.0,0,0.0,0,0,2017.0,1.0,0,0,1,3784,0,0,0,0,0.0,0.0
0,0.0,7265,0,0,0,0,0,1,6304,0.0,0.0,1,0,0,0,0.0,0,1,1,0,0,1.0,0,0.0,0,0.0,0,0,2014.0,0.0,0,0,1,5972,0,0,0,0,0.0,0.0
0,0.0,1816,0,0,0,0,1,0,6044,1.0,0.0,0,0,0,0,0.0,0,1,0,0,0,0.0,1,0.0,0,0.0,0,0,2021.0,0.0,0,0,1,1099,0,0,0,0,0.0,0.0
0,0.0,1467,0,0,0,0,1,0,3543,0.0,0.0,0,0,0,0,0.0,0,5,0,0,0,1.0,0,0.0,0,0.0,0,1,2021.0,0.0,0,0,1,4190,0,0,0,0,0.0,0.0
0,0.0,2543,0,0,0,0,0,0,4096,0.0,0.0,0,0,0,0,0.0,0,1,0,0,0,0.0,1,0.0,0,0.0,0,0,2013.0,1.0,1,0,1,3825,0,0,0,0,0.0,0.0
0,0.0,4438,0,0,0,0,0,0,3543,0.0,0.0,0,0,0,0,0.0,0,12,0,0,0,1.0,0,0.0,0,0.0,0,0,2018.0,0.0,0,0,1,1060,0,0,0,0,0.0,0.0
0,0.0,9145,0,0,0,0,0,0,4096,0.0,0.0,0,0,0,0,0.0,0,2,0,0,0,0.0,0,0.0,0,0.0,0,0,1999.0,0.0,0,0,1,6436,0,0,1,0,1.0,0.0
0,0.0,9151,0,0,0,0,0,0,6692,0.0,0.0,0,0,0,0,0.0,0,1,0,0,0,1.0,1,0.0,0,0.0,0,0,2021.0,0.0,0,0,1,8149,0,0,0,0,0.0,0.0
0,0.0,7055,0,0,0,0,0,1,3325,0.0,0.0,0,0,0,0,0.0,0,2,0,0,0,0.0,0,0.0,0,0.0,0,0,2019.0,1.0,0,0,1,1190,0,0,0,0,0.0,0.0
0,0.0,1830,0,0,0,0,0,0,4466,0.0,0.0,0,0,0,0,0.0,0,1,0,0,0,0.0,0,0.0,0,0.0,0,0,2015.0,1.0,0,0,1,6115,0,0,0,0,0.0,0.0
0,0.0,8497,0,0,0,0,0,0,5288,0.0,0.0,0,0,0,1,0.0,0,1,0,0,0,1.0,0,0.0,1,0.0,0,0,2020.0,0.0,0,0,1,8180,1,0,0,0,0.0,0.0
0,0.0,4525,0,0,0,0,0,0,9337,0.0,0.0,0,0,0,0,0.0,0,3,0,0,0,1.0,0,0.0,0,0.0,0,0,2020.0,0.0,0,0,1,4666,0,0,0,0,0.0,0.0
0,0.0,8521,0,0,0,0,0,0,1325,0.0,0.0,0,1,0,0,0.0,0,1,0,0,0,1.0,0,0.0,0,0.0,0,0,2021.0,0.0,0,0,1,1862,0,0,0,0,0.0,0.0
0,0.0,1244,0,0,0,0,0,0,9337,1.0,0.0,0,0,0,1,0.0,0,3,0,0,0,0.0,0,0.0,0,0.0,0,0,2019.0,0.0,0,0,1,8669,0,0,0,0,0.0,0.0
0,0.0,4875,0,0,0,0,0,0,7969,0.0,0.0,0,0,0,0,0.0,0,6,0,0,0,0.03298828140771182,0,0.0,0,0.0,0,0,1999.6597656281542,0.9670117185922882,0,0,1,9243,0,0,0,0,0.0,0.0
0,0.0,4421,0,0,0,0,0,0,8040,0.0,0.0,0,0,0,0,0.0,0,1,0,0,0,0.0,0,0.0,0,0.0,0,0,2020.0,0.0,0,0,1,2246,0,0,0,0,1.0,0.0
0,0.0,1243,0,0,0,0,1,1,4096,0.0,0.0,0,0,1,0,0.0,0,1,0,0,1,0.0,0,0.0,0,0.0,0,0,2016.0,0.0,0,0,1,3651,0,0,0,0,0.0,0.0
0,0.0,4047,0,1,0,0,0,0,8361,0.0,0.0,0,0,0,0,0.0,0,1,0,0,0,1.0,0,0.0,0,0.0,0,0,2016.0,0.0,0,0,1,4325,0,0,0,0,0.0,0.0
0,0.0,4384,0,0,0,0,1,0,1818,0.0,0.0,0,0,0,0,0.0,0,2,0,0,0,0.0,0,0.0,0,0.0,0,0,2017.0,1.0,0,0,1,8620,0,0,0,0,0.0,0.0
0,0.0,1933,0,0,0,1,0,0,3543,0.0,0.0,0,0,0,0,0.0,0,3,0,0,0,0.07464601127727877,0,0.0,0,0.0,0,1,2017.0,0.9253539887227212,0,0,1,6707,0,0,0,0,0.0,0.0
0,0.0,6992,0,0,0,0,0,0,1856,0.0,0.0,0,0,0,0,0.0,0,1,0,0,1,0.0,0,0.0,0,1.0,0,0,2017.0,0.0,0,0,1,7490,0,0,0,0,0.0,0.0
0,0.0,1847,0,0,0,0,0,0,9337,0.0,0.0,0,0,0,0,0.0,0,3,0,0,0,0.2626064888596027,0,0.0,0,0.7373935111403973,0,0,2016.0504259554384,0.0,0,0,1,2644,0,0,0,0,0.0,0.0
0,0.0,6774,0,0,0,0,0,0,6044,0.0,0.0,0,0,0,0,0.0,0,8,0,0,0,0.06222944019862575,0,0.0,0,0.0,0,0,2018.1244588803972,0.9377705598013742,0,0,1,1960,0,0,0,0,0.0,0.0
0,0.0,5041,0,0,0,0,0,0,7694,0.0,0.0,0,0,0,0,0.0,0,2,1,0,0,1.0,0,0.0,0,0.0,0,0,2019.0,0.0,0,0,1,2793,0,0,0,0,0.0,0.0
0,0.0,7772,0,0,0,0,0,0,7969,0.0,0.0,0,0,0,0,0.0,0,2,0,0,0,0.0,0,0.0,0,1.0,0,0,2016.0,0.0,0,0,1,8645,0,0,0,0,0.0,0.0
0,0.0,3049,0,0,0,0,0,0,1325,0.0,0.0,0,1,0,0,0.0,0,1,0,0,0,1.0,0,0.0,0,0.0,0,0,2021.0,0.0,0,0,1,1862,0,0,0,0,0.0,0.0
0,0.0,3161,0,0,0,0,0,0,3543,0.0,0.0,0,0,0,0,0.0,0,4,0,0,0,1.0,0,0.0,0,0.0,0,1,2020.0,0.0,0,0,1,1079,0,0,0,0,0.0,0.0
0,0.0,3046,0,0,0,0,0,0,6044,0.0,0.0,0,0,0,0,0.0,0,2,0,0,0,1.0,1,0.0,1,0.0,1,0,2019.0,0.0,0,0,1,4569,0,0,0,0,0.0,0.0
0,0.0,7035,0,0,0,0,0,0,6304,0.0,0.0,0,0,0,0,0.0,0,2,0,0,0,0.0,0,0.0,1,0.0,0,0,2015.0,1.0,0,0,1,2382,0,0,0,0,0.0,0.0
0,0.0,4122,0,0,1,1,0,0,7969,0.0,0.0,0,0,0,0,0.0,0,7,0,0,0,0.0,1,0.0,1,0.0,0,0,1999.0,1.0,1,0,1,2636,0,0,0,0,0.0,0.0
0,0.0,6342,0,0,0,2,0,0,3543,0.0,0.0,0,0,0,0,0.0,0,4,0,0,1,0.0,1,0.0,0,0.0,0,1,2017.0,1.0,1,0,1,6709,0,0,0,0,0.0,0.0
0,0.0,1134,0,0,0,0,0,0,1325,0.0,0.0,0,0,0,0,0.0,0,4,0,0,0,0.0,0,0.0,0,1.0,0,1,2015.0,0.0,0,0,1,4094,0,0,0,0,0.0,0.0
0,0.0,6849,0,0,0,0,1,0,2644,0.0,0.0,0,1,0,0,0.0,0,3,0,0,1,0.0,0,0.0,0,0.0,0,0,2021.0,1.0,0,0,1,9105,0,0,0,0,0.0,0.0
0,0.0,1311,0,0,0,1,1,0,1723,0.0,0.0,0,0,0,0,0.0,0,3,0,0,0,1.0,1,0.0,0,0.0,0,0,2015.0,0.0,2,0,1,2457,0,0,0,0,0.0,0.0
0,0.0,7260,0,0,0,1,0,0,4096,0.0,0.0,0,0,0,0,0.0,0,2,0,0,0,0.0,0,0.0,0,0.0,0,0,2017.0,1.0,2,0,1,6803,0,0,1,0,0.0,0.0
0,0.0,8237,0,0,0,1,1,0,1723,0.0,0.0,0,0,0,0,0.0,0,3,0,0,0,1.0,1,0.0,0,0.0,0,0,2015.0,0.0,2,0,1,2612,0,0,0,0,0.0,0.0
0,0.0,8929,0,0,0,0,0,0,9337,0.0,0.0,0,0,0,0,0.0,0,1,0,0,0,0.18719108028747855,0,0.0,0,0.0,0,0,2005.8078662043122,0.8128089197125214,0,0,1,9317,0,0,0,0,0.0,0.0
0,0.0,3546,0,0,0,0,0,0,9337,0.0,0.0,0,0,0,0,0.0,0,1,0,0,0,1.0,0,0.0,0,0.0,0,0,2014.5596526277493,0.0,0,0,1,6293,0,0,0,0,0.0,0.0
0,0.0,8574,0,0,0,0,0,0,9337,0.0,0.0,0,0,0,0,0.0,0,3,0,0,0,1.0,0,0.0,0,0.0,0,0,2020.5127611255161,0.0,0,0,1,6368,0,0,0,0,0.0,0.0
0,0.0,9712,0,0,0,0,0,0,9337,0.0,0.0,0,1,0,0,0.0,0,1,0,0,1,0.0,0,0.0,0,0.0,0,0,2016.0,1.0,0,0,1,5795,0,0,0,0,0.0,0.0
0,0.0,4963,0,0,0,0,1,0,6044,1.0,0.0,0,0,0,0,0.0,0,1,0,0,0,0.0,1,0.0,0,0.0,0,0,2021.0,0.0,0,0,1,4906,0,0,0,0,0.0,0.0
0,0.0,6194,0,1,0,0,0,1,9337,0.0,0.0,0,1,0,0,0.0,0,1,0,0,1,0.0,0,0.0,0,0.0,0,0,2011.0,1.0,0,0,1,8171,0,0,0,0,0.0,0.0
0,0.0,4855,0,0,0,0,0,0,9337,0.0,0.0,0,0,0,0,0.0,0,3,0,0,0,0.7116846016276949,0,0.0,0,0.0,0,0,2020.0,0.0,0,0,1,8377,0,0,0,0,0.0,0.0
0,0.0,2134,0,0,0,0,0,0,9337,0.0,0.0,0,0,0,0,0.0,0,3,0,0,0,0.0,0,0.0,0,0.0,0,1,2018.0,0.0,0,0,1,5997,0,0,0,0,0.0,0.0
0,0.0,3768,0,0,1,1,0,0,7969,0.0,0.0,0,0,0,0,0.0,0,7,0,0,0,0.0,1,0.0,1,0.0,0,0,1999.0,1.0,1,0,1,5450,0,0,0,0,0.0,0.0
0,0.0,1829,0,0,1,1,0,0,7969,0.0,0.0,0,0,0,0,0.0,0,7,0,0,0,0.0,1,0.0,1,0.0,0,0,1999.0,1.0,1,0,1,9128,0,0,0,0,0.0,0.0
0,0.0,6457,0,0,0,0,0,0,9337,0.0,0.0,0,0,0,0,0.0,0,1,0,0,0,0.0,0,0.0,0,0.0,0,0,2005.7133260386563,0.849259664519091,0,0,1,1513,0,0,0,0,0.0,0.0
0,0.0,9489,0,0,0,0,1,0,9337,0.0,0.0,0,0,1,0,0.0,0,3,0,0,0,1.0,0,0.0,0,0.0,0,0,2018.0,0.0,0,0,1,1760,0,0,0,0,0.0,0.0
0,0.0,9682,0,0,0,0,1,0,9337,0.0,0.0,0,0,1,0,0.0,0,3,0,0,0,1.0,0,0.0,0,0.0,0,0,2018.0,0.0,0,0,1,7173,0,0,0,0,0.0,0.0
0,0.0,8018,0,0,0,0,0,0,7967,0.0,0.0,0,0,0,0,0.0,0,6,0,0,0,0.006039988356817183,0,0.0,0,0.0,0,0,1999.1087197904228,0.9939600116431828,0,0,1,5699,0,0,0,0,0.0,0.0
0,0.0,6190,0,0,0,0,0,0,9337,0.0,0.0,0,0,0,0,0.0,0,1,0,0,0,0.0,0,0.0,0,0.0,0,0,2016.4936849903302,0.3895905566299769,0,0,1,8308,0,0,0,0,0.6104094433700231,0.0
0,0.0,4501,0,0,0,0,0,0,1325,0.0,0.0,0,1,0,0,0.0,0,1,0,0,0,1.0,0,0.0,0,0.0,0,0,2021.0,0.0,0,0,1,1862,0,0,0,0,0.0,0.0
0,0.0,5519,0,0,0,0,0,0,9337,0.0,0.0,0,0,1,0,0.0,0,1,0,0,1,0.0,0,0.0,0,0.0,0,0,2008.0,1.0,0,0,1,6642,0,0,0,0,0.0,0.0
0,0.0,7816,0,0,0,0,0,0,9337,0.0,0.0,0,0,0,0,0.0,0,3,0,0,0,0.0,0,0.0,0,0.0,0,0,2012.0,1.0,0,0,1,5610,0,0,0,0,0.0,0.0
0,0.0,1166,0,0,0,0,0,0,6296,0.0,0.0,0,0,0,0,0.0,0,1,0,0,0,1.0,0,0.0,0,0.0,0,0,2020.0,0.0,0,0,1,8087,0,0,0,0,0.0,0.0
0,0.0,9414,0,0,0,0,0,0,7969,1.0,0.0,0,0,0,0,0.0,0,1,0,0,0,0.0,1,0.0,0,0.0,0,0,2020.0,0.0,0,0,1,5483,0,0,0,0,0.0,0.0
0,0.0,1601,0,1,0,0,0,1,4096,0.0,0.0,0,1,0,0,0.0,0,1,0,0,1,0.0,0,0.0,0,0.0,0,0,2011.0,1.0,0,0,1,2604,0,0,0,0,0.0,0.0
0,0.0,3409,0,0,0,0,0,0,9337,0.0,0.0,0,0,0,0,0.0,0,3,0,0,0,0.0,0,0.0,0,1.0,0,0,2020.0,0.0,0,0,1,3705,0,0,0,0,0.0,0.0
0,0.0,4533,0,0,0,0,1,0,9337,0.0,0.0,0,0,1,0,0.0,0,3,0,0,0,1.0,0,0.0,0,0.0,0,0,2018.0,0.0,0,0,1,3350,0,0,0,0,0.0,0.0
0,0.0,2606,0,0,0,0,0,0,5288,1.0,0.0,0,0,0,0,0.0,0,4,0,0,0,0.0,0,0.0,0,0.0,0,0,2020.0,0.0,1,0,1,5879,0,0,0,0,0.0,0.0
0,0.0,7642,0,0,0,0,0,0,3325,0.0,0.0,1,1,0,0,0.0,0,1,0,0,0,0.0,0,0.0,0,0.0,0,0,2017.0,1.0,0,0,1,2211,0,0,0,0,0.0,0.0
0,0.0,8067,0,0,0,0,0,0,9337,0.0,0.0,0,0,0,0,0.0,0,1,0,0,0,1.0,0,0.0,0,0.0,0,0,2018.2317346430825,0.0,0,0,1,7819,0,0,0,0,0.0,0.0
0,0.0,3753,0,0,1,1,0,0,7969,0.0,0.0,0,0,0,0,0.0,0,7,0,0,0,0.0,1,0.0,1,0.0,0,0,1999.0,1.0,1,0,1,3382,0,0,0,0,0.0,0.0
0,0.0,6620,0,0,0,1,0,0,1818,0.0,0.0,0,0,0,0,0.0,0,2,0,0,0,1.0,0,0.0,0,0.0,0,0,2021.0,0.0,0,0,1,1429,0,0,0,0,0.0,0.0
0,1.0,8599,0,0,0,0,0,0,7356,0.0,0.0,0,0,0,0,0.0,0,1,0,0,0,0.0,0,0.0,1,0.0,0,0,2016.0,0.0,0,0,1,3586,0,0,0,0,0.0,0.0
0,0.0,7641,0,0,0,0,0,0,6044,0.0,0.0,0,0,0,0,0.0,0,4,0,0,0,0.0,0,0.0,0,0.0,0,0,1974.0,1.0,0,0,1,3037,0,0,0,0,0.0,0.0
0,0.0,1311,0,0,0,0,0,0,1723,0.0,0.0,0,0,0,0,0.0,0,1,0,0,0,0.0,0,0.0,0,0.0,0,0,2014.0,1.0,1,0,1,6673,0,0,0,0,0.0,0.0
0,0.0,4813,0,0,0,0,0,0,5397,0.0,0.0,0,0,0,0,0.0,0,4,0,0,0,0.0,0,0.0,1,0.0,0,0,2013.0,1.0,0,0,1,6062,0,0,0,0,0.0,0.0
0,0.0,9051,0,0,0,0,1,0,1818,0.0,0.0,0,0,0,0,0.0,0,2,0,0,0,0.0,0,0.0,0,0.0,0,0,2017.0,1.0,0,0,1,3863,0,0,0,0,0.0,0.0
0,0.0,9489,0,0,0,0,1,0,9337,0.0,0.0,0,0,1,0,0.0,0,3,0,0,0,1.0,0,0.0,0,0.0,0,0,2018.0,0.0,0,0,1,2481,0,0,0,0,0.0,0.0
0,0.0,5847,0,0,0,1,0,0,4096,0.0,0.0,0,0,0,0,0.0,0,1,0,0,0,0.0,0,0.0,0,0.0,0,1,2010.0,0.0,1,0,1,2005,0,0,0,0,0.0,0.0
0,0.0,8802,0,1,0,0,1,0,4034,0.0,0.0,0,0,0,0,0.0,0,1,0,0,0,1.0,0,0.0,0,0.0,0,0,2021.0,0.0,0,0,1,3874,0,0,0,1,0.0,0.0
0,0.0,6335,0,0,0,0,0,0,6044,0.0,1.0,0,0,0,0,0.0,0,1,0,0,0,0.0,0,0.0,0,0.0,0,0,2013.0,0.0,0,0,1,8373,0,0,0,0,0.0,0.0
0,0.0,5152,0,0,0,1,1,0,1723,0.0,0.0,0,0,0,0,0.0,0,3,0,0,0,1.0,1,0.0,0,0.0,0,0,2015.0,0.0,2,0,1,4660,0,0,0,0,0.0,0.0
0,0.0,7534,0,0,0,0,0,0,9304,0.0,0.0,0,0,0,0,0.0,0,1,1,0,0,0.0,0,0.0,0,0.0,0,0,2017.0,1.0,0,0,1,3218,0,0,0,0,0.0,0.0
0,0.0,4127,0,0,0,0,0,1,6304,0.0,0.0,1,0,0,0,0.0,0,1,1,0,0,1.0,0,0.0,0,0.0,0,0,2014.0,0.0,0,0,1,5972,0,0,0,0,0.0,0.0
0,0.0,6439,0,0,0,0,0,1,1325,0.0,0.0,0,0,0,0,0.0,0,1,0,0,0,0.0,1,0.0,0,0.0,0,0,2018.0,1.0,0,0,1,4346,0,0,0,0,0.0,0.0
0,0.0,4974,0,0,0,0,0,0,5057,0.0,0.0,0,0,0,0,0.0,0,2,0,0,0,1.0,0,0.0,0,0.0,0,1,2021.0,0.0,0,0,1,4315,0,0,0,0,0.0,0.0
0,0.0,6348,0,0,0,0,0,0,6044,0.0,0.0,0,0,0,1,0.0,0,10,0,0,0,0.0,0,0.0,0,0.0,0,1,1977.0,0.0,0,0,1,5270,0,0,0,0,0.0,0.0
0,0.0,1454,0,0,1,1,0,0,7969,0.0,0.0,0,0,0,0,0.0,0,7,0,0,0,0.0,1,0.0,1,0.0,0,0,1999.0,1.0,1,0,1,1738,0,0,0,0,0.0,0.0
0,0.0,9466,0,0,0,1,0,0,3654,0.0,0.0,0,1,0,0,0.0,0,1,0,0,1,0.0,0,0.0,0,0.0,0,0,2002.0,0.0,1,0,1,9143,0,0,0,0,0.0,0.0
0,0.0,6127,0,0,0,0,0,0,9337,0.0,0.0,0,0,0,0,0.0,0,1,0,0,0,0.0,0,0.0,0,0.0,0,0,2003.0,1.0,0,0,1,1641,0,0,0,0,0.0,0.0
0,0.0,9047,0,0,0,0,0,0,3543,0.0,0.0,0,0,0,0,0.0,0,2,0,0,0,0.0,0,0.0,1,0.0,0,0,2019.0,0.0,0,0,1,6712,0,0,0,0,0.0,0.0
0,0.0,9852,0,0,0,0,0,0,3325,0.0,0.0,0,0,0,0,0.0,0,1,0,0,0,0.0,0,0.0,0,0.0,0,0,2011.2805743846275,1.0,0,0,1,6900,0,0,0,0,0.0,0.0
0,0.0,7642,0,0,0,0,0,0,9337,0.0,0.0,0,0,0,0,0.0,0,1,0,0,0,1.0,0,0.0,0,0.0,0,0,2015.0,0.0,0,0,1,7380,0,0,0,0,0.0,0.0
0,0.0,2778,0,0,0,0,0,0,4466,0.0,0.0,0,0,0,0,0.0,0,1,0,0,0,0.0,0,0.0,0,0.0,0,0,2017.656672331168,1.0,0,0,1,4561,0,0,0,0,0.0,0.0
0,0.0,1582,0,0,0,0,0,0,1325,0.0,0.0,0,0,0,0,0.0,0,1,0,0,0,0.0,0,0.0,0,0.0,0,0,2018.0,1.0,0,0,1,8155,0,0,0,0,0.0,0.0
0,0.0,3996,0,0,0,0,0,0,1325,0.0,0.0,0,1,0,0,0.0,0,1,0,0,0,1.0,0,0.0,0,0.0,0,0,2021.0,0.0,0,0,1,1862,0,0,0,0,0.0,0.0
0,0.0,2275,0,0,0,0,0,0,3543,0.0,0.0,0,0,0,0,0.0,0,12,0,0,0,1.0,0,0.0,0,0.0,0,0,2018.0,0.0,0,0,1,3914,0,0,0,0,0.0,0.0
0,0.0,8739,0,0,0,0,0,1,1325,0.0,0.0,0,0,0,0,0.0,0,1,0,0,0,0.0,1,0.0,0,0.0,0,0,2018.0,1.0,0,0,1,7028,0,0,0,0,0.0,0.0
0,0.0,6790,0,0,0,0,0,0,3325,0.0,0.0,1,1,0,0,0.0,0,2,0,0,0,0.0,0,0.0,0,0.0,0,0,2020.0,1.0,0,0,1,8346,0,0,0,0,0.0,0.0
0,0.0,7534,0,0,0,0,0,0,8595,0.0,0.0,0,0,0,0,0.0,0,1,1,0,0,0.0,0,0.0,0,0.0,0,0,2017.0,1.0,0,0,1,4044,0,0,0,0,0.0,0.0
0,0.0,3804,0,0,0,0,1,0,6044,1.0,0.0,0,0,0,0,0.0,0,1,0,0,0,0.0,0,0.0,1,0.0,0,0,2021.0,0.0,0,0,1,8150,0,0,0,0,0.0,0.0
0,0.0,7162,0,0,0,0,0,0,4466,0.0,0.0,0,1,0,0,0.0,0,1,0,0,0,0.0,0,0.0,1,0.0,0,0,2019.0,1.0,0,0,1,7794,0,0,0,0,0.0,0.0
0,0.0,8346,0,0,0,0,0,0,9337,0.0,0.0,0,0,0,0,0.0,0,3,0,0,0,0.0,0,0.0,0,0.0,0,1,2018.0,0.0,0,0,1,9821,0,0,0,0,0.0,0.0
0,0.0,1755,0,0,0,0,0,0,3543,0.0,0.0,0,0,0,0,0.0,0,1,0,0,0,1.0,0,0.0,0,0.0,0,1,2017.0,0.0,0,0,1,6689,0,0,0,0,0.0,0.0
0,0.0,1931,0,0,0,0,0,1,4096,0.0,0.0,0,0,0,0,0.0,0,1,0,0,0,1.0,0,0.0,0,0.0,0,0,1995.0,0.0,0,0,1,3390,0,0,0,0,0.0,0.0
0,0.0,3780,0,0,0,0,0,0,6044,0.0,0.0,0,0,0,0,0.0,0,2,0,0,0,1.0,1,0.0,1,0.0,1,0,2019.0,0.0,0,0,1,2216,0,0,0,0,0.0,0.0
0,0.0,1995,0,0,0,0,1,0,5146,0.0,0.0,1,0,0,0,0.0,0,1,0,0,0,0.0,0,0.0,0,0.0,0,0,2018.0,0.0,0,0,1,9346,0,0,0,0,1.0,0.0
0,0.0,6290,0,0,0,0,0,0,7694,0.0,0.0,0,0,0,0,0.0,0,1,0,0,0,1.0,0,0.0,0,0.0,0,0,2017.0,0.0,0,0,1,3192,0,0,0,0,0.0,0.0
0,0.0,9036,0,0,1,1,0,0,7969,0.0,0.0,0,0,0,0,0.0,0,7,0,0,0,0.0,1,0.0,1,0.0,0,0,1999.0,1.0,1,0,1,2235,0,0,0,0,0.0,0.0
0,0.0,1375,0,0,0,0,0,0,4034,0.0,0.0,0,0,0,0,0.0,0,1,0,0,1,1.0,1,0.0,0,0.0,0,0,2021.0,0.0,0,0,1,7919,0,0,0,0,0.0,0.0
0,0.0,5089,0,0,0,0,0,0,7969,0.0,0.0,0,0,0,0,0.0,0,2,0,0,0,1.0,0,0.0,0,0.0,0,0,2016.0,0.0,0,0,1,4841,0,0,0,1,0.0,0.0
0,0.0,9451,0,0,0,0,0,0,1468,0.0,0.0,0,0,0,0,0.0,0,2,0,0,0,1.0,0,0.0,1,0.0,0,0,2015.0,0.0,0,0,1,5309,0,0,0,0,0.0,0.0
0,0.0,6681,1,0,0,0,0,0,7694,0.0,0.0,0,0,0,1,0.0,0,1,0,0,0,1.0,0,0.0,0,0.0,0,0,2020.0,0.0,0,0,1,8109,0,0,0,0,0.0,0.0
0,0.0,7813,0,0,0,0,0,0,3543,0.0,0.0,0,0,0,0,0.0,0,2,0,0,0,0.0,0,0.0,0,0.0,0,0,2018.0,0.0,0,0,1,8117,0,0,0,0,1.0,0.0
0,0.0,7424,0,0,0,0,1,1,6044,0.0,1.0,0,0,0,0,0.0,0,1,0,0,0,0.0,0,0.0,0,0.0,0,0,2004.0,0.0,0,0,1,6961,0,0,0,0,0.0,0.0
0,0.0,7259,0,0,0,0,0,0,7694,0.0,0.0,0,0,0,0,0.0,0,2,0,0,0,0.0,0,0.0,0,1.0,0,0,2016.0,0.0,0,0,1,4780,0,0,0,0,0.0,0.0
0,0.0,6204,0,0,0,0,0,0,3654,0.0,0.0,1,0,1,0,0.0,0,1,0,0,0,0.0,0,0.0,0,0.0,0,0,2012.0,1.0,0,0,1,8087,0,0,0,0,0.0,0.0
0,0.0,5924,0,0,0,0,0,0,1325,0.0,0.0,0,0,0,0,0.0,0,1,0,0,0,0.0,0,0.0,0,0.0,0,0,2015.0,1.0,0,0,1,1407,0,0,1,0,0.0,0.0
0,0.0,4379,0,0,0,0,0,0,6582,0.0,0.0,0,0,0,0,0.0,0,1,0,0,0,1.0,0,0.0,0,0.0,0,0,2015.0,0.0,1,0,1,9622,0,0,0,0,0.0,0.0
0,0.0,1665,0,0,0,0,0,0,1325,0.0,0.0,0,1,0,0,0.0,0,1,0,0,2,1.0,0,0.0,0,0.0,0,0,2020.0,0.0,0,0,1,4606,0,0,0,0,0.0,0.0
0,0.0,3046,0,0,0,0,0,0,6044,0.0,0.0,0,0,0,0,0.0,0,2,0,0,0,1.0,1,0.0,1,0.0,1,0,2019.0,0.0,0,0,1,4569,0,0,0,0,0.0,0.0
0,0.0,2925,0,1,0,0,0,0,9337,0.0,0.0,0,0,0,0,0.0,0,1,0,0,0,1.0,0,0.0,0,0.0,0,0,2019.0,0.0,0,0,1,4093,0,0,0,0,0.0,0.0
0,0.0,4856,0,0,0,0,0,0,3543,0.0,0.0,0,1,0,0,0.0,0,1,0,0,0,1.0,0,0.0,0,0.0,0,0,2017.0,0.0,0,0,1,1903,0,0,0,0,0.0,0.0
0,0.0,5311,0,0,0,0,0,0,1325,0.0,0.0,0,0,0,0,0.0,0,1,0,0,0,0.0,0,0.0,0,0.0,0,0,2015.0,1.0,0,0,1,1429,0,0,0,0,0.0,0.0
0,0.0,3491,0,0,0,0,0,0,6304,0.0,0.0,0,0,0,0,0.0,0,5,0,0,0,0.0,0,0.0,0,0.0,0,0,2018.0,1.0,0,0,1,1448,0,0,0,0,0.0,0.0
0,0.0,6693,0,0,0,1,0,1,3654,0.0,0.0,0,0,0,1,0.0,0,1,0,0,0,0.0,0,0.0,0,0.0,0,0,2016.0,1.0,2,0,1,4195,0,0,1,0,0.0,0.0
0,0.0,8108,0,0,0,0,1,0,9753,0.0,0.0,0,0,0,0,0.0,0,2,0,0,0,1.0,0,0.0,0,0.0,0,0,2018.0,0.0,0,0,1,8087,0,0,0,0,0.0,0.0
0,0.0,5371,0,1,0,0,0,0,4466,0.0,0.0,0,0,0,0,0.0,0,1,0,0,0,0.0,0,0.0,0,0.0,0,0,2018.0,1.0,0,0,1,6226,0,0,0,0,0.0,0.0
0,0.0,2334,0,0,0,0,0,0,9337,0.0,0.0,0,0,0,0,0.0,0,2,0,0,0,1.0,0,0.0,0,0.0,0,0,2018.4612675331898,0.0,0,0,1,9440,0,0,0,0,0.0,0.0
0,0.0,6410,0,0,0,0,0,0,5057,0.0,0.0,0,0,0,0,0.0,0,2,1,0,0,1.0,0,0.0,0,0.0,0,0,2019.0,0.0,0,0,1,1379,0,0,0,0,0.0,0.0
0,0.0,4338,0,1,0,0,1,0,5057,0.0,0.0,0,0,0,0,0.0,0,1,0,0,0,1.0,0,0.0,0,0.0,0,0,2017.0,0.0,0,0,1,8117,0,0,0,0,0.0,0.0
0,0.0,5563,0,0,0,0,0,0,9337,0.0,0.0,0,0,0,0,0.0,0,2,0,0,0,0.3069916854162409,0,0.0,0,0.0,0,0,2014.45593348333,0.6930083145837591,0,0,1,1891,0,0,0,0,0.0,0.0
0,0.0,4388,0,0,0,0,0,0,7969,1.0,0.0,0,0,0,0,0.0,0,1,0,0,0,0.0,1,0.0,0,0.0,0,0,2020.0,0.0,0,0,1,9728,0,0,0,0,0.0,0.0
0,0.0,2483,0,0,0,0,0,0,3543,0.0,0.0,0,0,0,0,0.0,0,12,0,0,0,1.0,0,0.0,0,0.0,0,0,2018.0,0.0,0,0,1,8531,0,0,0,0,0.0,0.0
0,0.0,6010,0,0,0,0,0,0,7356,0.0,0.0,0,0,0,0,0.0,0,1,0,0,0,0.0,0,0.0,0,0.0,0,1,2007.0,0.0,0,0,1,5911,0,0,0,0,0.0,0.0
0,0.0,5607,0,0,0,0,0,0,6296,0.0,0.0,0,0,0,0,0.0,0,2,0,0,0,0.0,0,0.0,1,1.0,0,0,2020.0,0.0,0,0,1,5164,0,0,0,0,0.0,0.0
0,0.0,9596,0,0,0,0,0,0,3543,0.0,0.0,0,0,0,0,0.0,0,2,0,0,0,0.0,0,0.0,1,0.0,0,0,2019.0,0.0,0,0,1,4995,0,0,0,0,0.0,0.0
0,0.0,5153,0,1,0,0,0,0,4466,0.0,0.0,0,0,0,0,0.0,0,1,0,0,0,0.0,0,0.0,0,0.0,0,0,2018.0,1.0,0,0,1,3498,0,0,0,0,0.0,0.0
0,0.0,3430,0,0,0,0,0,1,3543,0.0,0.0,0,0,0,1,0.0,0,1,0,0,0,0.0,0,0.0,0,0.0,0,0,2017.0,1.0,0,0,1,4542,0,0,0,0,0.0,0.0
0,0.0,4051,0,0,0,0,0,0,6044,0.0,0.0,0,0,0,0,0.0,0,2,0,0,0,0.0,0,0.0,0,0.0,1,1,2016.0,0.0,0,0,1,2927,0,0,0,0,0.0,0.0
0,0.0,1739,0,0,0,0,0,0,9337,0.0,0.0,0,0,0,0,0.0,0,1,0,0,0,1.0,1,0.0,0,0.0,0,0,2017.0,0.0,0,0,1,2834,0,0,0,0,0.0,0.0
0,0.0,6365,0,0,0,2,0,0,3543,0.0,0.0,0,0,0,0,0.0,0,4,0,0,1,0.0,1,0.0,0,0.0,0,1,2017.0,1.0,1,0,1,6709,0,0,0,0,0.0,0.0
0,0.0,3310,0,0,0,2,0,0,3543,0.0,0.0,0,0,0,0,0.0,0,4,0,0,1,0.0,1,0.0,0,0.0,0,1,2017.0,1.0,1,0,1,6709,0,0,0,0,0.0,0.0
0,0.0,9181,0,0,0,0,0,1,6692,0.0,0.0,0,0,0,0,0.0,0,3,0,0,0,1.0,0,0.0,0,0.0,0,0,2019.0,0.0,0,0,1,7890,0,0,0,0,0.0,0.0
0,0.0,3692,0,0,0,0,0,1,4096,0.0,0.0,0,0,0,0,0.0,0,6,0,0,0,0.0,0,0.0,0,0.0,0,0,2014.0,1.0,0,0,1,8155,0,0,0,0,0.0,0.0
0,0.0,1775,0,0,0,0,0,0,5057,0.0,0.0,0,0,0,0,0.0,0,2,0,0,0,1.0,0,0.0,0,0.0,0,1,2021.0,0.0,0,0,1,8183,0,0,0,0,0.0,0.0
0,0.0,3048,0,0,0,0,0,0,7969,0.15981463629630377,0.0,0,0,0,0,0.0,0,6,0,0,0,0.0,1,0.0,0,0.0,0,0,2002.3561073622225,0.8401853637036962,0,0,1,1146,0,0,0,0,0.0,0.0
0,0.0,7642,0,0,0,0,0,0,9337,0.0,0.0,0,0,0,0,0.0,0,1,0,0,0,0.6300157288258832,0,0.0,0,0.0,0,0,2010.5497640676117,0.3699842711741168,0,0,1,6495,0,0,0,0,0.0,0.0
0,0.0,4980,0,0,0,0,0,1,2561,0.0,0.0,0,0,1,0,0.0,0,1,0,0,0,1.0,0,0.0,0,0.0,0,0,2015.0,0.0,0,0,1,3306,0,0,0,0,0.0,0.0
0,0.0,4146,0,1,0,0,0,0,9337,0.0,0.0,0,0,0,0,0.0,0,1,0,0,0,1.0,0,0.0,0,0.0,0,0,2019.0,0.0,0,0,1,4395,0,0,0,0,0.0,0.0
0,0.0,6732,0,0,0,0,0,0,3543,0.0,0.0,0,0,0,0,0.0,0,2,0,0,0,0.0,0,0.0,0,0.0,0,0,2016.0,1.0,0,0,1,2636,0,0,0,0,0.0,0.0
0,0.0,5539,0,0,0,0,0,0,9337,0.0,0.0,0,0,1,0,0.0,0,1,0,0,0,1.0,0,0.0,0,0.0,0,1,2018.0,0.0,0,0,1,6626,0,0,1,0,0.0,0.0
0,0.0,7823,0,0,0,0,1,0,6044,0.0,0.0,0,0,0,0,0.0,0,6,0,0,0,0.0,0,0.0,1,0.0,0,0,2015.0,1.0,0,0,1,3812,0,0,0,0,0.0,0.0
0,0.0,8238,0,0,0,0,0,0,7694,0.0,0.0,0,0,0,0,0.0,0,3,0,0,0,1.0,0,0.0,0,0.0,0,0,2004.8276258818491,0.0,0,0,1,6406,0,0,0,0,0.0,0.0
0,0.0,5532,0,0,0,0,0,0,6044,0.0,0.0,0,0,0,0,0.0,0,1,0,0,1,0.0,0,0.0,0,0.0,0,0,1999.0,1.0,0,0,1,8901,0,0,0,0,0.0,0.0
0,0.0,7221,0,0,0,0,0,0,9337,0.0,0.0,0,0,0,0,0.0,0,1,0,0,1,0.0,0,0.0,1,0.0,0,0,2018.0,1.0,0,0,1,3230,0,0,0,0,0.0,0.0
0,0.0,5160,0,1,0,0,0,1,4096,0.0,0.0,0,1,0,0,0.0,0,1,0,0,1,0.0,0,0.0,0,0.0,0,0,2011.0,1.0,0,0,1,5389,0,0,0,0,0.0,0.0
0,0.0,3102,0,1,0,0,0,0,4466,0.0,0.0,0,0,0,0,0.0,0,1,0,0,0,0.0,0,0.0,0,0.0,0,0,2018.0,1.0,0,0,1,6443,0,0,0,0,0.0,0.0
0,0.0,8040,0,0,0,0,0,0,9337,0.0,0.0,0,0,0,0,0.0,0,1,0,0,0,0.4864061292244458,0,0.0,1,0.0,0,0,2019.9728122584488,0.5135938707755542,0,0,1,9644,0,0,0,0,0.0,0.0
0,0.0,5788,0,0,0,0,0,0,3543,0.0,0.0,0,0,0,0,0.0,0,2,0,0,0,0.0,0,0.0,0,0.0,0,0,2018.0,0.0,0,0,1,8194,0,0,0,0,1.0,0.0
0,0.0,9860,0,0,0,0,0,0,3543,0.0,0.0,0,0,0,0,0.0,0,1,0,0,0,0.6180302759938304,0,0.0,0,0.0,0,0,2017.7639394480123,0.0,0,0,1,1219,0,0,0,0,0.0,0.0
0,0.0,2995,0,0,0,0,0,0,9337,0.0,0.0,0,0,0,0,0.0,0,1,0,0,1,0.0,0,0.0,0,0.0,0,0,2015.0,1.0,0,0,1,5499,0,0,0,0,0.0,0.0
0,0.0,5662,0,0,0,0,0,0,9337,0.0,0.0,0,0,0,0,0.0,0,1,0,0,0,0.0,0,0.0,0,0.0,0,0,2014.0,1.0,0,0,1,6323,0,0,1,0,0.0,0.0
0,0.0,6113,0,0,0,0,0,0,6044,0.0,0.0,0,0,0,1,0.0,0,10,0,0,0,0.0,0,0.0,0,0.0,0,1,1977.0,0.0,0,0,1,8669,0,0,0,0,0.0,0.0
0,0.0,5488,0,0,0,0,0,0,4034,0.0,0.0,0,0,0,0,0.0,0,1,0,0,1,1.0,1,0.0,0,0.0,0,0,2021.0,0.0,0,0,1,3491,0,0,0,0,0.0,0.0
0,0.0,5898,0,1,0,0,0,1,3654,0.0,0.0,0,0,0,0,0.0,0,1,0,0,0,0.0,1,0.0,0,0.0,0,0,2012.0,1.0,0,0,1,3260,0,0,0,0,0.0,0.0
0,0.0,4739,0,0,0,0,0,0,1325,0.0,0.0,0,0,0,0,0.0,0,4,0,0,0,0.0,0,0.0,0,1.0,0,1,2015.0,0.0,0,0,1,7189,0,0,0,0,0.0,0.0
0,0.0,5421,0,0,0,0,0,0,6044,0.0,1.0,0,0,0,0,0.0,0,1,0,0,0,0.0,0,0.0,0,0.0,0,0,2013.0,0.0,0,0,1,9389,0,0,0,0,0.0,0.0
0,0.0,9682,0,0,0,0,1,0,9337,0.0,0.0,0,0,1,0,0.0,0,3,0,0,0,1.0,0,0.0,0,0.0,0,0,2018.0,0.0,0,0,1,7173,0,0,0,0,0.0,0.0
0,0.0,9796,0,0,0,0,0,0,9337,0.0,0.0,0,0,0,0,0.0,0,1,0,0,0,0.7220205805344071,0,0.0,0,0.0,0,0,2018.0,0.0,0,0,1,5134,0,0,0,0,0.0,0.0
0,0.0,9101,0,0,0,0,0,0,6044,0.0,1.0,0,0,0,0,0.0,0,1,0,0,0,0.0,0,0.0,0,0.0,0,0,2013.0,0.0,0,0,1,7580,0,0,0,0,0.0,0.0
0,0.0,1913,0,0,0,0,0,0,1325,0.0,0.0,0,0,0,0,0.0,0,1,0,0,0,0.0,0,0.0,0,0.0,0,0,2015.0,1.0,0,0,1,5948,0,0,1,0,0.0,0.0
0,0.0,9783,0,0,1,1,0,0,4096,0.0,0.0,0,0,0,0,0.0,0,1,0,0,0,0.0,0,0.0,0,0.0,0,0,2018.0,1.0,1,0,1,1657,0,0,0,0,0.0,0.0
0,0.0,1174,0,0,0,0,0,0,7694,0.0,0.0,0,0,0,0,0.0,0,4,0,0,0,1.0,0,0.0,0,0.0,0,0,2018.0,0.0,0,0,1,3379,0,0,0,0,0.0,0.0
0,0.0,4344,0,0,0,0,1,0,3325,0.0,0.0,1,0,1,0,0.0,0,1,0,0,0,0.0,0,0.0,0,0.0,0,0,2018.0,1.0,1,0,1,7183,0,0,0,0,0.0,0.0
0,0.0,2832,0,0,0,0,0,0,9337,0.0,0.0,0,2,0,0,0.0,0,9,0,0,0,1.0,0,0.0,1,0.0,0,0,2015.0,0.0,0,0,1,8609,0,0,0,0,0.0,0.0
0,0.0,7279,0,0,0,0,0,0,1325,0.0,0.0,0,0,1,0,0.0,0,1,0,0,0,1.0,0,0.0,0,0.0,0,1,2019.0,0.0,0,0,1,4103,0,0,0,0,0.0,0.0
0,0.0,2743,0,0,0,0,0,0,9337,0.0,0.0,0,0,0,0,0.0,0,1,0,0,0,0.0,0,0.0,0,0.3450783321373996,0,0,2012.3803133285496,0.0,0,0,1,1386,0,0,0,0,0.0,0.0
0,0.0,1500,0,0,0,0,0,0,9337,0.0,0.0,0,0,0,0,0.0,0,1,0,0,1,0.0,0,0.0,0,0.0,0,0,2014.178578555114,1.0,0,0,1,4152,0,0,0,0,0.0,0.0
0,0.0,5167,0,0,0,0,0,0,5288,0.0,0.0,0,0,0,0,0.0,0,3,0,0,0,1.0,1,0.0,0,0.0,0,0,2021.0,0.0,0,0,1,3939,0,0,0,0,0.0,0.0
0,0.0,7630,0,0,0,0,0,0,9494,0.0,0.0,0,0,0,0,0.0,0,2,0,0,0,1.0,1,0.0,0,0.0,0,0,2021.0,0.0,1,0,1,9309,0,0,0,0,0.0,0.0
0,0.0,2925,0,1,0,0,0,0,9337,0.0,0.0,0,0,0,0,0.0,0,1,0,0,0,1.0,0,0.0,0,0.0,0,0,2019.0,0.0,0,0,1,4093,0,0,0,0,0.0,0.0
0,0.0,6233,0,0,0,0,0,0,6304,0.0,0.0,0,0,0,0,0.0,0,1,0,0,0,1.0,0,0.0,0,0.0,0,0,2002.0,0.0,0,0,1,6497,0,0,0,0,0.0,0.0
0,0.0,7480,0,0,0,0,0,0,9337,0.0,0.0,0,0,1,0,0.0,0,1,0,0,0,0.0,0,0.0,0,0.0,0,0,2016.0,1.0,0,0,1,9109,0,0,0,0,0.0,0.0
0,0.0,7317,0,1,0,0,0,0,6304,0.0,0.0,0,0,0,0,0.0,0,1,0,0,0,0.0,0,0.0,0,0.0,0,0,2009.0,1.0,0,0,1,6087,0,0,0,0,0.0,0.0
0,0.0,9809,0,0,0,1,0,0,1818,0.0,0.0,0,0,0,0,0.0,0,2,0,0,0,1.0,0,0.0,0,0.0,0,0,2021.0,0.0,0,0,1,5039,0,0,0,0,0.0,0.0
0,0.0,1630,0,0,0,0,0,0,7969,0.0,0.0,0,0,0,0,0.0,0,2,0,0,0,0.7005303731098981,0,0.0,0,0.0,0,0,2012.310077089088,0.2994696268901019,0,0,1,7193,0,0,0,0,0.0,0.0
0,0.0,7084,0,0,0,0,1,1,6044,0.0,1.0,0,0,0,0,0.0,0,1,0,0,0,0.0,0,0.0,0,0.0,0,0,2004.0,0.0,0,0,1,2907,0,0,0,0,0.0,0.0
0,0.0,3017,0,0,0,0,0,0,6044,0.0,1.0,0,0,0,0,0.0,0,1,0,0,0,0.0,0,0.0,0,0.0,0,0,2013.0,0.0,0,0,1,6949,0,0,0,0,0.0,0.0
0,0.0,7655,0,1,0,0,0,0,3654,0.0,0.0,0,1,0,0,0.0,0,1,0,0,0,0.0,0,0.0,0,0.0,0,0,2005.0,1.0,0,0,1,3812,0,0,0,0,0.0,0.0
0,0.0,5137,0,0,0,0,1,0,5288,0.0,0.0,0,0,0,0,0.0,0,2,0,0,0,1.0,0,0.0,0,0.0,0,0,2021.0,0.0,0,0,1,9868,0,0,0,0,0.0,0.0
0,0.0,7460,0,0,0,0,0,0,7969,0.0,0.0,0,0,0,0,0.0,0,2,0,0,0,0.0,0,0.0,0,0.0,0,0,2017.0,0.0,0,0,1,4627,0,0,0,0,1.0,0.0
0,0.0,1134,0,0,0,0,0,0,9337,0.0,0.0,0,0,0,0,0.0,0,4,0,0,0,0.0,0,0.0,0,1.0,0,1,2015.0,0.0,0,0,1,3985,0,0,0,0,0.0,0.0
0,0.0,2385,0,0,1,1,0,0,7969,0.0,0.0,0,0,0,0,0.0,0,7,0,0,0,0.0,1,0.0,1,0.0,0,0,1999.0,1.0,1,0,1,3052,0,0,0,0,0.0,0.0
0,0.0,6338,0,0,0,0,0,0,4034,0.0,0.0,0,0,0,0,0.0,0,1,0,0,1,1.0,1,0.0,0,0.0,0,0,2021.0,0.0,0,0,1,5045,0,0,0,0,0.0,0.0
0,0.0,9146,0,0,0,0,0,0,9337,0.0,0.0,0,0,0,0,0.0,0,3,0,0,0,0.0,0,0.0,0,0.382505121228671,0,1,2016.8524846363139,0.0,0,0,1,7848,0,0,0,0,0.0,0.0
0,0.0,1927,0,0,0,0,0,0,9337,0.0,0.0,0,0,0,0,0.0,0,1,0,0,0,0.0,0,0.0,0,0.0,0,0,2003.0,1.0,0,0,1,7089,0,0,0,0,0.0,0.0
0,0.0,9682,0,0,0,0,1,0,9337,0.0,0.0,0,0,1,0,0.0,0,3,0,0,0,1.0,0,0.0,0,0.0,0,0,2018.0,0.0,0,0,1,7173,0,0,0,0,0.0,0.0
0,0.0,4657,0,1,0,0,1,0,5057,0.0,0.0,0,0,0,0,0.0,0,1,0,0,0,1.0,0,0.0,0,0.0,0,0,2017.0,0.0,0,0,1,1429,0,0,0,0,0.0,0.0
0,0.0,3416,0,0,0,0,0,0,6044,0.0,0.0,0,0,0,0,0.0,0,1,0,0,1,0.0,0,0.0,0,0.0,0,0,1999.0,1.0,0,0,1,4559,0,0,0,0,0.0,0.0
0,0.0,5638,0,1,0,0,1,0,4034,0.0,0.0,0,0,0,0,0.0,0,1,0,0,0,1.0,0,0.0,0,0.0,0,0,2021.0,0.0,0,0,1,6906,0,0,0,1,0.0,0.0
0,0.0,4419,0,0,0,0,0,0,9337,0.0,0.0,0,0,0,0,0.0,0,3,0,0,0,0.0,0,0.0,0,0.0,0,1,2021.0,0.0,0,0,1,8874,0,0,0,0,0.0,0.0
0,0.0,8544,0,0,0,0,0,0,9337,0.0,0.0,0,0,0,0,0.0,0,2,0,0,0,1.0,0,0.0,0,0.0,0,1,2017.0,0.0,0,0,1,8376,0,0,0,0,0.0,0.0
0,0.0,3072,0,0,0,0,0,0,3543,0.0,0.0,0,0,0,0,0.0,0,2,0,0,0,0.0,0,0.0,1,0.0,0,0,2019.0,0.0,0,0,1,2450,0,0,0,0,0.0,0.0
0,0.0,2501,0,0,0,0,0,1,4089,0.0,0.0,0,0,1,0,0.0,0,7,0,0,0,0.0,0,0.0,0,0.0,0,0,2003.0,1.0,0,0,1,2496,0,0,0,0,0.0,0.0
0,0.0,1143,0,0,0,0,0,0,3477,0.0,0.0,0,0,0,0,0.0,0,1,0,0,0,0.4622280927744553,0,0.0,0,0.0,0,0,2016.6133157216766,0.5377719072255447,1,0,1,5770,0,0,0,0,0.0,0.0
0,0.0,3262,0,0,0,0,0,1,6044,0.0,0.0,0,0,0,0,0.0,0,5,0,0,0,1.0,0,0.0,0,0.0,0,0,2021.0,0.0,0,0,1,4612,0,0,0,0,0.0,0.0
0,0.0,2604,0,0,0,0,0,0,1325,0.0,0.0,0,0,0,0,0.0,0,1,0,0,0,0.1098369671829672,0,0.0,0,0.0,0,0,2011.0983696718297,0.8901630328170328,0,0,1,6529,0,0,0,0,0.0,0.0
0,0.0,6188,0,0,0,0,0,0,7334,0.0,0.0,0,0,0,0,0.0,0,2,0,0,0,0.0,0,0.0,0,1.0,0,0,2016.0,0.0,0,0,1,4995,0,0,0,0,0.0,0.0
0,0.0,1032,0,0,0,0,0,0,9337,0.0,0.0,0,0,0,0,0.0,0,1,0,0,0,0.0,0,0.0,0,0.0,0,1,2021.0,0.0,0,0,1,9809,0,0,1,0,0.0,0.0
0,0.0,6189,0,0,0,0,1,0,6304,0.0,0.0,0,0,1,0,0.0,0,1,0,0,0,0.0,0,0.0,0,0.0,0,0,2010.0,1.0,0,0,1,7718,0,0,0,0,0.0,0.0
0,0.0,5422,0,0,0,0,0,0,1325,0.0,0.0,0,0,0,0,0.0,0,1,0,0,0,0.0,0,0.0,0,0.0,0,0,2018.0,0.0,0,0,1,3202,0,0,0,0,0.0,0.0
0,0.0,9279,0,0,0,0,0,0,9337,0.0,0.0,0,0,0,0,0.0,0,3,0,0,0,0.0,0,0.0,0,0.0,0,0,2012.0,1.0,0,0,1,3951,0,0,0,0,0.0,0.0
0,0.0,3342,0,0,0,0,0,0,9337,0.0,0.0,0,0,0,1,0.0,0,1,0,0,1,0.0,0,0.0,0,0.0,0,0,2019.0,0.0,0,0,1,2900,0,0,0,0,0.0,0.0
0,0.0,2144,0,0,0,0,0,0,9337,0.0,0.0,0,0,0,0,0.0,0,1,0,0,0,0.0,0,0.0,0,0.0,0,0,2010.548307341207,1.0,0,0,1,9135,0,0,0,0,0.0,0.0
0,0.0,6937,0,0,0,0,0,0,9337,0.0,0.0,0,0,0,0,0.0,0,2,0,0,0,1.0,0,0.0,1,0.0,0,0,2017.0,0.0,0,0,1,6464,0,0,0,0,0.0,0.0
0,0.0,2995,0,0,0,0,0,0,9337,0.0,0.0,0,0,0,0,0.0,0,1,0,0,1,0.0,0,0.0,0,0.0,0,0,2015.0,1.0,0,0,1,4044,0,0,0,0,0.0,0.0
0,0.0,1365,0,0,0,0,0,0,9337,0.0,0.0,0,0,0,0,0.0,0,1,0,0,0,0.0,0,0.0,0,0.0,0,0,2003.4175224044357,1.0,0,0,1,6533,0,0,0,0,0.0,0.0
0,0.0,8544,0,0,0,0,0,0,9337,0.0,0.0,0,0,0,0,0.0,0,2,0,0,0,1.0,0,0.0,0,0.0,0,1,2017.0,0.0,0,0,1,8376,0,0,0,0,0.0,0.0
0,0.0,8362,0,0,0,0,0,0,4655,0.0,1.0,0,0,0,0,0.0,0,3,0,0,0,0.0,0,0.0,0,0.0,0,0,2013.0,0.0,0,0,1,1099,0,0,0,0,0.0,0.0
0,0.0,6979,0,1,0,0,1,0,3944,0.0,0.0,0,1,0,0,0.0,0,1,0,0,0,0.0,0,0.0,0,0.0,0,0,2015.0,1.0,0,0,1,2889,0,0,0,0,0.0,0.0
0,0.0,4239,0,0,0,0,0,0,7969,0.0,0.0,0,0,0,0,0.0,0,5,0,0,0,0.17149538032341283,0,0.0,0,0.0,0,0,2002.2584122261449,0.8285046196765872,0,0,1,3713,0,0,0,0,0.0,0.0
0,0.0,9201,0,0,0,0,0,0,8040,0.0,0.0,0,0,0,0,0.0,0,4,0,0,0,0.0,0,0.0,0,1.0,0,1,2015.0,0.0,0,0,1,2330,0,0,0,0,0.0,0.0
0,0.0,7023,0,0,0,0,0,0,1325,0.0,0.0,0,0,0,0,0.0,0,1,0,0,0,1.0,0,0.0,1,0.0,0,0,2021.0,0.0,0,0,1,6249,0,0,0,0,0.0,0.0
0,0.0,8587,0,0,0,0,0,0,7356,0.0,0.0,0,0,0,1,0.0,0,2,0,0,0,1.0,0,0.0,0,0.0,0,0,2020.0,0.0,0,0,1,9721,1,0,0,0,0.0,0.0
0,0.0,1715,0,1,0,0,0,0,4466,0.0,0.0,0,0,0,0,0.0,0,1,0,0,1,0.0,0,0.0,0,0.0,0,0,2018.0,1.0,0,0,1,1797,0,0,0,0,0.0,0.0
0,0.0,9882,0,0,0,0,1,0,7694,0.0,0.0,0,0,0,0,0.0,0,1,0,0,0,1.0,1,0.0,0,0.0,0,0,2020.0,0.0,0,0,1,6366,0,0,0,0,0.0,0.0
0,0.0,1553,0,1,0,0,0,1,1325,0.0,0.0,0,0,0,0,0.0,0,1,0,0,0,0.0,0,0.0,0,0.0,0,0,2013.0,1.0,0,0,1,7274,0,0,0,0,0.0,0.0
0,0.0,7700,0,0,0,0,0,0,9337,0.0,0.0,0,0,0,0,0.0,0,2,0,0,0,0.5644469141265436,0,0.0,0,0.4355530858734564,0,0,2017.2577876565063,0.0,0,0,1,1254,0,0,0,0,0.0,0.0
0,0.0,2211,0,1,0,0,0,0,6304,0.0,0.0,0,0,0,0,0.0,0,1,0,0,0,0.0,0,0.0,0,0.0,0,0,2009.0,1.0,0,0,1,9914,0,0,0,0,0.0,0.0
0,0.0,3703,0,1,0,0,1,0,3944,0.0,0.0,0,1,0,0,0.0,0,1,0,0,0,0.0,0,0.0,0,0.0,0,0,2015.0,1.0,0,0,1,8617,0,0,0,0,0.0,0.0
0,0.0,7381,0,0,0,0,0,0,6582,0.0,0.0,0,0,0,0,0.0,0,1,0,0,0,0.0,0,0.0,0,0.0,0,0,2017.0,1.0,0,0,1,5197,0,0,0,0,0.0,0.0
0,0.0,2607,0,0,0,0,0,0,9337,0.0,0.0,0,0,0,0,0.0,0,1,0,0,0,1.0,1,0.0,0,0.0,0,0,2017.0,0.0,0,0,1,2988,0,0,0,0,0.0,0.0
0,0.0,7641,0,0,0,0,0,0,6044,0.0,0.0,0,0,0,0,0.0,0,4,0,0,0,0.0,0,0.0,0,0.0,0,0,1974.0,1.0,0,0,1,3037,0,0,0,0,0.0,0.0
0,0.0,3855,0,0,0,0,0,0,9337,0.0,0.0,0,0,0,0,0.0,0,1,0,0,0,1.0,0,0.0,0,0.0,0,0,2015.0,0.0,0,0,1,5211,0,0,0,0,0.0,0.0
0,0.0,7159,0,0,0,0,0,0,5288,1.0,0.0,0,0,0,0,0.0,0,1,0,0,0,0.0,0,0.0,0,0.0,0,0,2020.0,0.0,0,0,1,9362,0,0,0,0,0.0,0.0
0,0.0,7431,0,0,0,0,0,0,9337,0.0,0.0,0,0,0,0,0.0,0,1,0,0,0,0.26551020918749213,0,0.0,0,0.0,0,0,2005.5136735561873,0.7344897908125079,0,0,1,6845,0,0,0,0,0.0,0.0
0,0.0,6614,0,0,0,0,0,0,1325,0.0,0.0,0,0,1,0,0.0,0,1,0,0,1,0.0,0,0.0,0,0.0,0,0,2015.0,1.0,0,0,1,4148,0,0,0,0,0.0,0.0
0,0.0,5393,0,0,0,0,0,0,7969,0.0,0.0,0,0,0,0,0.0,0,2,0,0,0,0.0,0,0.0,0,0.0,0,0,2017.0,0.0,0,0,1,2219,0,0,0,0,1.0,0.0
0,0.0,6267,0,1,0,0,1,0,4034,0.0,0.0,0,0,0,0,0.0,0,1,0,0,0,1.0,0,0.0,0,0.0,0,0,2021.0,0.0,0,0,1,1219,0,0,0,1,0.0,0.0
0,0.0,3326,0,0,0,2,0,0,3543,0.0,0.0,0,0,0,0,0.0,0,4,0,0,1,0.0,1,0.0,0,0.0,0,1,2017.0,1.0,1,0,1,6709,0,0,0,0,0.0,0.0
0,0.0,7842,0,0,0,0,0,0,9337,0.0,0.0,0,1,0,0,0.0,0,1,0,0,0,0.0,0,0.0,0,0.0,0,0,2016.0,1.0,0,0,1,2246,0,0,0,0,0.0,0.0
0,0.0,6198,0,0,0,0,0,0,3543,0.0,0.0,0,0,0,0,0.0,0,3,0,0,0,0.0,0,0.0,0,0.0,0,0,2018.9140637003686,0.04296814981566066,0,0,1,6890,0,0,0,0,0.0,0.0
0,0.0,7700,0,0,0,0,0,0,9494,0.0,0.0,0,0,0,0,0.0,0,1,0,0,0,1.0,0,0.0,0,0.0,0,0,2020.0,0.0,0,0,1,1219,1,0,0,0,0.0,0.0
0,0.0,4533,0,0,0,0,1,0,9337,0.0,0.0,0,0,1,0,0.0,0,3,0,0,0,1.0,0,0.0,0,0.0,0,0,2018.0,0.0,0,0,1,3350,0,0,0,0,0.0,0.0
0,0.0,8660,0,0,0,0,0,0,7356,0.0,0.0,0,0,0,1,0.0,0,2,0,0,0,1.0,0,0.0,0,0.0,0,0,2020.0,0.0,0,0,1,6943,1,0,0,0,0.0,0.0
0,0.0,6268,0,0,0,0,0,1,6304,0.0,0.0,1,0,0,0,0.0,0,1,1,0,0,1.0,0,0.0,0,0.0,0,0,2014.0,0.0,0,0,1,5972,0,0,0,0,0.0,0.0
0,0.0,6373,0,0,0,0,1,0,9337,0.0,0.0,0,0,1,0,0.0,0,3,0,0,0,1.0,0,0.0,0,0.0,0,0,2018.0,0.0,0,0,1,9590,0,0,0,0,0.0,0.0
0,0.0,2543,0,0,0,0,0,0,9337,0.0,0.0,0,0,0,0,0.0,0,1,0,0,0,0.0,0,0.0,0,0.0,0,1,2019.778973224548,1.0,0,0,1,6712,0,0,0,0,0.0,0.0
0,0.0,3703,0,0,0,0,0,0,9337,0.0,0.0,0,0,0,0,0.0,0,2,0,0,0,1.0,0,0.0,0,0.0,0,1,2017.0,0.0,0,0,1,8645,0,0,0,0,0.0,0.0
0,0.0,3980,0,0,0,0,0,0,1325,0.0,0.0,0,1,0,0,0.0,0,1,0,0,0,1.0,0,0.0,0,0.0,0,0,2021.0,0.0,0,0,1,1862,0,0,0,0,0.0,0.0
0,0.0,8162,0,0,0,0,0,0,9337,0.0,0.0,0,0,1,0,0.0,0,1,0,0,0,1.0,0,0.0,0,0.0,0,1,2018.0,0.0,0,0,1,4047,0,0,1,0,0.0,0.0
0,0.0,2000,0,0,0,0,0,0,9337,0.0,0.0,0,1,0,0,0.0,0,2,0,0,0,0.0,0,0.0,0,1.0,0,0,2015.0,0.0,0,0,1,8178,0,0,0,0,0.0,0.0
0,0.0,3316,0,0,0,0,0,0,7819,0.0,0.0,0,0,0,0,0.0,0,2,0,0,0,0.0,0,0.0,0,0.0,0,0,2019.0,1.0,0,0,1,5211,0,0,0,0,0.0,0.0
0,0.0,3667,0,0,0,0,0,0,8017,0.0,0.0,0,0,0,0,0.0,0,3,0,0,0,0.5362654755595689,0,0.0,0,0.0,0,0,1984.5208321598916,0.46373452444043106,0,0,1,6367,0,0,0,0,0.0,0.0
0,0.0,5023,0,0,0,0,0,0,5288,0.0,0.0,0,0,0,0,0.0,0,3,0,0,0,1.0,1,0.0,0,0.0,0,0,2021.0,0.0,0,0,1,3812,0,0,0,0,0.0,0.0
0,0.0,8946,0,0,0,1,0,0,3278,0.0,0.0,0,0,0,0,0.0,0,1,0,0,0,1.0,0,0.0,0,0.0,0,0,2017.0,0.0,0,0,1,7836,0,0,0,0,0.0,0.0
0,0.0,9087,0,0,0,0,0,0,9337,0.0,0.0,0,0,1,0,0.0,0,2,0,0,0,1.0,0,0.0,0,0.0,0,1,2019.0,0.0,0,0,1,2439,0,0,0,0,0.0,0.0
0,0.0,7564,0,1,0,0,0,1,3654,0.0,0.0,0,0,0,0,0.0,0,1,0,0,0,0.0,0,0.0,0,0.0,0,0,2016.0,0.0,0,0,1,4184,0,0,0,0,0.0,0.0
0,0.0,9873,0,0,0,0,0,0,7603,0.0,0.0,0,0,0,0,0.0,0,2,0,0,0,0.0,0,0.0,0,0.0,0,0,2014.0,0.0,0,0,1,2174,0,0,0,0,0.0,0.0
0,0.0,8354,0,0,0,0,0,0,6044,1.0,0.0,0,0,0,0,0.0,0,3,0,0,0,0.0,0,0.0,0,0.0,1,1,2019.0,0.0,0,0,1,2287,0,0,0,0,0.0,0.0
0,0.0,5336,0,0,0,0,0,1,9494,0.0,0.0,0,0,0,1,0.0,0,1,0,0,0,0.0,0,0.0,0,0.0,0,0,2017.0,1.0,0,0,1,2496,0,0,0,0,0.0,0.0
0,0.0,5560,0,0,0,0,0,0,6073,0.0,0.0,0,0,0,0,0.0,0,8,0,0,0,0.0,0,0.0,0,0.8874281590558045,0,0,1994.3640086598282,0.11257184094419548,0,0,1,1182,0,0,0,0,0.0,0.0
0,0.0,2935,0,0,0,1,0,0,6044,0.0,0.0,0,0,0,0,0.0,0,5,1,0,0,1.0,0,0.0,1,0.0,0,0,2019.0,0.0,0,0,1,3379,0,0,0,0,0.0,0.0
0,0.0,1579,0,1,0,0,0,0,6044,0.0,0.0,0,0,0,0,0.0,0,3,0,0,0,1.0,0,0.0,1,0.0,0,0,2010.0,0.0,0,0,1,1521,0,0,0,0,0.0,0.0
0,0.0,8657,0,0,0,0,0,0,9337,0.0,0.0,0,0,0,0,0.0,0,3,0,0,0,0.0,0,0.0,0,0.0,0,0,2021.0,0.0,0,0,1,8190,0,0,0,0,0.0,0.0
0,0.0,7038,0,1,0,0,0,0,3325,0.0,0.0,0,0,1,0,0.0,0,1,0,0,0,0.0,0,0.0,0,0.0,0,0,2012.0,1.0,0,0,1,1756,0,0,0,0,0.0,0.0
0,0.0,8559,0,0,0,0,0,0,9337,0.0,0.0,0,0,1,0,0.0,0,2,0,0,0,1.0,0,0.0,0,0.0,0,1,2019.0,0.0,0,0,1,7158,0,0,0,0,0.0,0.0
0,0.0,9547,0,0,0,0,0,0,6582,0.0,0.0,0,0,0,0,0.0,0,1,0,0,0,1.0,0,0.0,0,0.0,0,0,2015.0,0.0,1,0,1,6890,0,0,0,0,0.0,0.0
0,0.0,8613,0,0,0,0,0,0,9337,0.0,0.0,0,0,0,0,0.0,0,1,0,0,0,0.0,0,0.0,0,0.0,0,0,2003.0,1.0,0,0,1,8299,0,0,0,0,0.0,0.0
0,0.0,7931,0,0,0,0,0,0,6304,0.0,0.0,1,2,0,0,0.0,0,3,0,0,1,0.0,0,0.0,0,0.0,0,0,2015.0,0.0,0,0,1,4722,0,0,1,0,0.0,0.0
0,1.0,5533,0,0,0,0,0,0,7356,0.0,0.0,0,0,0,0,0.0,0,1,0,0,0,0.0,0,0.0,1,0.0,0,0,2016.0,0.0,0,0,1,9159,0,0,0,0,0.0,0.0
0,0.0,6065,0,0,0,0,1,1,7694,0.0,0.0,0,0,0,0,0.0,0,2,0,0,0,1.0,0,0.0,0,0.0,0,0,2021.0,0.0,0,0,1,2452,0,0,0,0,0.0,0.0
0,0.0,4095,0,0,0,0,0,0,3543,0.0,0.0,0,0,0,0,0.0,0,3,0,0,0,1.0,0,0.0,0,0.0,0,0,2018.0,0.0,0,0,1,8040,0,0,0,0,0.0,0.0
0,0.0,2976,0,0,0,0,0,0,1325,0.0,0.0,0,0,0,0,0.0,0,1,0,0,0,0.0,0,0.0,0,0.0,0,0,2011.091882879759,1.0,0,0,1,4461,0,0,0,0,0.0,0.0
0,0.0,6995,0,0,0,0,0,0,7694,0.0,0.0,0,0,0,1,0.0,0,1,0,0,0,1.0,0,0.0,0,0.0,0,0,2015.0,0.0,0,0,1,6673,0,0,0,0,0.0,0.0
0,0.0,6957,0,0,0,0,0,0,9337,0.0,0.0,0,0,0,0,0.0,0,3,0,0,0,0.0,0,0.0,0,0.0,0,1,2018.0,0.0,0,0,1,9539,0,0,0,0,0.0,0.0
0,0.0,9889,0,0,0,0,0,0,9337,0.0,0.0,0,0,1,0,0.0,0,1,0,0,0,0.0,0,0.0,0,0.0,0,0,2016.0,1.0,0,0,1,4453,0,0,0,0,0.0,0.0
0,0.0,7816,0,0,0,0,0,0,9337,0.0,0.0,0,0,0,0,0.0,0,3,0,0,0,0.0,0,0.0,0,0.0,0,0,2012.0,1.0,0,0,1,5610,0,0,0,0,0.0,0.0
0,0.0,7886,0,0,0,0,0,0,6582,0.0,0.0,0,0,0,0,0.0,0,1,0,0,0,0.0,0,0.0,0,0.0,0,0,2017.0,1.0,0,0,1,1675,0,0,0,0,0.0,0.0
0,0.0,6339,0,0,0,0,0,0,1723,0.0,0.0,0,1,0,0,0.0,0,4,0,0,0,0.0,0,0.0,0,0.0,0,0,2015.0,1.0,0,0,1,7254,0,0,0,0,0.0,0.0
0,0.0,3367,0,0,0,0,0,0,1325,0.0,0.0,0,0,0,0,0.0,0,1,0,0,0,1.0,0,0.0,0,0.0,0,0,2020.0,0.0,0,0,1,8087,0,0,0,0,0.0,0.0
0,0.0,3080,0,1,0,0,0,0,4466,0.0,0.0,0,0,0,0,0.0,0,1,0,0,1,0.0,0,0.0,1,0.0,0,0,2020.0,1.0,0,0,1,9409,0,0,0,0,0.0,0.0
1,0.0,9513,0,0,0,0,0,0,9805,0.0,0.0,0,0,0,0,0.0,0,1,0,0,0,0.0,0,0.0,1,0.0,0,0,2021.0,1.0,1,0,1,1989,0,0,0,0,0.0,0.0
0,0.0,9250,0,0,0,0,0,1,3325,0.0,0.0,0,0,0,0,0.0,0,2,0,0,0,0.0,0,0.0,0,0.0,0,0,2019.0,1.0,0,0,1,2638,0,0,0,0,0.0,0.0
0,0.0,8171,0,0,0,0,0,0,9337,0.0,0.0,0,0,0,0,0.0,0,1,0,0,0,0.20221765908543177,0,0.0,0,0.0,0,0,2016.8088706363417,0.7977823409145682,0,0,1,4182,0,0,0,0,0.0,0.0
0,0.0,2029,0,0,0,0,0,0,8361,0.0,0.0,0,0,0,0,0.0,0,1,0,0,0,1.0,1,0.0,0,0.0,0,0,2019.0,0.0,1,0,1,1231,0,0,0,0,0.0,0.0
0,0.0,3110,0,0,0,0,0,0,6044,0.0,0.0,0,0,0,1,0.0,0,2,0,0,0,0.0,0,0.0,0,0.0,0,0,2018.0,0.0,0,0,1,5879,0,0,0,0,1.0,0.0
0,0.0,5565,0,0,0,0,0,1,1095,0.0,0.0,0,1,0,0,0.0,0,1,0,0,0,0.0,0,0.0,0,0.0,0,0,2013.0,1.0,0,0,1,1058,0,0,0,0,0.0,0.0
0,0.0,3477,0,0,0,0,1,1,9337,0.0,0.0,0,0,0,0,0.0,0,2,0,0,0,1.0,0,0.0,0,0.0,0,0,2021.0,0.0,0,0,1,2813,0,0,0,0,0.0,0.0
0,0.0,6349,0,0,0,0,0,0,6044,0.0,0.0,0,0,0,1,0.0,0,6,0,0,0,0.0,0,0.0,0,0.0,0,0,1994.0217820431594,0.0,0,0,1,5279,0,0,0,0,0.0,0.0
0,0.0,6373,0,0,0,0,1,0,9337,0.0,0.0,0,0,1,0,0.0,0,3,0,0,0,1.0,0,0.0,0,0.0,0,0,2018.0,0.0,0,0,1,9590,0,0,0,0,0.0,0.0
0,0.0,8042,0,0,0,0,0,0,1818,0.0,0.0,0,0,0,0,0.0,0,1,0,0,1,1.0,0,0.0,0,0.0,0,0,2018.0,0.0,0,0,1,5865,0,0,0,0,0.0,0.0
0,0.0,1407,0,0,0,0,0,0,4096,0.0,0.0,0,0,0,0,0.0,0,2,0,0,0,0.0,0,0.0,0,0.0,0,0,1999.0,0.0,0,0,1,5010,0,0,1,0,1.0,0.0
0,0.0,7772,0,0,0,0,0,0,9337,0.0,0.0,0,0,0,0,0.0,0,2,0,0,0,0.0,0,0.0,0,1.0,0,0,2016.0,0.0,0,0,1,6221,0,0,0,0,0.0,0.0
0,0.0,7226,0,0,0,0,0,0,9337,0.0,0.0,0,1,0,0,0.0,0,5,0,0,0,0.5256725018621323,0,0.0,0,0.0,0,0,2015.4743274981379,0.4743274981378677,0,0,1,4680,0,0,0,0,0.0,0.0
0,0.0,2751,0,0,0,0,0,0,6762,0.0,0.0,0,0,1,0,0.0,0,1,0,0,0,0.0,0,0.0,0,0.0,0,0,2017.0,1.0,0,0,1,4764,0,0,0,0,0.0,0.0
0,0.0,7273,0,0,0,0,0,1,6304,0.0,0.0,1,0,0,0,0.0,0,1,1,0,0,1.0,0,0.0,0,0.0,0,0,2014.0,0.0,0,0,1,5972,0,0,0,0,0.0,0.0
0,0.0,7803,0,0,0,0,0,0,6044,0.0,1.0,0,0,0,0,0.0,0,1,0,0,0,0.0,0,0.0,0,0.0,0,0,2013.0,0.0,0,0,1,6030,0,0,0,0,0.0,0.0
0,0.0,8315,0,0,0,0,0,1,6304,0.0,0.0,0,1,0,0,0.0,0,1,0,0,0,0.0,0,0.0,0,0.0,0,0,2013.0,1.0,0,0,1,3651,0,0,0,0,0.0,0.0
0,0.0,5719,0,0,0,0,0,0,1723,0.0,0.0,0,0,0,0,0.0,0,2,0,0,0,1.0,0,0.0,0,0.0,0,0,2021.0,0.0,0,0,1,2997,0,1,1,0,0.0,0.0
0,0.0,9443,0,0,0,0,1,1,7694,0.0,0.0,0,0,0,0,0.0,0,2,0,0,0,1.0,0,0.0,0,0.0,0,0,2021.0,0.0,0,0,1,2537,0,0,0,0,0.0,0.0
0,0.0,3031,0,0,0,0,0,0,1325,0.0,0.0,0,1,0,0,0.0,0,1,0,0,0,1.0,0,0.0,0,0.0,0,0,2021.0,0.0,0,0,1,1862,0,0,0,0,0.0,0.0
0,0.0,6687,0,0,0,0,0,0,3543,0.0,0.0,0,0,0,0,0.0,0,2,0,0,0,0.0,0,0.0,0,0.0,0,0,2016.0,1.0,0,0,1,6763,0,0,0,0,0.0,0.0
0,0.0,5930,0,0,0,0,1,1,6044,0.0,1.0,0,0,0,0,0.0,0,1,0,0,0,0.0,0,0.0,0,0.0,0,0,2004.0,0.0,0,0,1,5364,0,0,0,0,0.0,0.0
0,0.0,9201,0,0,0,0,0,0,9337,0.0,0.0,0,0,0,0,0.0,0,4,0,0,0,0.0,0,0.0,0,1.0,0,1,2015.0,0.0,0,0,1,8000,0,0,0,0,0.0,0.0
0,0.0,8751,0,0,0,0,0,0,8646,0.0,0.0,0,0,0,1,0.0,0,3,0,0,0,0.0,0,0.0,0,0.0,0,0,2021.0,1.0,0,0,1,6516,0,0,0,0,0.0,0.0
0,0.0,1470,0,0,0,0,0,0,7969,0.0,0.0,0,0,0,0,0.0,0,1,0,0,0,0.0021969705150000074,0,0.0,0,0.0,0,0,2016.997803029485,0.997803029485,0,0,1,4666,0,0,0,0,0.0,0.0
0,0.0,4449,0,0,0,0,0,0,6044,0.0,0.0,0,0,0,1,0.0,0,10,0,0,0,0.0,0,0.0,0,0.0,0,1,1977.0,0.0,0,0,1,1117,0,0,0,0,0.0,0.0
0,0.0,7649,0,0,0,0,1,0,6044,1.0,0.0,0,0,0,0,0.0,0,1,0,0,0,0.0,1,0.0,0,0.0,0,0,2021.0,0.0,0,0,1,4066,0,0,0,0,0.0,0.0
0,0.0,6339,0,0,0,0,0,0,6762,0.0,0.0,0,0,0,0,0.0,0,1,0,0,0,0.0,0,0.0,0,0.0,0,0,2016.0,1.0,0,0,1,1984,0,0,0,0,0.0,0.0
0,0.0,8869,0,0,0,0,0,0,9337,1.0,0.0,0,0,0,1,0.0,0,3,0,0,0,0.0,0,0.0,0,0.0,0,0,2019.0,0.0,0,0,1,1136,0,0,0,0,0.0,0.0
0,0.0,4800,0,0,0,0,0,0,9337,0.0,0.0,0,0,0,0,0.0,0,4,0,0,0,0.7245063013889691,0,0.0,0,0.0,0,0,2016.3470378083339,0.2754936986110309,0,0,1,2205,0,0,0,0,0.0,0.0
0,0.0,4810,0,0,0,0,0,0,3543,0.0,0.0,0,1,0,0,0.0,0,1,0,0,0,1.0,0,0.0,0,0.0,0,0,2017.0,0.0,0,0,1,4250,0,0,0,0,0.0,0.0
