help,rating_R,cast,man,man,little,family,father,country,young,rating_TV-G,rating_NR,love,love,woman,rating_NC-17,american,duration,life,life,rating_TV-MA,teen,rating_PG,series,rating_TV-Y,world,world,release_year,rating_TV-14,new,movie,type,director,rating_TV-PG,christmas,friends,rating_TV-Y7,rating_PG-13
0,0.0,9547,0,0,0,0,0,4034,0,0.0,0.0,0,0,0,0.0,0,1,0,0,0.0,0,0.0,0,1.0,0,1,2014.0,0.0,0,0,1,5793,0.0,0,0,0.0,0.0
0,0.0,6441,0,0,0,0,0,1325,0,0.0,0.0,0,0,0,0.0,0,1,0,0,0.0,0,0.0,1,0.23034359394899362,0,0,2012.073092345541,0.0,0,0,1,2977,0.0,0,0,0.7696564060510064,0.0
0,0.0,6573,0,0,0,0,0,4034,0,0.0,0.0,0,0,0,0.0,0,2,0,0,0.0,0,0.0,0,0.0,0,0,2018.0,0.0,0,0,1,4591,1.0,0,0,0.0,0.0
0,0.0,9780,0,0,0,0,0,9337,0,0.6644182523203077,0.0,0,0,0,0.0,0,1,0,0,0.0,0,0.0,0,0.0,0,0,2020.3355817476797,0.0,0,0,1,1760,0.0,0,0,0.3355817476796923,0.0
0,0.0,9633,0,0,0,0,0,9337,0,0.0,0.0,0,0,0,0.0,0,3,0,0,0.0,1,0.0,0,0.0,0,0,2020.0,0.0,0,0,1,3031,1.0,0,0,0.0,0.0
0,0.0,3715,0,0,0,0,0,5288,0,1.0,0.0,0,0,0,0.0,0,1,0,0,0.0,1,0.0,0,0.0,0,0,2020.0,0.0,0,0,1,5961,0.0,0,0,0.0,0.0
0,0.0,2440,0,0,0,0,0,5288,0,0.22423735560964897,0.0,0,0,0,0.0,0,2,0,0,0.0,0,0.0,0,0.0,0,0,2017.672712066829,0.0,0,0,1,9239,0.0,0,0,0.775762644390351,0.0
0,0.0,4630,0,0,0,0,0,4096,0,0.0,0.0,0,0,0,0.0,0,1,0,0,0.0,0,0.0,0,0.0,0,1,2018.0,0.0,0,0,1,6308,1.0,0,0,0.0,0.0
0,0.0,3494,0,0,1,0,0,1325,0,0.0,0.0,0,0,0,0.0,0,1,0,0,0.0,0,0.0,0,1.0,0,0,2021.0,0.0,1,0,1,6195,0.0,0,0,0.0,0.0
0,0.0,4135,0,0,0,1,0,3543,1,1.0,0.0,0,0,0,0.0,0,1,0,0,0.0,0,0.0,0,0.0,0,0,2020.0,0.0,1,0,1,4402,0.0,0,0,0.0,0.0
0,0.0,2264,0,0,0,0,0,9337,0,0.0,0.0,0,0,0,0.0,0,1,0,0,0.0,0,0.0,0,0.11076549077348552,0,0,2021.0,0.0,0,0,1,8841,0.0,0,0,0.8892345092265145,0.0
0,0.0,5824,0,0,0,0,0,9337,0,0.8738797209237377,0.0,0,0,0,0.0,0,1,0,1,0.0,0,0.0,0,0.0,0,0,2015.6306013953813,0.0,0,0,1,7161,0.0,0,0,0.12612027907626233,0.0
0,0.0,2974,0,0,0,0,0,1325,0,0.0,0.0,0,0,0,0.0,0,1,0,0,0.0,0,0.0,0,0.08052266773880701,0,0,2010.402613338694,0.0,0,0,1,8796,0.0,0,0,0.919477332261193,0.0
0,0.0,4328,0,0,0,0,0,5288,0,0.8639399570589525,0.0,0,0,0,0.0,0,1,0,0,0.0,0,0.0,0,0.0,0,0,2018.6393995705896,0.0,0,0,1,5377,0.0,0,0,0.13606004294104745,0.0
0,0.0,1588,0,0,0,0,0,4655,0,0.0,0.0,0,0,0,0.0,0,3,0,0,0.0,0,0.0,0,0.8736197020958225,0,0,2017.0,0.0,0,0,1,8860,0.12638029790417749,0,0,0.0,0.0
0,0.0,1614,0,0,0,0,0,9753,0,0.0,0.0,0,1,0,0.0,0,2,0,0,0.0,0,0.0,0,0.0,0,0,2016.0,0.0,0,0,1,3445,0.0,0,2,1.0,0.0
0,0.0,6506,0,0,0,0,0,9337,0,0.0,0.0,0,0,0,0.0,0,1,0,0,0.0,0,0.0,0,0.0,0,0,2008.0,0.0,0,0,1,7195,1.0,0,0,0.0,0.0
0,0.0,7888,0,0,0,1,0,8040,0,0.0,0.0,0,0,0,0.0,0,2,0,1,0.0,0,0.0,0,1.0,0,0,2016.0,0.0,0,0,1,4142,0.0,0,0,0.0,0.0
0,0.0,1326,0,0,0,0,0,9337,0,0.0,0.0,0,0,0,0.0,0,1,0,0,0.0,0,0.0,0,0.6711275630449146,0,0,2021.0,0.0,0,0,1,2537,0.0,0,0,0.3288724369550854,0.0
0,0.0,4473,0,0,0,0,0,7819,0,0.0,0.0,0,0,0,0.0,0,2,0,0,0.0,0,0.0,0,0.0,0,1,2020.0,0.0,0,0,1,2282,1.0,0,0,0.0,0.0
0,0.0,7902,0,0,0,0,0,6044,0,0.4088224604112922,0.0,0,0,0,0.0,0,1,0,0,0.0,0,0.0,0,0.5911775395887078,0,0,2021.0,0.0,1,0,1,5297,0.0,0,0,0.0,0.0
0,0.0,2743,0,0,0,0,0,9337,0,0.542712741555458,0.0,0,0,0,0.0,0,1,0,0,0.0,0,0.0,0,0.0,0,0,2006.7688293479982,0.0,0,0,1,5163,0.0,0,0,0.457287258444542,0.0
0,0.0,9611,0,0,0,0,0,9337,0,0.0,0.0,0,0,0,0.0,0,1,0,0,0.0,0,0.0,0,0.3612329346027533,0,0,2018.4713694577808,0.0,1,0,1,9876,0.0,0,0,0.6387670653972467,0.0
0,0.0,8275,0,0,0,0,0,7863,1,0.2950862680384161,0.0,0,0,0,0.0,0,1,0,0,0.0,0,0.0,0,0.0,0,0,2009.6557764123459,0.0,0,0,1,8463,0.0,0,0,0.7049137319615839,0.0
0,0.0,5688,0,0,0,0,0,9337,0,0.0,0.0,0,0,0,0.0,0,1,0,0,0.0,0,0.0,0,0.13749851880026054,0,0,2018.350017774397,0.0,0,0,1,2551,0.0,0,1,0.8625014811997395,0.0
0,0.0,1503,0,0,0,0,0,9337,0,0.0,0.0,0,0,0,0.0,0,8,0,1,0.0,0,0.0,1,0.0,0,0,1994.0839076427685,0.0,0,0,1,4665,1.0,0,0,0.0,0.0
0,0.0,2373,0,0,0,0,0,8361,0,0.0,0.0,0,0,0,0.0,0,3,0,0,0.0,0,0.0,0,0.9032902959782877,0,0,2017.4526447356527,0.0,0,0,1,3336,0.0,0,0,0.0967097040217123,0.0
0,0.0,4983,0,0,0,0,0,3543,1,1.0,0.0,0,0,0,0.0,0,1,0,0,0.0,0,0.0,1,0.0,0,0,2018.0,0.0,0,0,1,5499,0.0,0,0,0.0,0.0
0,0.0,5810,0,0,0,0,0,9337,0,0.0,0.0,0,0,0,0.0,0,1,0,1,0.0,0,0.0,0,0.0,0,0,2018.3311123743804,0.0,0,0,1,7137,0.834443812809865,0,0,0.16555618719013498,0.0
0,0.0,7867,0,0,0,0,0,3944,0,0.0,0.0,0,0,0,0.0,0,3,0,0,0.0,1,0.0,0,0.0,0,0,2018.0,0.0,0,0,1,8089,0.0,0,0,1.0,0.0
0,0.0,5983,0,0,0,0,0,9337,0,0.15112472372465646,0.0,0,0,0,0.0,0,1,0,0,0.0,0,0.0,0,0.0,0,0,2021.0,0.0,0,0,1,9002,0.0,0,0,0.8488752762753435,0.0
0,0.0,4309,0,0,0,0,0,3543,0,0.04314051494717952,0.0,0,0,0,0.0,0,1,0,0,0.0,0,0.0,0,0.9568594850528205,0,0,2014.1725620597888,0.0,0,0,1,3192,0.0,0,0,0.0,0.0
0,0.0,9797,0,0,0,0,0,9337,0,0.0,0.0,0,0,0,0.0,0,1,0,0,0.0,0,0.0,0,0.09008110704601369,0,1,2020.5495944647698,0.0,1,0,1,9909,0.0,0,0,0.9099188929539863,0.0
0,0.0,2107,0,0,1,0,0,1325,0,0.0,0.0,0,0,0,0.0,0,1,0,0,0.0,0,0.0,0,0.10077997639336078,0,0,2019.8992200236066,0.0,0,0,1,8869,0.0,0,0,0.8992200236066392,0.0
0,0.0,9337,0,0,0,0,0,5057,0,0.0,0.0,0,0,0,0.0,0,4,0,0,0.0,0,0.0,0,0.0,0,1,2007.0,0.0,0,0,1,2461,0.0,0,0,1.0,0.0
0,0.0,6076,0,0,0,0,0,6044,0,0.5996489075960219,0.0,0,0,0,0.0,0,1,0,0,0.0,0,0.0,0,0.40035109240397815,0,0,2021.0,0.0,0,0,1,4159,0.0,0,0,0.0,0.0
0,0.0,4547,0,0,0,0,0,1325,0,0.0,0.0,0,0,0,0.0,0,2,0,0,0.0,0,0.0,0,0.496772301808428,0,0,2020.0064553963832,0.0,0,0,1,4449,0.0,0,0,0.503227698191572,0.0
0,0.0,7476,0,0,0,0,0,4096,1,0.0,0.0,0,0,0,0.0,0,1,0,0,0.0,0,0.0,0,0.0,0,0,1981.0,0.0,1,0,1,7089,0.0,0,0,1.0,0.0
0,0.0,8208,0,0,0,0,0,5288,0,0.9493770299136842,0.0,0,0,0,0.0,0,1,0,0,0.0,0,0.0,0,0.0,0,0,2020.0,0.0,0,0,1,2772,0.0,0,0,0.05062297008631578,0.0
0,0.0,2511,0,0,0,0,0,9337,0,0.0,0.0,0,0,0,0.0,0,3,0,0,0.0,0,0.0,0,0.07769566772216607,0,1,2016.8446086645556,0.0,0,0,1,7308,0.0,0,0,0.9223043322778339,0.0
0,0.0,1327,0,0,0,0,0,9337,0,0.0,0.0,0,0,0,0.0,0,1,0,0,0.0,0,0.0,0,0.6666841829504003,0,0,2021.0,0.0,0,0,1,2537,0.0,0,0,0.33331581704959967,0.0
0,0.0,5231,0,0,0,1,0,9337,1,0.0,0.0,0,0,0,0.0,0,1,0,0,0.0,0,0.0,0,0.0,0,0,2016.0,0.0,0,0,1,2941,0.0,0,0,1.0,0.0
0,0.0,7516,0,0,0,0,0,9337,0,0.23058710013537753,0.0,0,0,0,0.0,0,1,0,0,0.0,0,0.0,0,0.0,0,0,2013.0752839012184,0.0,0,0,1,2988,0.7694128998646225,0,0,0.0,0.0
0,0.0,1860,0,0,0,0,0,3543,0,1.0,0.0,0,0,0,0.0,0,2,0,0,0.0,1,0.0,0,0.0,0,0,2016.0,0.0,0,0,1,4315,0.0,0,0,0.0,0.0
0,0.0,1716,0,0,0,0,0,1325,0,0.2431356792123921,0.0,0,0,0,0.0,0,3,0,0,0.0,0,0.0,0,0.7568643207876079,0,0,2015.9725427168496,0.0,0,0,1,7527,0.0,0,0,0.0,0.0
0,0.0,8618,0,0,0,0,0,9337,0,0.0,0.0,0,0,0,0.0,0,1,0,0,0.0,0,0.0,0,0.49221890117975897,0,0,2004.2587859365726,0.0,0,0,1,8137,0.0,0,0,0.507781098820241,0.0
0,0.0,4109,0,0,0,0,0,5146,0,0.0,0.0,0,0,0,0.0,0,1,0,0,0.0,0,0.0,0,0.28168527343624006,0,0,2015.7183147265637,0.0,0,0,1,9134,0.0,0,1,0.7183147265637599,0.0
0,0.0,1056,0,0,0,1,0,9337,0,0.0,0.0,0,0,0,0.0,0,2,0,1,0.0,0,0.0,1,1.0,0,0,2019.0,0.0,1,0,1,5907,0.0,0,0,0.0,0.0
0,0.0,5649,0,0,0,0,0,1325,0,0.0,0.0,0,0,0,0.0,0,1,0,0,0.0,0,0.0,0,0.6398669131346119,0,0,2019.7202661737308,0.0,0,0,1,6926,0.0,0,0,0.36013308686538814,0.0
1,0.0,7875,0,0,0,0,0,9337,0,0.0,0.0,0,0,0,0.0,0,2,0,1,0.0,0,0.0,0,1.0,0,1,2014.0,0.0,0,0,1,8546,0.0,0,1,0.0,0.0
1,0.0,6038,0,0,0,1,0,7969,1,0.0,0.0,0,0,0,0.0,0,2,0,0,0.0,0,0.0,0,1.0,1,0,2021.0,0.0,0,0,1,2891,0.0,0,0,0.0,0.0
0,0.0,2928,0,0,0,1,0,9337,0,0.0,0.0,0,0,0,0.0,0,1,0,0,0.0,0,0.0,0,1.0,0,0,2015.21212171805,0.0,0,0,1,8794,0.0,0,0,0.0,0.0
0,0.0,1324,0,0,0,0,0,3543,1,1.0,0.0,0,0,0,0.0,0,1,0,0,0.0,0,0.0,1,0.0,0,0,2018.0,0.0,0,0,1,2021,0.0,0,0,0.0,0.0
0,0.0,5506,0,0,0,0,0,1325,0,0.0,0.0,0,0,0,0.0,0,1,0,0,0.0,0,0.0,0,1.0,0,0,2019.0,0.0,0,0,1,6625,0.0,0,0,0.0,0.0
0,0.0,2143,0,0,0,0,0,4096,1,0.0,0.0,0,0,0,0.0,0,1,0,0,0.0,0,0.0,0,0.0,0,0,1981.0,0.0,1,0,1,9444,0.0,0,0,1.0,0.0
0,0.0,3635,0,0,0,0,0,9337,0,0.0,0.0,0,0,0,0.0,0,9,0,1,0.0,0,0.0,1,0.0,0,0,1994.0,0.0,0,0,1,5297,1.0,0,1,0.0,0.0
0,0.0,8935,0,0,0,1,0,6044,0,1.0,0.0,0,0,0,0.0,0,1,0,0,0.0,1,0.0,0,0.0,0,0,2021.0,0.0,0,0,1,5761,0.0,0,0,0.0,0.0
0,0.0,1981,0,0,0,0,0,9337,0,0.0,0.0,0,0,0,0.0,0,7,0,0,0.0,0,0.0,0,0.0,0,0,2015.0,0.0,0,0,1,4419,1.0,0,0,0.0,0.0
0,0.0,1311,0,0,0,0,0,9337,0,0.0,0.0,0,0,0,0.0,0,1,0,0,0.0,0,0.0,0,0.0,0,0,2005.0,0.0,0,0,1,6712,1.0,0,0,0.0,0.0
0,0.0,3112,0,0,0,0,0,6044,0,0.0,0.0,0,0,0,0.0,0,1,0,0,0.0,0,0.0,0,0.0,0,0,2015.4304279400444,0.0,0,0,1,5217,1.0,0,0,0.0,0.0
0,0.0,9445,0,0,0,0,0,4655,0,0.0,0.0,0,0,0,0.0,0,2,0,0,0.0,0,0.0,0,0.0,0,0,2017.0,0.0,0,0,1,9752,1.0,0,0,0.0,0.0
0,0.0,8413,0,0,0,0,0,6044,0,0.0,0.0,0,0,0,0.0,0,5,0,1,0.0,0,0.0,0,1.0,0,1,2014.0,0.0,0,0,1,1061,0.0,0,0,0.0,0.0
0,0.0,4716,0,0,0,0,0,7694,0,0.0,0.0,0,0,0,0.0,0,7,0,0,0.0,0,0.0,0,0.0,0,0,2015.0,0.0,0,0,1,9563,1.0,0,0,0.0,0.0
0,0.0,4199,0,0,0,0,0,1325,0,0.25616199898476544,0.0,0,0,0,0.0,0,1,0,0,0.0,0,0.0,0,0.7438380010152346,0,0,2019.0,0.0,0,0,1,9870,0.0,0,0,0.0,0.0
0,0.0,5402,0,0,1,0,0,1325,0,0.0,0.0,0,0,0,0.0,0,1,0,0,0.0,0,0.0,0,0.8010308895343231,0,0,2020.0,0.0,0,0,1,6435,0.0,0,0,0.1989691104656769,0.0
0,0.0,4962,0,0,0,0,0,6044,0,0.0,0.0,0,0,0,0.0,0,1,0,0,0.0,0,0.0,0,0.2907479059628718,0,0,2018.1629916238514,0.0,0,0,1,6991,0.7092520940371282,0,0,0.0,0.0
0,0.0,2204,0,0,0,0,0,1325,0,0.08018559413389337,0.0,0,0,0,0.0,0,1,0,0,0.0,0,0.0,0,0.0,0,0,2019.9198144058662,0.0,0,0,1,8940,0.0,0,0,0.9198144058661066,0.0
0,0.0,8973,0,0,1,0,0,1325,0,0.0,0.0,0,0,0,0.0,0,1,0,0,0.0,0,0.0,0,1.0,0,0,2020.7765092535087,0.0,0,0,1,6234,0.0,0,0,0.0,0.0
0,0.0,1396,0,0,0,0,0,1325,0,0.879521303322546,0.0,0,0,0,0.0,0,1,0,0,0.0,0,0.0,0,0.0,0,0,2019.1204786966775,0.0,0,0,1,3391,0.0,0,0,0.12047869667745403,0.0
0,0.0,9429,0,0,0,0,0,7603,0,0.0,0.0,0,0,0,0.0,0,1,0,0,0.0,0,0.0,0,1.0,0,0,2021.0,0.0,0,0,1,4387,0.0,0,0,0.0,0.0
0,0.0,5197,0,0,0,0,0,1325,0,0.0,0.0,0,0,0,0.0,0,1,0,0,0.0,0,0.0,1,0.2755799758302895,0,0,2019.7244200241696,0.0,0,0,1,5831,0.0,0,0,0.7244200241697105,0.0
0,0.0,9101,0,0,0,0,0,7694,0,0.0,0.0,0,0,0,0.0,0,7,0,0,0.0,0,0.0,0,0.0,0,0,2015.0,0.0,0,0,1,6626,1.0,0,0,0.0,0.0
1,0.0,2551,0,0,0,0,0,3543,0,0.2764692742766556,0.0,0,0,0,0.0,0,1,0,0,0.0,0,0.0,0,0.7235307257233444,0,0,2010.0235530630202,0.0,1,0,1,4078,0.0,0,0,0.0,0.0
0,0.0,4229,0,0,0,1,0,9337,0,0.0,0.0,0,0,0,0.0,0,2,0,1,0.0,0,0.0,1,1.0,0,0,2019.0,0.0,1,0,1,4852,0.0,0,0,0.0,0.0
0,0.0,3214,0,0,0,1,0,3543,1,1.0,0.0,0,0,0,0.0,0,2,0,0,0.0,0,0.0,0,0.0,0,0,2018.0,0.0,0,0,1,7806,0.0,0,1,0.0,0.0
0,0.0,2054,0,0,0,0,0,9337,0,0.0,0.0,0,0,0,0.0,0,3,0,0,0.0,1,0.0,0,0.0,0,0,2020.0,0.0,0,0,1,1721,1.0,0,0,0.0,0.0
0,0.0,9472,0,0,0,0,0,6044,0,0.0,0.0,0,0,0,0.0,0,2,0,0,0.0,0,0.0,0,0.9030946805309993,0,0,2019.0,0.0,1,0,1,1223,0.09690531946900072,0,0,0.0,0.0
0,0.0,7221,0,0,0,0,0,7694,0,0.0,0.0,0,0,0,0.0,0,7,0,0,0.0,0,0.0,0,0.0,0,0,2015.0,0.0,0,0,1,5139,1.0,0,0,0.0,0.0
0,0.0,4163,0,0,0,0,0,1325,0,0.0,0.0,0,0,0,0.0,0,1,0,0,0.0,0,0.0,1,0.31829388610929155,0,0,2012.8646449749835,0.0,0,0,1,9637,0.0,0,0,0.6817061138907085,0.0
0,0.0,4323,0,0,0,0,0,7694,0,0.0,0.0,0,0,0,0.0,0,7,0,0,0.0,0,0.0,0,0.0,0,0,2015.0,0.0,0,0,1,4399,1.0,0,0,0.0,0.0
0,0.0,2605,0,0,0,0,0,7969,0,0.0,0.0,0,0,0,0.0,0,3,0,0,0.0,0,0.0,1,0.0,0,0,2009.0,0.0,0,0,1,6682,1.0,0,0,0.0,0.0
0,0.0,4055,0,0,0,0,0,7819,1,0.4578577494886815,0.0,0,0,0,0.0,0,2,0,0,0.0,0,0.0,0,0.0,0,0,2012.7471464969321,0.0,0,0,1,5349,0.0,0,0,0.5421422505113185,0.0
0,0.0,3904,0,0,0,1,0,9337,0,0.0,0.0,0,0,0,0.0,0,4,0,1,0.0,0,0.0,0,0.0,0,0,2021.0,0.0,0,0,1,3401,1.0,0,0,0.0,0.0
0,0.0,2961,0,0,0,0,0,3944,0,0.0,0.0,0,0,0,0.0,0,1,0,1,0.0,0,0.0,0,0.0,0,0,2019.0,0.0,0,0,1,9073,0.0,0,0,1.0,0.0
0,0.0,3881,0,0,0,0,0,6044,0,0.0,0.0,0,0,0,0.0,0,2,0,0,0.0,0,0.0,1,0.0,0,0,2019.0,0.0,0,0,1,8087,1.0,0,0,0.0,0.0
0,0.0,4176,0,0,0,0,0,9337,0,0.0,0.0,0,0,0,0.0,0,1,0,1,0.0,0,0.0,1,0.0,0,0,2018.0,0.0,0,0,1,3461,1.0,0,0,0.0,0.0
0,0.0,6359,0,0,0,0,0,5288,0,0.6115993730490913,0.0,0,0,0,0.0,0,2,0,0,0.0,0,0.0,0,0.0,0,0,2016.1159937304908,0.0,0,0,1,5039,0.0,0,0,0.3884006269509087,0.0
0,0.0,6558,0,0,0,0,0,1641,0,0.0,0.0,0,0,0,0.0,0,2,0,0,0.0,0,0.0,0,0.0020473108536820384,0,0,2015.9979526891464,0.0,0,0,1,7825,0.0,0,0,0.997952689146318,0.0
0,0.0,9045,0,0,0,0,0,9337,0,1.0,0.0,0,0,0,0.0,0,3,0,0,0.0,0,0.0,0,0.0,0,1,2017.0,0.0,1,0,1,1060,0.0,0,1,0.0,0.0
0,0.0,9773,0,0,0,0,0,9337,1,0.0,0.0,0,0,0,0.0,0,3,0,0,0.0,0,0.0,0,0.32979750949732756,0,1,2019.3510124525133,0.0,0,0,1,2212,0.0,0,0,0.6702024905026724,0.0
0,0.0,9590,0,0,0,0,0,7694,0,0.0,0.0,0,0,0,0.0,0,5,0,0,0.0,0,0.0,0,0.0,0,0,2015.8053150753617,0.0,0,0,1,4721,1.0,0,0,0.0,0.0
0,0.0,6995,0,0,0,0,0,9337,0,0.0,0.0,0,0,0,0.0,0,1,0,0,0.0,0,0.0,0,0.0,0,0,2009.1027928311298,0.0,0,0,1,8116,1.0,0,0,0.0,0.0
0,0.0,7575,0,0,0,1,0,3543,1,1.0,0.0,0,0,0,0.0,0,1,0,0,0.0,0,0.0,0,0.0,0,0,2020.0,0.0,1,0,1,7890,0.0,0,0,0.0,0.0
0,0.0,9953,0,0,0,1,0,6044,0,1.0,0.0,0,0,0,0.0,0,1,0,0,0.0,1,0.0,0,0.0,0,0,2021.0,0.0,0,0,1,8424,0.0,0,0,0.0,0.0
0,0.0,1592,0,0,0,0,0,1325,0,0.0,0.0,0,0,0,0.0,0,1,0,0,0.0,0,0.0,1,0.8335279830757368,0,0,2019.1664720169242,0.0,0,0,1,5726,0.0,0,0,0.16647201692426317,0.0
0,0.0,6229,0,0,0,0,0,7694,0,0.0,0.0,0,0,0,0.0,0,1,0,0,0.0,0,0.0,0,0.9119716228521932,0,0,2013.7359148685566,0.0,0,0,1,4284,0.0,0,0,0.08802837714780676,0.0
0,0.0,6076,0,0,0,0,0,7694,0,0.0,0.0,0,0,0,0.0,0,1,0,0,0.0,0,0.0,0,0.7117405276279182,0,0,2012.7295568342324,0.0,0,0,1,9068,0.2882594723720818,0,0,0.0,0.0
0,0.0,7549,0,0,0,1,0,9337,0,0.0,0.0,0,0,0,0.0,0,1,0,0,0.0,0,0.0,0,0.8094826379916625,0,0,2009.9051736200834,0.0,0,0,1,4901,0.0,0,0,0.19051736200833747,0.0
0,0.0,6553,0,0,0,0,0,9337,0,0.0,0.0,0,0,0,0.0,0,1,0,0,0.0,0,0.0,0,0.0,0,1,2010.4462517868167,0.0,0,0,1,7818,0.5537482131833091,0,0,0.44625178681669087,0.0
0,0.0,9518,0,0,0,0,0,7969,1,1.0,0.0,0,0,0,0.0,0,4,0,0,0.0,0,0.0,0,0.0,0,0,2016.0,0.0,0,0,1,7478,0.0,0,0,0.0,0.0
0,0.0,8433,0,0,0,0,0,7969,1,1.0,0.0,0,0,0,0.0,0,4,0,0,0.0,0,0.0,0,0.0,0,0,2016.0,0.0,0,0,1,8303,0.0,0,0,0.0,0.0
0,0.0,2107,0,0,0,0,0,7969,0,1.0,0.0,0,0,0,0.0,0,1,0,0,0.0,1,0.0,1,0.0,0,0,2021.0,0.0,0,0,1,4590,0.0,0,0,0.0,0.0
0,0.0,2370,0,0,0,0,0,3325,0,0.0,0.0,0,0,0,0.0,0,1,0,1,0.0,0,0.0,0,1.0,0,0,2016.0,0.0,0,0,1,9595,0.0,0,0,0.0,0.0
0,0.0,4483,0,0,0,0,0,1325,0,0.0,0.0,0,0,0,0.0,0,1,0,0,0.0,0,0.0,1,1.0,0,0,2019.0,0.0,0,0,1,4647,0.0,0,0,0.0,0.0
0,0.0,7289,0,0,0,0,0,9337,0,0.0,0.0,0,0,0,0.0,0,4,0,0,0.0,1,0.0,0,0.0,0,0,2020.0,0.0,0,0,1,9018,1.0,0,0,0.0,0.0
0,0.0,1504,0,0,0,0,0,9337,0,0.0,0.0,0,0,0,0.0,0,9,0,1,0.0,0,0.0,1,0.0,0,0,1994.0,0.0,0,0,1,4666,1.0,0,1,0.0,0.0
0,0.0,9590,1,0,0,0,1,6044,0,0.0,0.0,0,0,0,0.0,0,2,0,0,0.0,1,0.0,0,0.0,0,0,2011.0,0.0,0,0,1,4720,0.0,0,0,1.0,0.0
0,0.0,6592,0,0,0,0,0,3543,1,1.0,0.0,0,0,0,0.0,0,1,0,0,0.0,0,0.0,1,0.0,0,0,2018.0,0.0,0,0,1,9881,0.0,0,0,0.0,0.0
0,0.0,5292,0,0,0,0,0,5288,0,0.7701968760493118,0.0,0,0,0,0.0,0,3,0,0,0.0,0,0.0,0,0.0,0,0,2018.8509843802465,0.0,0,0,1,5489,0.0,0,0,0.22980312395068825,0.0
0,0.0,4582,0,0,0,0,0,8361,0,0.0,0.0,0,0,0,0.0,0,1,0,0,0.0,0,0.0,0,0.0,0,1,2015.0,0.0,0,0,1,9123,1.0,0,0,0.0,0.0
0,0.0,5383,0,0,0,0,0,9337,0,1.0,0.0,0,0,0,0.0,0,1,0,1,0.0,0,0.0,0,0.0,0,0,2015.0,0.0,0,0,1,2180,0.0,0,0,0.0,0.0
0,0.0,1349,0,0,0,0,0,1856,0,0.0,0.0,0,0,0,0.0,0,2,0,0,0.0,0,0.0,0,0.0,0,0,2019.0,0.0,0,0,1,9371,1.0,0,1,0.0,0.0
0,0.0,3164,0,0,0,0,0,3944,0,0.0,0.0,0,0,0,0.0,0,1,0,0,0.0,0,0.0,0,0.27483572449042815,0,0,1999.0231929693948,0.0,0,0,1,1853,0.0,0,0,0.7251642755095719,0.0
0,0.0,7476,0,0,0,0,0,9337,0,0.0,0.0,0,0,0,0.0,0,2,0,0,0.0,0,0.0,0,0.9063630618545565,0,0,2020.0636306185456,0.0,0,0,1,4540,0.0,0,0,0.0936369381454435,0.0
1,0.0,5790,0,0,0,0,0,3543,0,0.10608907760605601,0.0,0,0,0,0.0,0,1,0,0,0.0,0,0.0,0,0.0,0,0,2013.9843075254848,0.0,1,0,1,5931,0.0,0,0,0.893910922393944,0.0
0,0.0,5203,0,0,0,0,1,4096,1,0.0,0.0,0,0,0,0.0,0,1,0,0,0.0,0,0.0,0,0.0,0,0,2018.0,0.0,0,0,1,9440,0.0,0,0,1.0,0.0
1,0.0,2560,0,0,0,0,0,3543,0,0.36381176555497063,0.0,0,0,0,0.0,0,1,0,0,0.0,0,0.0,0,0.6361882344450294,0,0,2008.4513882200106,0.0,1,0,1,4044,0.0,0,0,0.0,0.0
0,0.0,8593,0,0,0,1,0,6044,0,0.3542035405025781,0.0,0,0,0,0.0,0,1,0,0,0.0,0,0.0,0,0.0,0,0,2019.7084070810051,0.0,0,0,1,5905,0.0,0,0,0.6457964594974219,0.0
0,0.0,9596,0,0,0,0,0,5146,0,0.0,0.0,0,0,0,0.0,0,1,0,0,0.0,0,0.0,0,0.3986483205233047,0,0,2016.2027033589534,0.0,0,0,1,8043,0.0,0,0,0.6013516794766953,0.0
0,0.0,2763,0,0,0,0,0,6044,0,0.0,0.0,0,0,0,0.0,0,1,0,0,0.0,0,0.0,1,0.6201323295428572,0,0,2013.4188090341142,0.0,0,0,1,1760,0.37986767045714276,0,0,0.0,0.0
0,0.0,7753,1,0,0,0,1,9337,0,0.0,0.0,0,0,0,0.0,0,2,0,0,0.0,1,0.0,0,0.0,0,0,2011.0,0.0,0,0,1,7743,0.0,0,0,1.0,0.0
0,0.0,7930,0,0,1,0,0,1325,0,0.0,0.0,0,0,0,0.0,0,1,0,0,0.0,0,0.0,0,0.6572415428651224,0,0,2020.0,0.0,0,0,1,4996,0.0,0,0,0.3427584571348776,0.0
1,0.0,9084,0,0,0,0,0,3543,0,1.0,0.0,0,0,0,0.0,0,1,0,0,0.0,0,0.0,0,0.0,0,0,1997.0,0.0,1,0,1,5667,0.0,0,0,0.0,0.0
0,0.0,4358,0,0,0,0,0,3543,1,1.0,0.0,0,0,0,0.0,0,1,0,0,0.0,0,0.0,1,0.0,0,0,2018.0,0.0,0,0,1,8873,0.0,0,0,0.0,0.0
0,0.0,1485,0,0,0,0,0,9337,0,0.0,0.0,0,0,0,0.0,0,1,0,1,0.0,0,0.0,1,0.0,0,0,2018.0,0.0,0,0,1,4480,1.0,0,0,0.0,0.0
0,0.0,6090,0,0,0,0,0,1325,1,0.0,0.0,0,0,0,0.0,0,1,0,0,0.0,0,0.0,1,0.0,0,0,2010.0,0.0,0,0,1,2941,0.0,0,0,1.0,0.0
0,0.0,7888,0,0,0,1,0,6044,0,0.0,0.0,0,0,0,0.0,0,2,0,1,0.0,0,0.0,0,1.0,0,0,2016.0,0.0,0,0,1,2927,0.0,0,0,0.0,0.0
0,0.0,5875,0,0,0,0,0,4034,0,0.0,0.0,0,0,0,0.0,0,2,0,0,0.0,0,0.0,0,0.0,0,0,2018.0,0.0,0,0,1,4315,1.0,0,0,0.0,0.0
0,0.0,4748,0,0,0,0,0,9337,0,0.0,0.0,0,0,0,0.0,0,1,0,0,0.0,0,0.0,0,0.0,0,0,2008.0172995607281,0.0,0,0,1,5074,1.0,0,0,0.0,0.0
0,0.0,7042,0,0,0,1,0,9337,0,0.0,0.0,0,0,0,0.0,0,3,0,0,0.0,0,0.0,0,0.0,0,0,2019.0,0.0,0,0,1,4612,1.0,0,0,0.0,0.0
0,0.0,6778,0,0,0,0,0,9337,0,0.0,0.0,0,0,0,0.0,0,4,0,0,0.0,1,0.0,0,0.0,0,0,2020.0,0.0,0,0,1,7934,1.0,0,0,0.0,0.0
0,0.0,6146,0,0,0,0,0,9337,0,0.0,0.0,0,0,0,0.0,0,1,0,0,0.0,0,0.0,0,0.0,0,0,2018.5077219270738,0.0,0,0,1,1660,0.09845561458525787,0,0,0.9015443854147421,0.0
0,0.0,7616,0,0,0,0,0,6044,0,0.1783161886380793,0.0,0,0,0,0.0,0,1,0,0,0.0,1,0.0,0,0.0,0,0,2012.7831618863809,0.0,0,0,1,4697,0.0,0,0,0.8216838113619207,0.0
0,0.0,9128,0,0,0,0,0,9337,0,0.3261178660838122,0.0,0,0,0,0.0,0,2,0,0,0.0,0,0.0,0,0.6738821339161878,0,0,2009.8037605444076,0.0,0,0,1,8149,0.0,0,0,0.0,0.0
0,0.0,3543,0,0,0,0,0,1325,0,0.0,0.0,0,0,0,0.0,0,3,0,0,0.0,0,0.0,0,0.9681640300913299,0,0,2014.8408201504567,0.0,0,0,1,8054,0.0,0,0,0.0318359699086701,0.0
0,0.0,7153,0,0,0,0,0,7969,1,1.0,0.0,0,0,0,0.0,0,4,0,0,0.0,0,0.0,0,0.0,0,0,2016.0,0.0,0,0,1,6329,0.0,0,0,0.0,0.0
0,0.0,2403,0,0,0,0,0,7969,0,0.0,0.0,0,0,0,0.0,0,1,0,0,0.0,0,0.0,0,0.0,0,1,2019.0,0.0,0,0,1,1223,1.0,0,0,0.0,0.0
0,0.0,5693,0,0,0,0,0,9337,0,0.17837649939572808,0.0,0,0,0,0.0,0,1,0,0,0.0,0,0.0,0,0.0,0,0,2010.24863549577,0.0,1,0,1,5773,0.0,0,0,0.8216235006042719,0.0
0,0.0,3270,0,0,0,0,0,9337,0,0.0,0.0,0,0,0,0.0,0,1,0,0,0.0,0,0.0,0,0.0,0,1,2010.0,0.0,0,0,1,4084,1.0,0,0,0.0,0.0
0,0.0,9307,0,0,0,0,0,6044,0,0.0,0.0,0,0,0,0.0,0,1,0,0,0.0,0,0.0,0,0.6961801419952144,0,0,2020.3923602839905,0.0,1,0,1,3412,0.0,0,0,0.3038198580047856,0.0
0,0.0,8258,0,0,0,0,0,3543,0,0.0,0.0,0,0,0,0.0,0,1,0,0,0.0,0,0.0,0,0.8321680614279068,0,0,2014.5034958157162,0.0,0,0,1,3100,0.0,0,0,0.16783193857209322,0.0
0,0.0,7915,0,0,0,0,0,3543,1,1.0,0.0,0,0,0,0.0,0,1,0,0,0.0,0,0.0,1,0.0,0,0,2018.0,0.0,0,0,1,6305,0.0,0,0,0.0,0.0
0,0.0,6124,0,0,0,0,0,9337,0,0.0,0.0,0,0,0,0.0,0,1,0,0,0.0,0,0.0,0,0.0,0,0,2009.9730246175618,0.0,0,0,1,2021,1.0,0,0,0.0,0.0
0,0.0,5671,0,0,0,0,0,1325,0,0.0,0.0,0,0,0,0.0,0,1,0,0,0.0,0,0.0,0,0.5228510062930275,0,0,2020.477148993707,0.0,0,0,1,6945,0.0,0,1,0.4771489937069725,0.0
0,0.0,6572,0,0,0,0,0,4034,0,0.0,0.0,0,0,0,0.0,0,1,0,0,0.0,0,0.0,0,0.0,0,0,2017.932646481123,0.0,0,0,1,4590,0.996455077953838,0,0,0.003544922046161969,0.0
0,0.0,2312,0,0,0,0,0,7969,0,1.0,0.0,0,0,0,0.0,0,1,0,0,0.0,1,0.0,1,0.0,0,0,2021.0,0.0,0,0,1,2797,0.0,0,0,0.0,0.0
0,0.0,3247,0,0,0,0,0,1641,0,0.0,0.0,0,0,0,0.0,0,3,0,0,0.0,1,0.0,0,0.0,0,0,2016.0,0.0,0,0,1,4675,0.0,0,0,1.0,0.0
1,0.0,4344,0,0,0,0,0,9337,0,0.0,0.0,0,0,0,0.0,0,1,0,0,0.0,0,0.0,0,0.7811010094772404,0,0,2017.6866060568634,0.0,0,0,1,8940,0.0,0,0,0.21889899052275963,0.0
0,0.0,6774,0,0,0,1,0,7694,0,0.0,0.0,0,0,0,0.0,0,3,0,0,0.0,0,0.0,0,0.0,0,0,2017.0,0.0,0,0,1,4436,1.0,0,0,0.0,0.0
0,0.0,8162,0,0,0,0,0,6044,0,0.0,0.0,0,0,0,0.0,0,2,0,0,0.0,0,0.0,0,0.8098932860820203,0,0,2019.380213427836,0.0,1,0,1,2490,0.0,0,0,0.19010671391797973,0.0
0,0.0,4449,0,0,0,0,0,9337,0,0.7415092599148535,0.0,0,0,0,0.0,0,1,0,0,0.0,0,0.0,0,0.2584907400851465,0,0,2020.258490740085,0.0,0,0,1,8212,0.0,0,0,0.0,0.0
0,0.0,8930,0,0,0,0,0,9337,0,0.0,0.0,0,0,0,0.0,0,1,0,0,0.0,0,0.0,0,0.0,0,0,2014.0,0.0,0,0,1,1760,1.0,0,0,0.0,0.0
0,0.0,5186,0,0,0,0,0,7969,0,1.0,0.0,0,0,0,0.0,0,1,0,0,0.0,1,0.0,1,0.0,0,0,2021.0,0.0,0,0,1,2840,0.0,0,0,0.0,0.0
0,0.0,4023,0,0,0,0,0,3543,1,0.18119675609342867,0.0,0,0,0,0.0,0,1,0,0,0.0,0,0.0,0,0.0,0,0,2016.7247870243737,0.0,0,0,1,4362,0.0,0,0,0.8188032439065713,0.0
0,0.0,7303,0,0,0,0,0,9337,0,0.0,0.0,0,0,0,0.0,0,1,0,0,0.0,0,0.0,0,0.5933313362640774,0,0,2015.119976035169,0.0,0,0,1,4416,0.4066686637359226,0,0,0.0,0.0
0,0.0,4748,0,0,0,0,0,9337,0,0.0,0.0,0,0,0,0.0,0,1,0,0,0.0,0,0.0,0,0.0,0,0,2008.609487524547,0.0,0,0,1,5074,1.0,0,0,0.0,0.0
0,0.0,5842,0,0,0,0,0,1325,0,0.0,0.0,0,0,0,0.0,0,1,0,0,0.0,0,0.0,0,0.6815080832762591,0,0,2020.3184919167238,0.0,0,0,1,6880,0.0,0,1,0.3184919167237409,0.0
0,0.0,2457,0,0,0,0,0,6044,0,0.30810861708648885,0.0,0,0,0,0.0,0,1,0,0,0.0,0,0.0,0,0.6918913829135112,0,0,2020.6918913829136,0.0,0,0,1,4573,0.0,0,0,0.0,0.0
0,0.0,2067,0,0,1,0,0,1325,0,0.0,0.0,0,0,0,0.0,0,1,0,0,0.0,0,0.0,0,0.24386273188476681,0,0,2019.7561372681153,0.0,0,0,1,8893,0.0,0,0,0.7561372681152332,0.0
0,0.0,2914,0,0,0,1,0,6692,0,0.0,0.0,0,0,0,0.0,0,1,0,0,0.0,0,0.0,0,1.0,0,1,2014.0,0.0,0,0,1,4077,0.0,0,1,0.0,0.0
0,0.0,7917,0,0,0,0,0,1325,0,0.0,0.0,0,0,0,0.0,0,1,0,0,0.0,0,0.0,0,0.5737821456489131,0,0,2018.4426928738935,0.0,0,0,1,9068,0.0,0,0,0.42621785435108694,0.0
0,0.0,1995,0,0,0,1,0,7694,0,0.0,0.0,1,0,0,0.0,0,1,0,0,0.0,0,0.0,0,0.0,0,0,2018.0,0.0,0,0,1,6383,0.0,0,0,1.0,0.0
0,0.0,5101,0,0,0,0,0,3325,0,0.0,0.0,0,0,0,0.0,0,1,0,1,0.0,0,0.0,0,1.0,0,0,2016.0,0.0,0,0,1,9344,0.0,0,0,0.0,0.0
0,0.0,3564,0,0,0,0,0,1325,0,0.0,0.0,0,0,0,0.0,0,4,0,0,0.0,0,0.0,0,1.0,0,1,2015.0,0.0,0,0,1,8028,0.0,0,0,0.0,0.0
1,0.0,4444,0,0,0,0,0,9337,0,0.0,0.0,0,0,0,0.0,0,1,0,0,0.0,0,0.0,0,0.32144269994081764,0,0,2014.9286561996448,0.0,0,0,1,8963,0.0,0,0,0.6785573000591824,0.0
0,0.0,3270,0,0,0,0,0,7694,0,0.0,0.0,0,0,0,0.0,0,7,0,0,0.0,0,0.0,0,0.0,0,0,2015.0,0.0,0,0,1,8869,1.0,0,0,0.0,0.0
0,0.0,5661,0,0,0,0,0,3325,0,0.0,0.0,0,0,0,0.0,0,1,0,0,0.0,0,0.0,0,0.9873092778569208,0,0,2017.9873092778569,0.0,0,0,1,2140,0.0,0,0,0.012690722143079203,0.0
0,0.0,2372,0,0,0,0,0,8361,0,0.0,0.0,0,0,0,0.0,0,1,0,0,0.0,0,0.0,0,0.0,0,1,2015.0,0.0,0,0,1,4315,1.0,0,0,0.0,0.0
0,0.0,7195,0,0,0,0,0,9337,0,0.0,0.0,0,0,0,0.0,0,1,0,1,0.0,0,0.0,0,0.26334373205506445,0,0,2019.4733125358898,0.0,0,0,1,6682,0.0,0,0,0.7366562679449355,0.0
0,0.0,7060,0,0,0,0,0,9337,0,0.0,0.0,0,0,0,0.0,0,1,0,0,0.0,0,0.0,0,0.7133120527409949,0,0,2016.860063841777,0.0,0,0,1,3740,0.0,0,0,0.28668794725900515,0.0
0,0.0,6199,0,0,0,0,0,1325,0,0.0,0.0,0,0,0,0.0,0,2,0,0,0.0,0,0.0,0,0.24475338975357652,0,0,2020.510493220493,0.0,0,0,1,6900,0.0,0,0,0.7552466102464235,0.0
0,0.0,4804,0,0,0,0,0,3944,0,0.0,0.0,0,0,0,0.0,0,1,0,1,0.0,0,0.0,0,0.0,0,0,2019.0,0.0,0,0,1,4542,0.0,0,0,1.0,0.0
0,0.0,7071,0,0,0,0,0,9337,0,0.0,0.0,0,0,0,0.0,0,1,0,0,0.0,0,0.0,0,0.6507612923329734,0,0,2018.349238707667,0.0,0,0,1,4470,0.0,0,0,0.3492387076670266,0.0
0,0.0,5977,0,0,0,0,0,7969,0,0.0,0.0,0,0,0,0.0,0,1,0,0,0.0,0,0.0,0,0.6531949593768174,0,0,2020.3063899187537,0.0,0,0,1,2927,0.3468050406231826,0,0,0.0,0.0
0,0.0,9640,0,0,0,0,0,3325,1,0.0,0.0,0,0,0,0.0,0,2,0,0,0.0,0,0.0,0,0.0,0,0,2017.0,0.0,0,0,1,6355,0.0,0,1,1.0,0.0
0,0.0,3017,0,0,0,0,0,9337,0,0.0,0.0,0,0,0,0.0,0,1,0,0,0.0,0,0.0,0,0.0,0,0,2013.5733583768283,0.0,0,0,1,7367,0.07110693719529926,0,0,0.9288930628047007,0.0
0,0.0,5387,0,0,0,0,0,3325,0,0.0,0.0,0,0,0,0.0,0,1,0,0,0.0,0,0.0,0,0.11798006050210064,0,0,2017.117980060502,0.0,0,0,1,2151,0.0,0,0,0.8820199394978994,0.0
0,0.0,1592,0,0,0,0,0,9337,0,0.0,0.0,0,0,0,0.0,0,1,0,1,0.0,0,0.0,0,0.8524401130166454,0,0,2019.0,0.0,0,0,1,8873,0.0,0,0,0.14755988698335465,0.0
0,0.0,8594,0,0,0,0,0,9337,0,0.0,0.0,0,0,0,0.0,0,7,0,0,0.0,0,0.0,0,0.0,0,0,2015.0,0.0,0,0,1,7296,1.0,0,0,0.0,0.0
0,0.0,3620,0,0,0,0,0,9337,0,0.0,0.0,0,0,0,0.0,0,1,0,0,0.0,0,0.0,0,0.0,0,0,2010.0,0.0,0,0,1,8928,1.0,0,0,0.0,0.0
0,0.0,9184,0,0,0,1,0,9337,0,0.0,0.0,0,0,0,0.0,0,4,0,1,0.0,0,0.0,0,0.0,0,0,2021.0,0.0,0,0,1,6195,1.0,0,0,0.0,0.0
0,0.0,1664,0,0,0,0,0,5288,1,0.0,0.0,0,0,0,0.0,0,1,0,0,0.0,0,0.0,1,0.0,0,0,2010.0,0.0,0,0,1,2187,0.0,0,0,1.0,0.0
0,0.0,5938,0,0,0,1,0,7694,0,0.0,0.0,0,0,0,0.0,0,3,0,0,0.0,0,0.0,0,0.0,0,0,2017.0,0.0,0,0,1,3850,1.0,0,0,0.0,0.0
0,0.0,8553,0,0,0,1,0,6044,0,0.2560907208324854,0.0,0,0,0,0.0,0,1,0,0,0.0,0,0.0,0,0.0,0,0,2019.512181441665,0.0,0,0,1,6065,0.0,0,0,0.7439092791675146,0.0
0,0.0,1995,0,0,0,0,0,5288,0,1.0,0.0,0,0,0,0.0,0,4,0,0,0.0,0,0.0,0,0.0,0,0,2020.0,0.0,0,0,1,1784,0.0,0,0,0.0,0.0
0,0.0,4140,0,0,0,0,0,4034,0,0.0,0.0,0,0,0,0.0,0,2,0,0,0.0,0,0.0,0,0.0,0,0,2018.0,0.0,0,0,1,3445,1.0,0,0,0.0,0.0
0,0.0,8506,0,0,0,0,0,5288,0,0.35066493772979446,0.0,0,0,0,0.0,0,1,0,0,0.0,0,0.0,0,0.0,0,0,2020.0,0.0,0,0,1,4861,0.0,0,0,0.6493350622702055,0.0
0,0.0,9936,0,0,0,0,0,9337,0,0.0,0.0,0,0,0,0.0,0,1,0,1,0.0,0,0.0,0,0.8249677932694522,0,0,2018.8249677932695,0.0,0,0,1,9132,0.17503220673054776,0,0,0.0,0.0
0,0.0,4325,0,0,0,1,0,7694,0,0.0,0.0,0,0,0,0.0,0,3,0,0,0.0,0,0.0,0,0.0,0,0,2017.0,0.0,0,0,1,7822,1.0,0,0,0.0,0.0
0,0.0,4609,0,0,0,0,0,6296,1,0.0,0.0,0,0,0,0.0,0,1,0,0,0.0,0,0.0,0,0.0,0,0,2002.0,0.0,0,0,1,5357,0.0,0,0,1.0,0.0
0,0.0,6124,0,0,0,0,0,9337,0,0.0,0.0,0,0,0,0.0,0,1,0,0,0.0,0,0.0,0,0.0,0,0,2009.0,0.0,0,0,1,2021,1.0,0,1,0.0,0.0
0,0.0,3461,0,0,0,0,0,1325,0,0.0,0.0,0,0,0,0.0,0,2,0,0,0.0,0,0.0,0,0.2451034641839227,0,0,2020.5097930716322,0.0,0,0,1,4281,0.0,0,0,0.7548965358160773,0.0
0,0.0,1188,0,0,0,0,0,1856,0,0.0,0.0,0,0,0,0.0,0,2,0,0,0.0,0,0.0,0,0.0,0,0,2019.0,0.0,0,0,1,4727,1.0,0,1,0.0,0.0
0,0.0,8010,0,0,0,1,0,8040,0,0.0,0.0,0,0,0,0.0,0,2,0,1,0.0,0,0.0,0,1.0,0,0,2016.0,0.0,0,0,1,4036,0.0,0,0,0.0,0.0
0,0.0,7745,0,0,0,0,0,1856,0,0.0,0.0,0,0,0,0.0,0,2,0,0,0.0,0,0.0,0,0.5301964308172102,0,0,2016.879214276731,0.0,0,0,1,2439,0.46980356918278976,0,0,0.0,0.0
0,0.0,8931,0,0,0,1,0,5288,0,0.0,0.0,0,0,0,0.0,0,1,0,0,0.0,0,0.0,0,1.0,0,1,2014.0,0.0,0,0,1,9128,0.0,0,1,0.0,0.0
0,0.0,4171,0,0,0,0,0,6044,0,0.0,0.0,0,0,0,0.0,0,2,0,0,0.0,0,0.0,1,0.0,0,0,2019.0,0.0,0,0,1,2636,1.0,0,0,0.0,0.0
0,0.0,4164,0,0,0,0,0,9337,0,1.0,0.0,0,0,0,0.0,0,1,0,1,0.0,0,0.0,0,0.0,0,0,2015.0,0.0,0,0,1,8722,0.0,0,0,0.0,0.0
0,0.0,2272,0,0,0,0,0,9337,0,1.0,0.0,0,0,0,0.0,0,1,0,1,0.0,0,0.0,0,0.0,0,0,2015.0,0.0,0,0,1,6884,0.0,0,0,0.0,0.0
0,0.0,1153,0,0,0,0,0,1325,0,0.0,0.0,0,0,0,0.0,0,3,0,0,0.0,0,0.0,0,0.9582406001982275,0,0,2015.2087969990089,0.0,0,0,1,4159,0.0,0,0,0.04175939980177246,0.0
0,0.0,2190,0,0,0,1,0,3543,1,1.0,0.0,0,0,0,0.0,0,2,0,0,0.0,0,0.0,0,0.0,0,0,2018.0,0.0,0,0,1,9092,0.0,0,1,0.0,0.0
0,0.0,9435,0,0,0,0,0,3543,1,1.0,0.0,0,0,0,0.0,0,1,0,0,0.0,0,0.0,1,0.0,0,0,2018.0,0.0,0,0,1,5568,0.0,0,0,0.0,0.0
0,0.0,6498,0,0,0,0,1,6692,0,0.0,0.0,0,0,0,0.0,0,2,0,0,0.0,0,0.0,0,0.0,0,1,2011.0,0.0,0,0,1,3160,0.0,0,0,1.0,0.0
0,0.0,7025,0,0,0,0,0,9337,0,0.0,0.0,0,0,0,0.0,0,3,0,0,0.0,1,0.0,0,0.0,0,0,2020.0,0.0,0,0,1,7934,1.0,0,0,0.0,0.0
0,0.0,9465,0,0,0,0,0,4034,0,0.0,0.0,0,0,0,0.0,0,1,0,0,0.0,0,0.0,0,0.2773508432793578,0,0,2017.6132457836031,0.0,0,0,1,5563,0.0,0,0,0.7226491567206422,0.0
0,0.0,1996,0,0,0,0,0,4655,0,0.0,0.0,0,0,0,0.0,0,1,0,0,0.0,0,0.0,0,1.0,0,0,2018.0,0.0,0,0,1,9755,0.0,0,1,0.0,0.0
0,0.0,4742,0,0,0,0,0,7969,0,1.0,0.0,0,0,0,0.0,0,1,0,0,0.0,1,0.0,1,0.0,0,0,2021.0,0.0,0,0,1,6593,0.0,0,0,0.0,0.0
0,0.0,1416,0,0,0,0,0,1325,0,1.0,0.0,0,0,0,0.0,0,1,0,0,0.0,0,0.0,0,0.0,0,0,2019.0,0.0,0,0,1,3373,0.0,0,0,0.0,0.0
0,0.0,8393,0,0,1,0,0,1325,0,0.0,0.0,0,0,0,0.0,0,1,0,0,0.0,0,0.0,0,1.0,0,0,2020.0,0.0,0,0,1,5278,0.0,0,1,0.0,0.0
0,0.0,2596,0,0,0,0,0,4089,0,0.0,0.0,0,0,0,0.0,0,1,0,0,0.0,0,0.0,0,0.0,0,0,2016.156864840743,0.0,0,0,1,9294,0.9156864840743104,0,0,0.08431351592568959,0.0
0,0.0,8245,0,0,0,0,0,1856,0,0.0,0.0,0,0,0,0.0,0,2,0,0,0.0,0,0.0,0,0.0,0,0,2019.0,0.0,0,0,1,2172,1.0,0,1,0.0,0.0
0,0.0,5121,0,0,0,0,0,9337,0,0.48988660423955865,0.0,0,0,0,0.0,0,1,0,0,0.0,0,0.0,1,0.0,0,0,2020.0202267915208,0.0,0,0,1,8043,0.0,0,0,0.5101133957604413,0.0
0,0.0,2852,0,0,0,0,0,6692,0,0.0,0.0,0,0,0,0.0,0,1,0,0,0.0,0,0.0,0,0.8865250632332176,0,0,2014.1134749367668,0.0,0,0,1,4113,0.0,0,0,0.11347493676678244,0.0
0,0.0,3244,0,0,0,0,0,6044,0,0.0,0.0,0,0,0,0.0,0,1,0,0,0.0,0,0.0,0,0.0,0,0,2012.0,0.0,0,0,1,5129,1.0,0,0,0.0,0.0
0,0.0,8875,0,0,0,0,0,5288,0,0.951737697020116,0.0,0,0,0,0.0,0,1,0,0,0.0,0,0.0,0,0.0,0,0,2020.0,0.0,0,0,1,4861,0.0,0,0,0.048262302979883986,0.0
0,0.0,6080,0,0,0,0,0,6044,0,0.5829431946555841,0.0,0,0,0,0.0,0,1,0,0,0.0,0,0.0,0,0.4170568053444159,0,0,2021.0,0.0,0,0,1,4163,0.0,0,0,0.0,0.0
0,0.0,4026,0,0,0,0,0,6044,0,0.0,0.0,0,0,0,0.0,0,1,0,0,0.0,0,0.0,0,0.9097013553862526,0,0,2020.9097013553862,0.0,1,0,1,3797,0.0,0,0,0.09029864461374737,0.0
0,0.0,1644,0,0,0,0,0,3543,0,0.0,0.0,0,0,0,0.0,0,1,0,0,0.0,0,0.0,0,0.0,0,1,2010.0,0.0,0,0,1,2793,1.0,0,0,0.0,0.0
0,0.0,1476,0,0,0,1,0,9337,1,0.0,0.0,0,0,0,0.0,0,1,0,0,0.0,0,0.0,0,0.0,0,0,2016.0,0.0,0,0,1,8762,0.0,0,0,1.0,0.0
0,0.0,2622,0,0,0,1,0,3543,0,0.0,0.0,0,0,0,0.0,0,1,0,0,0.0,0,0.0,0,0.7179104228724267,0,0,2018.1537312686173,0.0,0,0,1,9638,0.0,0,0,0.2820895771275733,0.0
0,0.0,6789,0,0,0,0,0,9337,0,1.0,0.0,0,0,0,0.0,0,4,0,0,0.0,0,0.0,0,0.0,0,0,2013.0,0.0,1,0,1,5456,0.0,0,0,0.0,0.0
1,0.0,1709,0,0,0,0,0,6044,0,0.0,0.0,0,0,0,0.0,0,1,0,1,0.0,0,0.0,0,1.0,0,1,2017.0,0.0,0,0,1,5569,0.0,0,0,0.0,0.0
0,0.0,2611,0,0,0,0,0,5288,0,0.885431526527606,0.0,0,0,0,0.0,0,3,0,0,0.0,0,0.0,0,0.11456847347239396,0,0,2019.5417261061104,0.0,0,0,1,7618,0.0,0,0,0.0,0.0
0,0.0,9141,0,0,1,0,0,1325,0,0.0,0.0,0,0,0,0.0,0,1,0,0,0.0,0,0.0,0,1.0,0,0,2021.0,0.0,1,0,1,6510,0.0,0,0,0.0,0.0
0,0.0,5054,0,0,0,0,0,9337,0,0.0,0.0,0,0,0,0.0,0,1,0,0,0.0,0,0.0,0,0.20836276843877677,0,0,2021.0,0.0,0,0,1,8362,0.0,0,0,0.7916372315612232,0.0
1,0.0,5101,0,0,0,1,0,7969,1,0.0,0.0,0,0,0,0.0,0,2,0,0,0.0,0,0.0,0,1.0,1,0,2021.0,0.0,0,0,1,4482,0.0,0,0,0.0,0.0
0,0.0,4748,0,0,0,0,0,9337,0,0.0,0.0,0,0,0,0.0,0,1,0,0,0.0,0,0.0,0,0.0,0,0,2008.1067905704822,0.0,0,0,1,5074,1.0,0,0,0.0,0.0
0,0.0,4980,0,0,0,0,0,3543,0,1.0,0.0,0,0,0,0.0,0,2,0,0,0.0,1,0.0,0,0.0,0,0,2016.0,0.0,0,0,1,2860,0.0,0,0,0.0,0.0
0,0.0,2033,0,0,0,0,0,6044,0,0.0,0.0,0,0,0,0.0,0,2,0,0,0.0,0,0.0,1,0.0,0,0,2019.0,0.0,0,0,1,6704,1.0,0,0,0.0,0.0
0,0.0,8991,1,0,0,0,1,9337,0,0.0,0.0,0,0,0,0.0,0,2,0,0,0.0,1,0.0,0,0.0,0,0,2011.0,0.0,0,0,1,2644,0.0,0,0,1.0,0.0
0,0.0,1097,0,0,0,0,0,1641,0,0.0,0.0,0,0,0,0.0,0,3,0,0,0.0,1,0.0,0,0.0,0,0,2016.0,0.0,0,0,1,5211,0.0,0,0,1.0,0.0
0,0.0,9590,1,0,0,0,1,1055,0,0.0,0.0,0,0,0,0.0,0,2,0,0,0.0,1,0.0,0,0.0,0,0,2011.0,0.0,0,0,1,7153,0.0,0,0,1.0,0.0
0,0.0,6124,0,0,0,0,0,9337,0,0.0,0.0,0,0,0,0.0,0,1,0,0,0.0,0,0.0,0,0.0,0,0,2010.8177345349575,0.0,0,0,1,2021,1.0,0,0,0.0,0.0
0,0.0,3704,0,0,0,0,0,9337,0,0.0,0.0,0,0,0,0.0,0,5,0,0,0.0,0,0.0,0,0.0,0,1,2011.1083453133747,0.0,0,0,1,5499,0.25615889941849457,0,0,0.7438411005815054,0.0
0,0.0,8214,0,0,0,1,0,7694,0,0.0,0.0,0,0,0,0.0,0,3,0,0,0.0,0,0.0,0,0.0,0,0,2017.0,0.0,0,0,1,6190,1.0,0,0,0.0,0.0
0,0.0,7221,0,0,0,0,0,9337,0,0.0,0.0,0,0,0,0.0,0,7,0,0,0.0,0,0.0,0,0.0,0,0,2015.0,0.0,0,0,1,2235,1.0,0,0,0.0,0.0
0,0.0,7236,0,0,0,1,0,7694,0,0.0,0.0,0,0,0,0.0,0,3,0,0,0.0,0,0.0,0,0.0,0,0,2017.0,0.0,0,0,1,1037,1.0,0,0,0.0,0.0
0,0.0,1664,0,0,0,0,0,1325,1,0.0,0.0,0,0,0,0.0,0,1,0,0,0.0,0,0.0,1,0.0,0,0,2010.0,0.0,0,0,1,2187,0.0,0,0,1.0,0.0
0,0.0,6995,0,0,0,0,0,9337,0,0.0,0.0,0,0,0,0.0,0,1,0,0,0.0,0,0.0,0,0.0,0,0,2011.0,0.0,0,0,1,8050,1.0,0,0,0.0,0.0
0,0.0,4848,0,0,0,0,0,3543,1,1.0,0.0,0,0,0,0.0,0,1,0,0,0.0,0,0.0,1,0.0,0,0,2018.0,0.0,0,0,1,5313,0.0,0,0,0.0,0.0
0,0.0,8940,0,0,0,1,0,6044,0,0.961325806303864,0.0,0,0,0,0.0,0,1,0,0,0.0,0,0.0,0,0.0,0,0,2020.9226516126078,0.0,0,0,1,6062,0.0,0,0,0.038674193696136006,0.0
0,0.0,8939,0,0,0,1,0,6044,0,0.9588425389316284,0.0,0,0,0,0.0,0,1,0,0,0.0,0,0.0,0,0.0,0,0,2020.9176850778633,0.0,0,0,1,6062,0.0,0,0,0.04115746106837159,0.0
0,0.0,2508,0,0,0,0,1,4096,1,0.0,0.0,0,0,0,0.0,0,1,0,0,0.0,0,0.0,0,0.0,0,0,2018.0,0.0,0,0,1,4467,0.0,0,0,1.0,0.0
0,0.0,8211,0,0,0,0,0,6044,0,0.0,0.0,0,0,0,0.0,0,1,0,0,0.0,0,0.0,0,0.5969934584327414,0,0,2018.5969934584327,0.0,0,0,1,3523,0.0,0,0,0.40300654156725857,0.0
0,0.0,8993,1,0,0,0,1,1055,0,0.0,0.0,0,0,0,0.0,0,2,0,0,0.0,1,0.0,0,0.0,0,0,2011.0,0.0,0,0,1,2350,0.0,0,0,1.0,0.0
0,0.0,1046,0,0,0,0,0,6044,0,0.0,0.0,0,0,0,0.0,0,1,0,0,0.0,0,0.0,0,0.0,0,0,2012.0,0.0,0,0,1,2785,1.0,0,0,0.0,0.0
0,0.0,8923,0,0,0,1,0,6044,0,1.0,0.0,0,0,0,0.0,0,1,0,0,0.0,1,0.0,0,0.0,0,0,2021.0,0.0,0,0,1,5620,0.0,0,0,0.0,0.0
0,0.0,9171,0,0,0,1,0,3543,1,1.0,0.0,0,0,0,0.0,0,2,0,0,0.0,0,0.0,0,0.0,0,0,2018.0,0.0,0,0,1,1791,0.0,0,1,0.0,0.0
0,0.0,7948,0,0,0,0,0,9337,0,0.0,0.0,0,0,0,0.0,0,1,0,0,0.0,0,0.0,0,0.9844526062816878,0,0,2017.8600734565352,0.0,0,0,1,4470,0.0,0,0,0.015547393718312152,0.0
0,0.0,7056,0,0,0,0,0,9337,0,0.0,0.0,0,0,0,0.0,0,1,0,0,0.0,0,0.0,0,0.18682355333360634,0,0,2015.8131764466664,0.0,0,0,1,2333,0.0,0,0,0.8131764466663937,0.0
0,0.0,8729,0,0,0,1,0,6044,0,0.0,0.0,0,0,0,0.0,0,2,0,1,0.0,0,0.0,0,1.0,0,0,2016.0,0.0,0,0,1,1742,0.0,0,0,0.0,0.0
0,0.0,5221,0,0,0,0,0,1325,0,0.0,0.0,0,0,0,0.0,0,1,0,0,0.0,0,0.0,1,0.3239482051961411,0,0,2019.676051794804,0.0,0,0,1,6192,0.0,0,0,0.6760517948038589,0.0
0,0.0,5565,0,0,0,0,0,6044,0,0.0,0.0,0,0,0,0.0,0,10,0,0,0.0,0,0.0,0,1.0,0,1,1992.0,0.0,0,0,1,1190,0.0,0,0,0.0,0.0
0,0.0,2849,0,0,0,0,0,1325,0,0.824512064770906,0.0,0,0,0,0.0,0,1,0,0,0.0,0,0.0,0,0.0,0,0,2019.175487935229,0.0,0,0,1,9752,0.0,0,0,0.175487935229094,0.0
0,0.0,1324,0,0,0,0,0,9337,0,0.0,0.0,0,0,0,0.0,0,7,0,0,0.0,0,0.0,0,0.0,0,0,2015.0,0.0,0,0,1,4542,1.0,0,0,0.0,0.0
0,0.0,4364,0,0,0,1,0,9337,0,0.0,0.0,0,0,0,0.0,0,2,0,0,0.0,0,0.0,0,0.0,0,0,2019.0,0.0,0,0,1,7445,1.0,0,0,0.0,0.0
0,0.0,4286,0,0,0,0,0,4096,0,0.27268102162249686,0.0,0,0,0,0.0,0,1,0,0,0.0,0,0.0,0,0.0,0,0,1985.36289634596,0.0,0,0,1,5948,0.0,0,0,0.7273189783775031,0.0
0,0.0,1965,0,0,0,0,0,8361,0,0.0,0.0,0,0,0,0.0,0,1,0,0,0.0,0,0.0,0,0.0,0,1,2015.0,0.0,0,0,1,2699,1.0,0,0,0.0,0.0
0,0.0,9840,0,0,0,0,0,9753,0,0.0,0.0,0,1,0,0.0,0,2,0,0,0.0,0,0.0,0,0.0,0,0,2016.0,0.0,0,0,1,4344,0.0,0,2,1.0,0.0
0,0.0,8213,0,0,0,0,0,7969,0,1.0,0.0,0,0,0,0.0,0,1,0,0,0.0,1,0.0,0,0.0,0,0,2020.0,0.0,0,0,1,3427,0.0,0,0,0.0,0.0
0,0.0,5521,0,0,0,1,0,7694,0,0.0,0.0,0,0,0,0.0,0,3,0,0,0.0,0,0.0,0,0.0,0,0,2017.0,0.0,0,0,1,2565,1.0,0,0,0.0,0.0
0,0.0,3853,0,0,0,0,0,1325,0,0.0,0.0,0,0,0,0.0,0,1,0,0,0.0,0,0.0,1,0.12004590455668751,0,0,2015.4801836182266,0.0,0,0,1,8876,0.0,0,0,0.8799540954433125,0.0
0,0.0,8487,0,0,0,0,0,9337,0,0.0,0.0,0,1,0,0.0,0,1,0,0,0.0,0,0.0,0,1.0,0,0,2020.0,0.0,0,0,1,2205,0.0,0,1,0.0,0.0
0,0.0,3985,0,0,0,0,0,3543,1,0.06479200765295245,0.0,0,0,0,0.0,0,1,0,0,0.0,0,0.0,0,0.0,0,0,2016.129584015306,0.0,0,0,1,4372,0.0,0,0,0.9352079923470475,0.0
0,0.0,1491,0,0,0,0,0,7969,0,0.0,0.0,0,0,0,0.0,0,1,0,0,0.0,0,0.0,0,0.0,0,1,2019.0,0.0,0,0,1,6062,1.0,0,0,0.0,0.0
0,0.0,8868,0,0,0,0,0,3543,0,0.0,0.0,0,0,0,0.0,0,2,0,0,0.0,0,0.0,1,0.0,0,0,2019.0,0.0,0,0,1,1109,1.0,0,0,0.0,0.0
0,0.0,8542,0,0,0,0,0,7694,0,0.0,0.0,0,0,0,0.0,0,7,0,0,0.0,0,0.0,0,0.0,0,0,2015.0,0.0,0,0,1,3253,1.0,0,0,0.0,0.0
0,0.0,6719,0,0,0,0,0,7969,1,0.9543139285581219,0.0,0,0,0,0.0,0,3,0,0,0.0,0,0.0,0,0.0,0,0,2016.1827442857675,0.0,0,0,1,4326,0.0,0,0,0.045686071441878084,0.0
0,0.0,5653,0,0,0,0,0,9337,0,0.0,0.0,0,1,0,0.0,0,1,0,0,0.0,0,0.0,0,1.0,0,0,2020.0,0.0,0,0,1,5196,0.0,0,1,0.0,0.0
0,0.0,5719,0,0,0,0,0,1325,0,0.0,0.0,0,0,0,0.0,0,2,0,0,0.0,0,0.0,0,0.26438577279284325,0,0,2020.4712284544144,0.0,0,0,1,6988,0.0,0,0,0.7356142272071567,0.0
0,0.0,9136,0,0,0,0,1,4096,1,0.0,0.0,0,0,0,0.0,0,1,0,0,0.0,0,0.0,0,0.0,0,0,2018.0,0.0,0,0,1,1740,0.0,0,0,1.0,0.0
0,0.0,9821,0,0,0,0,0,9753,0,0.0,0.0,0,1,0,0.0,0,2,0,0,0.0,0,0.0,0,0.0,0,0,2016.0,0.0,0,0,1,4325,0.0,0,2,1.0,0.0
0,0.0,9600,0,0,0,0,0,7694,0,0.0,0.0,0,0,0,0.0,0,7,0,0,0.0,0,0.0,0,0.0,0,0,2015.0,0.0,0,0,1,4746,1.0,0,0,0.0,0.0
0,0.0,2283,0,0,0,1,0,7694,0,0.0,0.0,1,0,0,0.0,0,1,0,0,0.0,0,0.0,0,0.0,0,0,2018.0,0.0,0,0,1,5424,0.0,0,0,1.0,0.0
0,0.0,4568,0,0,0,0,1,4096,1,0.0,0.0,0,0,0,0.0,0,1,0,0,0.0,0,0.0,0,0.0,0,0,2018.0,0.0,0,0,1,1711,0.0,0,0,1.0,0.0
0,0.0,9010,0,0,0,0,0,9337,0,1.0,0.0,0,0,0,0.0,0,2,0,1,0.0,1,0.0,0,0.0,0,0,2019.0,0.0,0,0,1,7089,0.0,0,0,0.0,0.0
0,0.0,2302,0,0,0,0,0,6044,0,0.0,0.0,0,0,0,0.0,0,1,0,0,0.0,0,0.0,0,0.0,0,0,2017.039198542625,0.0,0,0,1,7021,1.0,0,0,0.0,0.0
0,0.0,4716,0,0,0,0,0,3543,0,0.0,0.0,0,0,0,0.0,0,7,0,0,0.0,0,0.0,0,0.0,0,0,2015.0,0.0,0,0,1,2736,1.0,0,0,0.0,0.0
0,0.0,8766,0,0,0,0,0,4034,0,0.0,0.0,0,0,0,0.0,0,2,0,0,0.0,0,0.0,0,0.0,0,0,2018.0,0.0,0,0,1,8424,1.0,0,0,0.0,0.0
0,0.0,4323,0,0,0,0,0,9337,0,0.0,0.0,0,0,0,0.0,0,1,0,0,0.0,0,0.0,0,0.0,0,1,2010.0,0.0,0,0,1,4627,1.0,0,0,0.0,0.0
0,0.0,1163,0,0,0,0,0,8361,0,0.0,0.0,0,0,0,0.0,0,1,0,0,0.0,0,0.0,0,0.0,0,1,2015.0,0.0,0,0,1,1940,1.0,0,0,0.0,0.0
0,0.0,5062,0,0,0,0,0,9337,0,0.0,0.0,0,0,0,0.0,0,1,0,0,0.0,0,0.0,0,0.0,0,0,2010.0,0.0,0,0,1,3361,1.0,0,0,0.0,0.0
0,0.0,8559,0,0,0,0,0,3944,0,0.0,0.0,0,0,0,0.0,0,3,0,0,0.0,1,0.0,0,0.0,0,0,2018.0,0.0,0,0,1,2927,0.0,0,0,1.0,0.0
0,0.0,1211,0,0,0,0,0,3944,0,0.0,0.0,0,0,0,0.0,0,1,0,0,0.0,0,0.0,0,0.0,0,0,1989.4035396778402,0.0,0,0,1,7795,0.7262226400568347,0,0,0.2737773599431653,0.0
0,0.0,3154,0,0,0,0,0,9337,0,0.6131879472044032,0.0,0,0,0,0.0,0,1,0,0,0.0,0,0.0,0,0.0,0,0,2003.9626169503208,0.0,1,0,1,9415,0.0,0,0,0.38681205279559683,0.0
0,0.0,3961,0,0,0,0,0,3543,1,0.17531918119187406,0.0,0,0,0,0.0,0,1,0,0,0.0,0,0.0,0,0.0,0,0,2016.3506383623837,0.0,0,0,1,4403,0.0,0,0,0.8246808188081259,0.0
0,0.0,4108,0,0,0,0,0,7969,0,0.7105339210892356,0.0,0,0,0,0.0,0,3,0,0,0.0,0,0.0,0,0.0,0,0,2016.8683982367322,0.0,0,0,1,5109,0.28946607891076437,0,0,0.0,0.0
0,0.0,3954,0,0,0,0,0,1325,1,0.0,0.0,0,0,0,0.0,0,1,0,0,0.0,0,0.0,1,0.0,0,0,2010.0,0.0,0,0,1,9541,0.0,0,0,1.0,0.0
0,0.0,2976,0,0,0,0,0,5288,0,1.0,0.0,0,0,0,0.0,0,1,0,0,0.0,1,0.0,0,0.0,0,0,2020.0,0.0,0,0,1,6986,0.0,0,0,0.0,0.0
0,0.0,4331,0,0,0,0,0,3543,0,0.23219019524442264,0.0,0,0,0,0.0,0,5,0,0,0.0,0,0.0,0,0.0,0,0,2015.6965705857333,0.0,0,0,1,8866,0.7678098047555774,0,0,0.0,0.0
0,0.0,7463,0,0,0,0,0,5288,1,0.0,0.0,0,0,0,0.0,0,1,0,0,0.0,0,0.0,0,0.0,0,0,2020.0,0.0,0,0,1,6788,0.0,0,0,1.0,0.0
0,0.0,7396,0,0,0,0,0,9337,0,1.0,0.0,0,0,0,0.0,0,5,0,0,0.0,0,0.0,1,0.0,0,0,2021.0,0.0,0,0,1,5667,0.0,0,0,0.0,0.0
0,0.0,1148,0,0,0,0,0,4655,0,0.0,0.0,0,0,0,0.0,0,2,0,0,0.0,0,0.0,0,0.0,0,0,2017.0,0.0,0,0,1,2793,1.0,0,0,0.0,0.0
0,0.0,3694,0,0,0,1,0,6692,0,0.0,0.0,0,0,0,0.0,0,1,0,0,0.0,0,0.0,0,1.0,0,1,2014.0,0.0,0,0,1,6711,0.0,0,1,0.0,0.0
0,0.0,6621,0,0,0,0,0,9337,0,0.0,0.0,0,0,0,0.0,0,1,0,0,0.0,0,0.0,0,0.0,0,0,2019.798120347488,0.0,0,0,1,5236,0.03364660875200309,0,0,0.9663533912479969,0.0
0,0.0,8030,0,0,0,1,0,8040,0,0.0,0.0,0,0,0,0.0,0,2,0,1,0.0,0,0.0,0,1.0,0,0,2016.0,0.0,0,0,1,4020,0.0,0,0,0.0,0.0
0,0.0,5187,0,0,0,0,0,4096,0,0.0,0.0,0,0,0,0.0,0,1,0,0,0.0,0,0.0,0,0.6439914188786111,0,0,2011.1678112153295,0.0,0,0,1,3287,0.0,0,0,0.3560085811213889,0.0
0,0.0,8072,0,0,0,0,0,9337,0,0.0,0.0,0,0,0,0.0,0,1,0,0,0.0,0,0.0,0,0.0,0,1,2019.0,0.0,0,0,1,8248,1.0,0,0,0.0,0.0
0,0.0,1494,0,0,0,0,0,9337,0,0.0,0.0,0,0,0,0.0,0,8,0,0,0.0,0,0.0,0,0.0,0,0,1995.9061725393965,0.0,0,0,1,4665,1.0,0,1,0.0,0.0
0,0.0,1619,0,0,0,0,0,4655,0,0.0,0.0,0,0,0,0.0,0,2,0,0,0.0,0,0.0,0,0.0,0,0,2017.0,0.0,0,0,1,6536,1.0,0,0,0.0,0.0
0,0.0,6130,0,0,0,1,0,9337,0,0.0,0.0,0,0,0,0.0,0,2,0,1,0.0,0,0.0,1,1.0,0,0,2019.0,0.0,1,0,1,1670,0.0,0,0,0.0,0.0
0,0.0,3430,0,0,0,0,0,8361,0,0.0,0.0,0,0,0,0.0,0,1,0,0,0.0,0,0.0,0,0.0,0,1,2015.0,0.0,0,0,1,1805,1.0,0,0,0.0,0.0
1,0.0,4051,0,0,0,1,0,9337,0,0.0,0.0,0,0,0,0.0,0,1,0,0,0.0,0,0.0,0,1.0,0,0,2008.0,0.0,0,0,1,8037,0.0,0,1,0.0,0.0
0,0.0,2389,0,0,0,0,0,5288,0,1.0,0.0,0,0,0,0.0,0,1,0,0,0.0,1,0.0,0,0.0,0,0,2020.0,0.0,0,0,1,1657,0.0,0,0,0.0,0.0
0,0.0,6743,0,0,0,0,0,4655,0,0.0,0.0,0,0,0,0.0,0,2,0,0,0.0,0,0.0,0,0.0,0,0,2017.0,0.0,0,0,1,3748,1.0,0,0,0.0,0.0
0,0.0,8146,0,0,0,0,0,9337,0,0.14805231739442803,0.0,0,0,0,0.0,0,1,0,0,0.0,0,0.0,0,0.851947682605572,0,0,2020.4077907304222,0.0,0,0,1,8515,0.0,0,0,0.0,0.0
0,0.0,8354,0,0,0,0,0,5288,0,0.4708541796709843,0.0,0,0,0,0.0,0,2,0,0,0.0,0,0.0,0,0.0,0,0,2020.0,0.0,0,0,1,2561,0.0,0,0,0.5291458203290157,0.0
0,0.0,7758,1,0,0,0,1,1055,0,0.0,0.0,0,0,0,0.0,0,2,0,0,0.0,1,0.0,0,0.0,0,0,2011.0,0.0,0,0,1,4779,0.0,0,0,1.0,0.0
0,0.0,6995,0,0,0,0,0,9337,0,0.0,0.0,0,0,0,0.0,0,1,0,0,0.0,0,0.0,0,0.0,0,0,2008.0,0.0,0,0,1,8155,1.0,0,0,0.0,0.0
