rating_R,cast,finds,man,man,time,high,high,family,father,country,young,rating_TV-G,love,love,woman,story,home,duration,life,life,rating_TV-MA,teen,rating_PG,old,rating_UR,series,world,world,release_year,rating_TV-14,new,school,type,group,director,rating_TV-PG,friends,girl,girl,rating_TV-Y7,rating_PG-13
0.0,8596,0,0,0,0,0,0,0,0,9337,0,0.0,0,0,0,0,0,1,0,0,0.08929126692451406,0,0.0,0,0.0,0,0,0,1992.5001554738865,0.9107087330754859,0,0,1,0,5236,0.0,0,0,0,0.0,0.0
0.0,1307,0,0,0,0,0,0,0,0,9337,0,0.0,0,0,0,0,0,2,0,0,0.7699541742809421,0,0.0,0,0.0,0,0,0,2012.3286710541474,0.23004582571905785,0,0,1,0,5552,0.0,0,0,0,0.0,0.0
0.0,4483,0,0,0,0,0,0,0,0,9337,0,0.0,0,0,0,0,0,3,0,0,0.7304947347003574,0,0.0,0,0.0,0,0,0,2020.7304947347004,0.2695052652996426,0,0,1,0,6406,0.0,0,0,0,0.0,0.0
0.0,4645,0,0,0,0,0,0,0,0,3543,0,0.0,0,0,0,0,0,3,0,0,1.0,0,0.0,0,0.0,0,0,0,2019.0,0.0,0,0,1,0,4993,0.0,0,0,0,0.0,0.0
0.0,7900,0,0,0,0,0,0,0,0,9337,0,0.0,0,0,0,0,0,7,0,0,1.0,0,0.0,0,0.0,0,0,0,2012.7335405891154,0.0,0,0,1,0,2620,0.0,0,0,0,0.0,0.0
0.0,6278,0,0,0,0,0,1,0,0,9337,0,0.0,0,0,0,0,0,1,0,0,0.0,0,0.0,0,0.0,0,0,0,2021.0,1.0,0,0,1,0,2076,0.0,0,0,0,0.0,0.0
0.0,5455,0,0,0,0,0,0,0,0,1325,0,0.0,0,0,0,0,0,1,0,0,0.7981959174245611,0,0.0,0,0.0,0,0,0,2019.403608165151,0.0,0,0,1,0,6526,0.20180408257543891,0,0,0,0.0,0.0
0.0,4328,0,0,0,0,0,0,1,0,4034,0,0.0,0,0,1,0,0,1,0,0,1.0,0,0.0,0,0.0,0,0,0,2020.0,0.0,0,0,1,0,2093,0.0,0,0,0,0.0,0.0
0.0,5942,0,0,0,0,0,0,0,0,9337,0,0.0,0,0,0,0,0,3,0,0,1.0,0,0.0,0,0.0,0,0,0,2019.8210334700102,0.0,0,0,1,0,8654,0.0,0,0,0,0.0,0.0
0.0,7722,0,0,0,0,0,0,0,0,3543,0,0.28532366513703333,0,0,0,0,0,2,0,0,0.7146763348629667,0,0.0,0,0.0,0,0,0,2018.144029004589,0.0,0,0,1,0,9335,0.0,0,0,0,0.0,0.0
0.0,4473,0,0,0,0,0,0,0,0,9337,0,1.0,0,0,0,0,0,5,0,0,0.0,0,0.0,0,0.0,0,0,0,2015.2354859941715,0.0,0,0,1,0,1788,0.0,0,0,0,0.0,0.0
0.0,2833,0,0,0,0,0,0,0,0,7969,0,0.0,0,0,0,0,0,3,0,0,0.0,0,0.0,0,0.0,0,0,0,2018.0,1.0,1,0,1,0,6973,0.0,0,0,0,0.0,0.0
0.0,5375,0,0,0,0,0,0,0,0,3543,0,0.0,0,0,0,0,0,1,0,0,0.14432729155620838,0,0.0,0,0.0,0,0,0,2011.298945624006,0.0,0,0,1,0,1978,0.8556727084437916,0,0,0,0.0,0.0
0.0,7490,0,0,0,0,0,0,0,0,9337,0,0.0,0,0,0,0,0,1,0,0,0.0,0,0.0,0,0.0,0,0,0,2015.9177574356181,1.0,0,0,1,0,7233,0.0,0,0,0,0.0,0.0
0.0,3234,0,0,0,0,0,0,0,0,9337,0,0.0,0,0,0,0,0,4,0,0,0.0,0,0.0,0,0.0,0,0,0,2017.6907318020433,0.15463409897839997,0,0,1,0,2205,0.8453659010216,0,0,0,0.0,0.0
0.0,3523,0,0,0,0,0,0,0,0,7969,0,0.0,0,0,0,0,0,3,0,0,0.0,0,0.0,0,0.0,0,0,0,2018.0,1.0,1,0,1,0,2489,0.0,0,0,0,0.0,0.0
0.0,7768,0,0,0,0,0,0,0,0,7969,0,0.0,0,0,0,0,0,3,0,0,0.0,0,0.0,0,0.0,0,0,0,2018.0,1.0,1,0,1,0,1925,0.0,0,0,0,0.0,0.0
0.0,1344,0,0,0,0,0,0,0,0,9337,0,0.0,0,0,0,0,0,3,0,0,1.0,0,0.0,0,0.0,0,0,0,2019.0,0.0,0,0,1,0,5682,0.0,0,0,0,0.0,0.0
0.0,3164,0,0,0,0,0,0,0,0,7969,0,0.0,0,0,0,0,0,3,0,0,0.0,0,0.0,0,0.0,0,0,0,2018.0,1.0,1,0,1,0,1396,0.0,0,0,0,0.0,0.0
0.0,7622,0,0,0,0,0,0,0,0,9337,0,0.0,0,0,0,0,0,2,0,1,0.0,0,0.0,0,0.0,0,0,0,2018.0,1.0,1,0,1,0,7153,0.0,0,0,0,0.0,0.0
0.0,8041,0,0,0,0,0,0,0,0,9337,0,0.0,0,0,0,0,0,4,0,0,0.09432447665655419,0,0.0,0,0.0,0,0,0,2016.2829734299696,0.0,0,0,1,0,3192,0.9056755233434458,0,0,0,0.0,0.0
0.0,2959,0,0,0,0,0,0,0,0,6044,0,0.0,0,0,0,0,0,1,0,0,0.0,0,0.0,1,0.0,0,0,0,2011.0,1.0,0,0,1,0,7800,0.0,0,0,0,0.0,0.0
0.0,9965,0,0,0,0,0,0,0,0,9337,0,0.0,0,0,0,0,0,1,0,0,0.08876120026089052,0,0.0,0,0.0,0,0,0,2002.597701604696,0.9112387997391095,0,0,1,0,6037,0.0,0,0,0,0.0,0.0
0.0,1600,0,0,0,0,0,0,0,0,9337,0,0.0,0,0,0,0,0,2,0,0,0.5773686601279447,0,0.0,0,0.0,0,0,0,2006.7436911437103,0.42263133987205526,0,0,1,0,5611,0.0,0,0,0,0.0,0.0
0.0,4237,0,0,0,0,0,0,0,0,4655,0,0.0,0,0,0,0,0,1,0,0,1.0,0,0.0,0,0.0,0,0,0,2019.0,0.0,0,0,1,0,7484,0.0,0,0,0,0.0,0.0
0.0,5901,0,0,0,0,0,0,0,0,7969,0,0.0,0,0,0,0,0,3,0,0,0.0,0,0.0,0,0.0,0,0,0,2018.0,1.0,1,0,1,0,4327,0.0,0,0,0,0.0,0.0
0.0,1944,0,0,0,0,0,0,0,0,9337,0,0.0,0,0,0,0,0,2,0,0,0.0,0,0.0,0,0.0,0,0,1,2019.8720494626848,0.375983512438425,0,0,1,0,7521,0.624016487561575,0,0,0,0.0,0.0
0.0,7641,0,0,0,0,0,0,0,0,6044,0,0.0,0,0,0,0,0,1,0,0,1.0,0,0.0,0,0.0,0,0,0,2009.0,0.0,0,0,1,1,1740,0.0,0,0,0,0.0,0.0
0.0,7619,0,0,0,0,0,0,0,0,9337,0,0.0,0,0,0,0,0,2,0,0,1.0,0,0.0,0,0.0,0,0,0,2020.5107022185086,0.0,0,0,1,0,6712,0.0,0,0,0,0.0,0.0
0.0,9660,0,0,0,0,0,0,1,0,9337,0,0.0,0,0,0,0,0,1,0,0,0.0,0,0.0,0,0.0,0,0,0,2019.0,1.0,0,0,1,1,8542,0.0,0,0,0,0.0,0.0
0.0,4078,0,0,0,0,0,0,0,0,9337,0,0.0,0,0,0,0,0,2,0,0,0.6559833516903059,0,0.0,0,0.0,0,0,0,2018.3119667033807,0.34401664830969414,0,0,1,0,4094,0.0,0,0,0,0.0,0.0
0.0,6129,0,0,0,0,0,1,0,0,5057,0,0.0,0,0,0,0,0,1,0,0,0.0,0,0.0,0,0.0,0,0,0,2021.0,1.0,0,0,1,0,2435,0.0,0,0,0,0.0,0.0
0.0,3876,0,0,0,0,0,0,0,0,9753,0,0.0,0,0,0,0,0,1,0,0,1.0,0,0.0,0,0.0,0,0,0,2020.0,0.0,0,0,1,0,5879,0.0,0,0,0,0.0,0.0
0.0,4317,0,0,0,0,0,0,0,0,9337,0,0.573176994815496,0,0,0,0,0,5,0,0,0.0,0,0.0,0,0.0,0,0,0,2015.4268230051846,0.0,0,0,1,0,1693,0.426823005184504,0,0,0,0.0,0.0
0.0,6587,0,0,0,0,0,0,0,0,9337,0,0.0,0,0,0,0,0,1,0,0,0.5549139578808261,0,0.0,0,0.0,0,0,0,2007.2023326943056,0.4450860421191739,0,0,1,0,5075,0.0,0,0,0,0.0,0.0
0.0,2549,0,0,0,0,0,0,0,0,9337,0,0.0,0,0,0,0,0,1,0,0,0.0,0,0.0,0,0.0,0,0,0,2002.9514916055973,1.0,0,0,1,0,5403,0.0,0,0,0,0.0,0.0
0.0,9957,0,0,0,0,0,0,0,0,9337,0,0.0,0,0,0,0,0,2,0,0,0.879838785423281,0,0.0,0,0.0,0,0,0,2019.1201612145767,0.0,0,0,1,0,7716,0.12016121457671902,0,0,0,0.0,0.0
0.0,4270,0,0,0,0,0,0,0,0,6044,0,0.0,0,0,0,0,0,2,0,0,1.0,0,0.0,0,0.0,0,0,0,2012.0,0.0,0,0,1,0,3290,0.0,0,0,0,0.0,0.0
0.0,2504,0,0,0,0,0,0,0,0,2644,0,0.0,0,0,0,0,0,1,0,0,0.5828033621773185,0,0.0,0,0.0,0,0,0,2014.748410086532,0.41719663782268146,0,0,1,0,6307,0.0,0,0,0,0.0,0.0
0.0,8035,0,0,0,0,0,0,0,0,9337,0,0.0,0,0,0,0,0,7,0,0,1.0,0,0.0,0,0.0,0,0,0,2012.8528103845658,0.0,0,0,1,0,2473,0.0,0,0,0,0.0,0.0
0.0,2655,0,0,0,0,0,0,0,0,9337,0,0.0,0,0,0,0,0,1,0,0,0.0,0,0.0,0,0.0,0,0,1,2014.363055502042,0.553078708163161,0,0,1,0,5514,0.44692129183683904,0,0,0,0.0,0.0
0.0,9516,0,0,0,0,0,0,0,0,9337,0,0.0,0,0,0,0,0,3,0,0,0.6791047674381803,0,0.0,0,0.0,0,0,0,2018.0373143023146,0.0,0,0,1,0,5377,0.32089523256181973,0,0,0,0.0,0.0
0.0,3115,0,0,0,0,0,0,0,0,7969,0,0.0,0,0,0,0,0,3,0,0,0.0,0,0.0,0,0.0,0,0,0,2018.0,1.0,1,0,1,0,1245,0.0,0,0,0,0.0,0.0
0.0,3999,0,0,0,0,0,0,0,0,9337,0,0.0,0,0,0,0,0,1,0,0,0.0,0,0.0,0,0.0,0,0,0,2008.5624207429794,1.0,0,0,1,0,5390,0.0,0,0,0,0.0,0.0
0.0,6830,0,0,0,0,0,0,0,0,9337,0,0.0,0,0,0,0,0,1,0,1,0.0,0,0.0,0,0.0,0,0,0,2003.8077782113078,0.6005983239467578,0,0,1,0,5522,0.39940167605324217,0,0,0,0.0,0.0
0.0,6171,0,0,0,0,0,0,0,0,6044,0,0.0,0,0,0,0,0,1,0,0,0.23542211414466074,0,0.0,0,0.0,0,0,0,2012.881200972698,0.7645778858553393,0,0,1,0,4387,0.0,0,0,0,0.0,0.0
0.0,7434,0,0,0,0,0,0,0,0,1325,0,0.0,0,0,0,0,0,1,0,0,0.0,0,0.0,0,0.0,0,0,0,2020.4061867923579,0.5938132076422075,0,0,1,0,4689,0.40618679235779254,0,0,0,0.0,0.0
0.0,7123,0,0,0,0,0,0,0,0,7969,0,0.0,0,0,0,0,0,3,0,0,0.0,0,0.0,0,0.0,0,0,0,2018.0,1.0,1,0,1,0,4573,0.0,0,0,0,0.0,0.0
0.0,8613,0,0,0,0,0,0,0,0,9337,0,0.543830241058919,0,0,0,0,0,2,0,0,0.0,0,0.0,0,0.0,0,0,0,2013.8944721695302,0.456169758941081,0,0,1,0,4077,0.0,0,0,0,0.0,0.0
0.0,8024,0,0,0,0,0,0,0,0,9337,0,0.0,0,0,0,0,0,2,0,0,0.8343576901324904,0,0.0,0,0.0,0,0,0,2016.5092192111924,0.1656423098675096,0,0,1,0,1013,0.0,0,0,0,0.0,0.0
0.0,7787,0,0,0,0,0,1,0,0,9337,0,0.0,0,0,0,0,0,1,0,0,0.0,0,0.0,0,0.0,0,0,0,2019.0,0.0,0,0,1,0,9065,1.0,0,0,0,0.0,0.0
0.0,2539,0,0,0,0,0,0,0,0,1818,0,0.0,0,0,0,0,0,1,0,0,0.0,0,0.0,0,0.0,0,0,0,2012.4302459965388,0.4302459965387463,0,0,1,0,7178,0.5697540034612537,0,0,0,0.0,0.0
0.0,8104,0,0,0,0,0,0,0,0,7969,0,0.0,0,0,0,0,0,3,0,0,0.0,0,0.0,0,0.0,0,0,0,2018.0,1.0,1,0,1,0,1675,0.0,0,0,0,0.0,0.0
0.0,5758,0,0,0,0,0,0,0,0,9337,0,0.0,0,0,0,0,0,3,0,0,1.0,0,0.0,0,0.0,0,0,0,2019.0,0.0,0,0,1,0,8794,0.0,0,0,0,0.0,0.0
0.0,1767,0,0,0,0,0,0,0,0,7969,0,0.0,0,0,0,0,0,2,0,0,0.0,0,0.0,0,0.0,0,0,0,2017.628069194661,1.0,0,0,1,0,6648,0.0,0,0,0,0.0,0.0
0.0,1537,0,0,0,0,0,0,0,0,9337,0,0.0,0,0,0,0,0,3,0,0,1.0,0,0.0,0,0.0,0,0,0,2019.0,0.0,0,0,1,0,3080,0.0,0,0,0,0.0,0.0
0.0,9611,0,0,0,0,0,0,0,0,3543,0,0.0,0,0,0,0,0,3,0,0,1.0,0,0.0,0,0.0,0,0,0,2019.0,0.0,0,0,1,0,1148,0.0,0,0,0,0.0,0.0
0.0,5903,0,0,0,0,0,0,1,0,9337,0,0.0,0,0,0,0,0,1,0,0,0.0,0,0.0,0,0.0,0,0,0,2019.0,1.0,0,0,1,1,8542,0.0,0,0,0,0.0,0.0
0.0,5608,0,0,0,0,0,0,0,0,9337,0,0.0,0,0,0,0,0,6,0,0,1.0,0,0.0,0,0.0,0,0,0,2016.8354373176549,0.0,0,0,1,0,3010,0.0,0,0,0,0.0,0.0
0.0,2953,0,0,0,0,0,0,0,0,7969,0,0.0,0,0,0,0,0,3,0,0,0.0,0,0.0,0,0.0,0,0,0,2018.0,1.0,1,0,1,0,6033,0.0,0,0,0,0.0,0.0
0.0,7882,0,0,0,0,0,0,0,0,9337,0,0.0,0,0,0,0,0,6,0,0,1.0,0,0.0,0,0.0,0,0,0,2013.3578509142526,0.0,0,0,1,0,2548,0.0,0,0,0,0.0,0.0
0.0,2644,0,0,0,0,0,0,0,0,7969,0,0.0,0,0,0,0,0,3,0,0,0.0,0,0.0,0,0.0,0,0,0,2018.0,1.0,1,0,1,0,6023,0.0,0,0,0,0.0,0.0
0.0,5635,0,0,0,0,0,0,0,0,9337,0,0.0,0,0,0,0,0,7,0,0,1.0,0,0.0,0,0.0,0,0,0,2016.0045691696193,0.0,0,0,1,0,2984,0.0,0,0,0,0.0,0.0
0.0,3782,0,0,0,0,0,0,0,0,9337,0,0.0,0,0,0,0,0,2,0,0,1.0,0,0.0,0,0.0,0,0,0,2019.1253210961017,0.0,0,0,1,0,1818,0.0,0,0,0,0.0,0.0
0.0,3524,0,0,0,0,0,0,0,0,7969,0,0.0,0,0,0,0,0,3,0,0,0.0,0,0.0,0,0.0,0,0,0,2018.0,1.0,1,0,1,0,2490,0.0,0,0,0,0.0,0.0
0.0,1816,0,0,0,0,0,0,0,0,7969,0,0.0,0,0,0,0,0,2,0,0,0.0,0,0.0,0,0.0,0,0,0,2017.6981866708495,1.0,0,0,1,0,6617,0.0,0,0,0,0.0,0.0
0.0,7952,0,0,0,0,0,0,0,0,9337,0,0.0,0,0,0,0,0,9,0,0,1.0,0,0.0,0,0.0,0,0,0,2011.0,0.0,0,0,1,0,2481,0.0,0,0,0,0.0,0.0
0.0,6428,0,0,0,0,0,0,0,0,1325,0,0.0,0,0,0,0,0,1,0,0,0.7034627270139836,0,0.0,0,0.0,0,0,0,2020.296537272986,0.0,0,0,1,0,5662,0.2965372729860164,0,0,0,0.0,0.0
0.0,4289,0,0,0,0,0,0,0,0,6044,0,0.0,0,0,0,1,0,2,0,0,1.0,0,0.0,0,0.0,0,0,0,2018.0,0.0,0,0,1,0,6694,0.0,0,0,0,0.0,0.0
0.0,7727,0,0,0,0,0,0,0,0,3543,0,0.30705934609787056,0,0,0,0,0,2,0,0,0.6929406539021294,0,0.0,0,0.0,0,0,0,2018.0788219617064,0.0,0,0,1,0,9346,0.0,0,0,0,0.0,0.0
0.0,7224,0,0,0,0,0,0,0,0,1325,0,0.0,1,0,0,0,0,1,0,0,0.0,0,0.0,0,0.0,0,0,0,2020.6484455097388,0.35155449026122976,0,0,1,0,4933,0.6484455097387702,0,0,0,0.0,0.0
0.0,7073,0,0,0,0,0,0,0,0,5057,0,0.0,0,0,0,0,0,1,0,0,0.0,0,0.0,0,0.0,0,0,0,2017.188012877305,0.6353311871158296,0,0,1,0,6186,0.3646688128841704,0,0,0,0.0,0.0
0.0,4120,0,0,0,0,0,0,0,0,9337,0,0.0,0,0,0,0,0,3,0,0,1.0,0,0.0,0,0.0,0,0,0,2018.938429476353,0.0,0,0,1,0,4245,0.0,0,0,0,0.0,0.0
0.0,5648,0,0,0,0,0,0,0,0,9337,0,0.0,0,0,0,0,0,1,0,1,0.0,0,0.0,0,0.0,0,0,1,2018.0,1.0,0,0,1,0,5285,0.0,0,0,0,0.0,0.0
0.0,7406,0,0,0,0,0,0,0,0,7969,0,0.0,0,0,0,0,0,3,0,0,0.0,0,0.0,0,0.0,0,0,0,2018.0,1.0,1,0,1,0,2213,0.0,0,0,0,0.0,0.0
0.0,9406,0,0,0,0,0,0,0,0,9337,0,0.0,0,0,0,0,0,4,0,0,0.20055838606596454,0,0.0,0,0.0,0,0,0,2016.401116772132,0.0,0,0,1,0,5101,0.7994416139340355,0,0,0,0.0,0.0
0.0,8534,0,0,0,0,0,0,0,0,9337,0,0.0,0,0,0,0,0,1,0,0,1.0,0,0.0,0,0.0,0,0,0,2017.5067379892068,0.0,0,0,1,0,3149,0.0,0,0,0,0.0,0.0
0.0,8012,0,0,0,0,0,0,0,0,9337,0,0.0,0,0,0,0,0,1,0,1,1.0,0,0.0,0,0.0,1,0,1,2021.0,0.0,0,0,1,0,5158,0.0,0,0,0,0.0,0.0
0.0,1519,0,0,0,0,0,0,0,0,9337,0,0.0,0,0,0,0,0,1,0,0,1.0,0,0.0,0,0.0,0,0,0,2020.9111391503159,0.0,0,0,1,0,2878,0.0,0,0,0,0.0,0.0
0.0,2087,0,0,0,0,0,0,0,0,5288,0,0.0,0,0,0,0,0,1,0,0,0.0,0,0.0,0,0.0,1,0,1,2017.0,0.0,0,0,1,0,3651,1.0,0,0,0,0.0,0.0
0.0,2476,0,0,0,0,0,0,0,0,9337,0,0.0,0,0,0,0,0,1,0,0,0.0,0,0.0,0,0.0,0,0,0,1994.2352228213588,1.0,0,0,1,0,5296,0.0,0,0,0,0.0,0.0
0.0,4417,0,0,0,0,0,0,0,0,9337,0,0.0,0,0,0,0,0,1,0,0,1.0,0,0.0,0,0.0,0,0,0,2021.0,0.0,0,0,1,0,2441,0.0,0,0,0,0.0,0.0
0.0,3418,0,0,0,0,0,0,0,0,9337,0,0.0,0,0,0,0,0,1,0,0,0.847078853808263,0,0.0,0,0.0,0,0,0,2019.3883154152331,0.15292114619173702,1,0,1,0,1793,0.0,0,0,0,0.0,0.0
0.0,4820,0,0,0,0,0,0,0,0,9337,0,0.0,0,0,0,0,0,1,0,0,0.0,0,0.0,0,0.0,0,0,0,2018.6367754159405,1.0,0,0,1,1,8531,0.0,0,0,0,0.0,0.0
0.0,3524,0,0,0,0,0,0,0,0,7969,0,0.0,0,0,0,0,0,3,0,0,0.0,0,0.0,0,0.0,0,0,0,2018.0,1.0,1,0,1,0,2490,0.0,0,0,0,0.0,0.0
0.0,5715,0,0,0,0,0,0,0,0,9337,0,0.0,0,0,0,0,0,2,0,0,0.8869838159427403,0,0.0,0,0.0,0,0,0,2018.8869838159428,0.0,0,0,1,0,2481,0.11301618405725966,0,0,0,0.0,0.0
0.0,2073,0,0,0,0,0,0,0,0,9337,0,0.0,0,0,0,0,0,1,0,1,0.0,0,0.0,0,0.0,0,0,0,2016.0,0.0,0,0,1,0,9023,1.0,0,0,0,0.0,0.0
0.0,5153,0,0,0,0,0,0,0,0,3543,0,0.0,0,0,0,0,0,1,0,0,0.0,0,0.0,0,0.0,0,0,0,2009.0078414560628,0.0,0,0,1,0,2798,1.0,0,0,0,0.0,0.0
0.0,2925,0,0,0,0,0,0,0,0,7969,0,0.0,0,0,0,0,0,3,0,0,0.0,0,0.0,0,0.0,0,0,0,2018.0,1.0,1,0,1,0,6215,0.0,0,0,0,0.0,0.0
0.0,6715,0,0,0,0,0,0,0,0,9337,0,0.0,0,0,0,0,0,1,0,0,0.0,0,0.0,0,0.0,0,0,0,1996.980713558592,1.0,0,0,1,0,5394,0.0,0,0,0,0.0,0.0
0.0,7838,0,0,0,0,0,0,0,0,3543,0,0.7818041075066873,0,0,0,0,0,1,0,0,0.21819589249331273,0,0.0,0,0.0,0,0,0,2016.6545876774799,0.0,0,0,1,0,9600,0.0,0,0,0,0.0,0.0
0.0,5423,0,0,0,0,0,0,0,0,3543,0,0.0,0,0,0,0,0,1,0,0,0.0,0,0.0,0,0.0,0,0,0,2010.0,0.0,0,0,1,0,1862,1.0,0,0,0,0.0,0.0
0.0,9274,0,0,0,0,0,0,0,0,3543,0,0.0,0,0,0,0,0,2,0,0,0.5523263212411371,0,0.0,0,0.0,0,0,0,2014.9709368911701,0.0,0,0,1,0,6953,0.4476736787588629,0,0,0,0.0,0.0
0.0,1957,0,0,0,0,0,0,0,0,4096,0,0.0,0,0,0,0,0,1,0,0,0.0,0,0.0,0,0.0,0,0,1,2019.0,0.0,1,0,1,0,9806,1.0,0,0,0,0.0,0.0
0.0,6943,0,0,0,0,0,0,0,0,7969,0,0.0,0,0,0,0,0,3,0,0,0.0,0,0.0,0,0.0,0,0,0,2018.0,1.0,1,0,1,0,4536,0.0,0,0,0,0.0,0.0
0.0,4253,0,0,0,0,0,0,0,0,9337,0,0.3819158828886592,0,0,0,0,0,5,0,0,0.0,0,0.0,0,0.0,0,0,0,2015.6180841171113,0.0,0,0,1,0,1672,0.6180841171113408,0,0,0,0.0,0.0
0.0,5754,0,0,0,0,0,0,0,0,6044,0,1.0,0,0,0,0,0,3,0,0,0.0,0,0.0,0,0.0,0,1,1,2019.0,0.0,0,0,1,0,2219,0.0,0,0,0,0.0,0.0
0.0,7888,0,0,0,0,0,0,0,0,9337,0,0.0,0,0,0,0,0,2,0,0,0.045837270614723424,0,0.0,0,0.0,0,0,1,2021.0,0.0,0,0,1,0,4798,0.9541627293852766,0,0,0,0.0,0.0
0.0,6226,0,0,0,0,0,0,0,0,7969,0,0.0,0,0,0,0,0,3,0,0,0.0,0,0.0,0,0.0,0,0,0,2018.0,1.0,1,0,1,0,4392,0.0,0,0,0,0.0,0.0
0.0,4723,0,0,0,0,0,0,0,0,3543,0,0.2807632238847576,0,0,0,0,0,1,0,0,0.7192367761152424,0,0.0,0,0.0,0,0,0,2017.4384735522306,0.0,0,0,1,0,8844,0.0,0,0,0,0.0,0.0
0.0,5841,0,0,0,0,0,0,0,0,7969,0,0.0,0,0,0,0,0,3,0,0,0.0,0,0.0,0,0.0,0,0,0,2018.0,1.0,1,0,1,0,4315,0.0,0,0,0,0.0,0.0
0.0,9287,0,0,0,0,0,0,0,0,9337,0,0.0,0,0,0,0,0,3,0,0,1.0,0,0.0,0,0.0,0,0,0,2018.7143293932106,0.0,0,0,1,0,1109,0.0,0,0,0,0.0,0.0
0.0,2989,0,0,0,0,0,0,0,0,9337,0,0.0,0,0,0,0,0,4,0,0,0.048265196258814425,0,0.0,0,0.0,0,0,0,2016.1930607850352,0.0,0,0,1,0,3840,0.9517348037411856,0,0,0,0.0,0.0
0.0,3778,0,0,0,0,0,0,0,0,9337,0,0.0,0,0,0,0,0,5,0,0,1.0,0,0.0,0,0.0,0,0,0,2020.0,0.0,0,0,1,0,3813,0.0,0,0,0,0.0,0.0
0.0,3726,0,0,0,0,0,0,0,0,9337,0,0.0,0,0,0,0,0,1,0,0,0.0,0,0.0,0,0.0,0,0,0,2016.8842764104124,1.0,0,0,1,0,5816,0.0,0,0,0,0.0,0.0
0.0,4627,0,0,0,0,0,0,0,0,7694,0,0.0,0,0,0,0,0,1,0,0,0.0,0,0.0,0,0.0,0,0,0,2016.9972717852145,0.0,0,0,1,0,6279,1.0,0,0,0,0.0,0.0
0.0,3524,0,0,0,0,0,0,0,0,7969,0,0.0,0,0,0,0,0,3,0,0,0.0,0,0.0,0,0.0,0,0,0,2018.0,1.0,1,0,1,0,2490,0.0,0,0,0,0.0,0.0
0.0,3983,0,0,0,0,0,0,0,0,9337,0,0.0,0,0,0,0,0,1,0,0,0.0,0,0.0,0,0.0,0,0,0,2004.5329657848758,1.0,0,0,1,0,5359,0.0,0,0,0,0.0,0.0
0.0,5638,0,0,0,0,0,0,0,0,9337,0,0.0,0,0,0,0,0,7,0,0,0.9758804705482135,0,0.0,0,0.0,0,0,0,2016.0482390589036,0.0,0,0,1,0,2977,0.024119529451786526,0,0,0,0.0,0.0
0.0,3375,0,0,0,0,0,0,0,0,6044,0,0.0,0,0,0,0,0,1,0,0,0.020632266275231403,0,0.0,0,0.0,0,0,0,2005.268219461578,0.9793677337247686,0,0,1,0,4307,0.0,0,0,0,0.0,0.0
0.0,2576,0,0,0,0,0,0,0,0,9337,0,0.0,0,0,0,0,0,1,0,0,0.0,0,0.0,0,0.0,0,0,0,2006.2484873994176,1.0,0,0,1,0,5443,0.0,0,0,0,0.0,0.0
0.0,5707,0,0,0,0,0,0,0,0,9337,0,0.0,0,1,0,1,0,1,0,0,0.0,0,0.0,0,0.0,1,0,0,2017.0,1.0,0,0,1,0,9009,0.0,0,0,0,0.0,0.0
0.0,4182,0,0,0,0,0,0,0,0,9337,0,0.0,0,0,0,0,0,3,0,0,0.0,0,0.0,0,0.0,0,0,0,2019.9872238441046,1.0,0,0,1,0,6367,0.0,0,0,0,0.0,0.0
0.0,9698,0,0,0,0,0,0,0,0,3543,0,0.0,0,0,0,0,0,3,0,0,1.0,0,0.0,0,0.0,0,0,0,2019.0,0.0,0,0,1,0,1209,0.0,0,0,0,0.0,0.0
0.0,6123,0,0,0,0,0,0,0,0,9337,0,0.0,0,0,0,0,0,3,0,0,1.0,0,0.0,0,0.0,0,0,0,2019.0,0.0,0,0,1,0,3705,0.0,0,0,0,0.0,0.0
0.0,8012,0,0,0,0,0,0,0,0,6044,0,0.0,0,0,0,0,0,1,0,1,1.0,0,0.0,0,0.0,1,0,1,2021.0,0.0,0,0,1,0,6495,0.0,0,0,0,0.0,0.0
0.0,5506,0,0,0,0,0,0,0,0,9337,0,0.0,0,0,0,0,0,1,0,0,0.6615427259165517,0,0.0,0,0.0,0,0,0,2019.323085451833,0.3384572740834483,0,0,1,0,5144,0.0,0,0,0,0.0,0.0
0.0,9035,0,0,0,0,0,0,0,0,9337,0,0.0,0,0,0,0,0,1,0,0,1.0,0,0.0,0,0.0,0,0,0,2021.0,0.0,0,0,1,0,4841,0.0,0,0,0,0.0,0.0
0.0,4768,0,0,0,0,0,0,0,0,5288,0,0.0,0,0,0,0,0,1,0,0,0.0,0,0.0,0,0.0,0,0,0,2020.0,1.0,0,0,1,0,9177,0.0,0,0,0,0.0,0.0
0.0,7954,0,0,0,0,0,0,0,0,3543,0,0.0,0,0,0,0,0,3,0,0,1.0,0,0.0,0,0.0,0,0,0,2019.0,0.0,0,0,1,0,9093,0.0,0,0,0,0.0,0.0
0.0,4053,0,0,0,0,0,0,0,0,9337,0,0.0,0,0,0,0,0,1,0,0,0.0,0,0.0,0,0.0,0,0,0,2002.87773957577,1.0,0,0,1,0,5346,0.0,0,0,0,0.0,0.0
0.0,9129,0,0,0,0,0,0,0,0,6044,0,0.0,0,0,0,0,0,2,0,0,0.19272500418553307,0,0.0,0,0.0,0,0,0,2016.385450008371,0.0,0,0,1,0,4328,0.8072749958144669,0,0,0,0.0,0.0
0.0,8028,0,0,0,0,0,0,0,0,9337,0,0.0,0,0,0,0,0,7,0,0,1.0,0,0.0,0,0.0,0,0,0,2012.6978299028062,0.0,0,0,1,0,2568,0.0,0,0,0,0.0,0.0
0.0,2588,0,0,0,0,0,0,0,0,3543,0,0.0,0,0,0,0,0,1,0,0,0.32346173481648366,0,0.0,0,0.0,0,0,0,2014.2642321437154,0.0,0,0,1,0,5545,0.6765382651835163,0,0,0,0.0,0.0
0.0,1269,0,0,0,0,0,0,0,0,5288,0,0.0,0,0,0,0,0,1,0,0,0.0,0,0.0,0,0.0,1,0,1,2017.0,0.0,0,0,1,0,1969,1.0,0,0,0,0.0,0.0
0.0,4681,0,0,0,0,0,0,0,0,6044,0,0.0,0,0,0,0,0,1,0,1,0.0,0,0.0,0,0.0,0,0,1,2019.0,1.0,0,0,1,0,1386,0.0,0,0,0,0.0,0.0
0.0,4827,0,0,0,0,0,0,0,0,9337,0,0.0,0,0,0,0,0,1,0,0,0.0,0,0.0,0,0.0,0,0,0,2013.5024327094407,1.0,0,0,1,1,8378,0.0,0,0,0,0.0,0.0
0.0,5296,0,0,0,0,0,0,0,0,9337,0,0.0,0,0,0,0,0,3,0,0,0.0,0,0.0,0,0.0,0,0,0,2020.2929502021912,1.0,0,0,1,0,9736,0.0,0,0,0,0.0,0.0
0.0,9928,0,0,0,0,0,0,0,0,3543,0,0.0,0,0,0,0,0,3,0,0,1.0,0,0.0,0,0.0,0,0,0,2019.0,0.0,0,0,1,0,1308,0.0,0,0,0,0.0,0.0
0.0,1754,0,0,0,0,0,0,0,0,7969,0,0.0,0,0,0,0,0,2,0,0,0.0,0,0.0,0,0.0,0,0,0,2018.0,1.0,0,0,1,0,6656,0.0,0,0,0,0.0,0.0
0.0,2585,0,0,0,0,0,0,0,0,9337,0,0.0,0,0,0,0,0,1,0,0,0.0,0,0.0,0,0.0,0,0,0,2002.3435925717056,1.0,0,0,1,0,5395,0.0,0,0,0,0.0,0.0
0.0,6829,0,0,0,0,0,0,0,0,4655,0,0.0,1,0,0,0,0,1,0,0,0.44931201602109605,0,0.0,0,0.0,0,0,0,2020.5506879839788,0.0,0,0,1,0,5552,0.550687983978904,0,0,0,0.0,0.0
0.0,9674,0,0,0,0,0,0,0,0,9337,0,0.0,0,0,0,0,0,3,0,0,1.0,0,0.0,0,0.0,0,0,0,2019.0,0.0,0,0,1,0,7632,0.0,0,0,0,0.0,0.0
0.0,6779,0,0,0,0,0,0,0,0,1325,0,0.0,0,0,0,0,0,1,0,0,0.9371382528532742,0,0.0,0,0.0,0,0,0,2021.0,0.0,0,0,1,0,6323,0.06286174714672577,0,0,0,0.0,0.0
0.0,7587,0,0,0,0,0,0,0,0,3543,0,0.41978876341099747,0,0,0,0,0,1,0,0,0.0,0,0.0,0,0.0,0,0,0,2016.0,0.5802112365890025,0,0,1,0,9791,0.0,0,0,0,0.0,0.0
0.0,7737,0,0,0,0,0,0,0,0,9337,0,0.0,0,0,0,0,0,1,0,0,1.0,0,0.0,0,0.0,0,0,0,2016.5517820106602,0.0,0,0,1,0,8546,0.0,0,0,0,0.0,0.0
0.0,7532,0,0,0,0,0,0,0,0,9337,0,0.0,0,0,0,0,0,1,0,0,0.84539429372559,0,0.0,0,0.0,0,0,0,2020.2269714686279,0.0,0,0,1,0,6746,0.15460570627440995,0,0,0,0.0,0.0
0.0,4387,0,0,0,0,0,0,0,0,3543,0,0.0,0,0,0,0,0,3,0,0,1.0,0,0.0,0,0.0,0,0,0,2019.0,0.0,0,0,1,0,7469,0.0,0,0,0,0.0,0.0
0.0,1873,0,0,0,0,0,0,0,0,7969,0,0.0,0,0,0,0,0,2,0,0,0.0,0,0.0,0,0.0,0,0,0,2017.7781290304642,1.0,0,0,1,0,6582,0.0,0,0,0,0.0,0.0
0.0,3397,0,0,0,0,0,0,0,0,6044,0,0.0,0,0,0,0,0,3,0,0,1.0,0,0.0,0,0.0,0,0,0,2018.032973664654,0.0,0,0,1,0,1429,0.0,0,0,0,0.0,0.0
0.0,3758,0,0,0,0,0,0,0,0,9337,0,0.0,0,0,0,0,0,4,0,0,1.0,0,0.0,0,0.0,0,0,0,2020.0451876677932,0.0,0,0,1,0,6383,0.0,0,0,0,0.0,0.0
0.0,6814,0,0,0,0,0,0,0,0,9337,0,0.0,0,0,0,0,0,1,0,1,0.0,0,0.0,0,0.0,0,0,0,2005.7457388433215,0.7496722187170469,0,0,1,0,5497,0.2503277812829531,0,0,0,0.0,0.0
0.0,2957,0,0,0,0,0,0,0,0,7969,0,0.0,0,0,0,0,0,3,0,0,0.0,0,0.0,0,0.0,0,0,0,2018.0,1.0,1,0,1,0,5829,0.0,0,0,0,0.0,0.0
0.0,1309,0,0,0,0,0,0,0,0,9337,0,0.8667096190581023,0,0,0,0,0,5,0,0,0.1332903809418977,0,0.0,0,0.0,0,0,0,2015.3998711428258,0.0,0,0,1,0,7273,0.0,0,0,0,0.0,0.0
0.0,2589,0,0,0,0,0,0,0,0,9337,0,0.0,0,0,0,0,0,1,0,0,0.0,0,0.0,0,0.0,0,0,0,2004.4628219164554,1.0,0,0,1,0,5421,0.0,0,0,0,0.0,0.0
0.0,6900,0,0,0,0,0,0,0,0,1325,0,0.09508107341933125,1,0,0,0,0,1,0,0,0.0,0,0.0,0,0.0,0,0,0,2020.3344324860648,0.0,0,0,1,0,7151,0.9049189265806687,0,0,0,0.0,0.0
0.0,7361,0,0,0,0,0,0,0,0,2644,0,0.0,0,0,0,0,0,1,0,0,0.4329979714039831,0,0.0,0,0.0,0,0,1,2015.134004057192,0.5670020285960169,0,0,1,0,9793,0.0,0,0,0,0.0,0.0
0.0,4352,0,0,0,0,0,0,0,0,3543,0,0.7302484810691002,0,0,0,0,0,1,0,0,0.26975151893089977,0,0.0,0,0.0,0,0,0,2016.8092545567927,0.0,0,0,1,0,8301,0.0,0,0,0,0.0,0.0
0.0,8957,0,0,0,0,0,0,0,0,3944,0,0.0,0,0,0,0,0,1,0,0,1.0,0,0.0,0,0.0,0,0,0,2019.0,0.0,1,0,1,0,9997,0.0,0,0,0,0.0,0.0
0.0,7649,0,0,0,0,0,0,0,0,9337,0,0.0,0,0,0,0,0,1,0,1,0.0,0,0.0,0,0.0,0,0,0,2018.2481689461783,1.0,0,0,1,0,2416,0.0,0,0,0,0.0,0.0
0.0,7806,0,0,0,0,0,0,0,0,9337,0,0.0,0,0,0,0,0,4,0,0,0.7833883418189442,0,0.0,0,0.0,0,0,0,2019.566776683638,0.0,0,0,1,0,6730,0.21661165818105577,0,0,0,0.0,0.0
0.0,1239,0,0,0,0,0,0,0,0,9337,0,0.9481698194933756,0,0,0,0,0,5,0,0,0.05183018050662436,0,0.0,0,0.0,0,0,0,2015.2073207220265,0.0,0,0,1,0,7273,0.0,0,0,0,0.0,0.0
0.0,5630,0,0,0,0,0,0,0,0,9337,0,0.0,0,0,0,0,0,5,0,0,0.5394895646246132,0,0.0,0,0.0,0,0,0,2016.9210208707507,0.0,0,0,1,0,2865,0.46051043537538683,0,0,0,0.0,0.0
0.0,7516,0,0,0,0,0,0,0,0,9337,0,0.0,0,0,0,0,0,1,0,1,1.0,0,0.0,0,0.0,1,0,1,2021.0,0.0,0,0,1,0,6680,0.0,0,0,0,0.0,0.0
0.0,4346,0,0,0,0,0,0,0,0,9337,0,0.8213367946687962,0,0,0,0,0,5,0,0,0.17866320533120383,0,0.0,0,0.0,0,0,0,2015.7146528213248,0.0,0,0,1,0,1757,0.0,0,0,0,0.0,0.0
0.0,6025,0,0,0,0,0,0,0,0,9337,0,0.0,0,0,0,0,0,1,0,1,0.0,0,0.0,0,0.0,0,0,1,2009.0,1.0,0,0,1,0,2055,0.0,0,0,0,0.0,0.0
0.0,1374,0,0,0,0,0,0,0,0,3543,0,0.0,0,0,0,0,0,2,0,0,0.038305245360408025,0,0.0,0,0.0,0,0,0,2016.1149157360812,0.0,0,0,1,0,5463,0.961694754639592,0,0,0,0.0,0.0
0.0,1359,0,0,0,0,0,0,0,0,9337,0,0.0,0,0,0,0,0,5,0,0,0.914258041928738,0,0.0,0,0.0,0,0,0,2019.1714839161425,0.0,0,0,1,0,4573,0.08574195807126195,0,0,0,0.0,0.0
0.0,9889,0,0,0,0,0,0,0,0,9337,0,0.0,0,0,0,0,0,1,0,0,0.0,0,0.0,0,0.0,0,0,0,2009.1757496443856,0.8022045777831345,0,0,1,0,2562,0.19779542221686552,0,0,0,0.0,0.0
0.0,2810,0,0,0,0,0,0,0,0,9337,0,0.0,0,0,0,0,0,3,0,0,1.0,0,0.0,0,0.0,0,0,0,2019.0,0.0,0,0,1,0,3741,0.0,0,0,0,0.0,0.0
0.0,7952,0,0,0,0,0,0,0,0,9337,0,0.0,0,0,0,0,0,9,0,0,1.0,0,0.0,0,0.0,0,0,0,2011.0,0.0,0,0,1,0,2505,0.0,0,0,0,0.0,0.0
0.0,1282,0,0,0,0,0,0,0,0,9337,0,0.0,0,0,0,0,0,4,0,0,0.7377858893529983,0,0.0,0,0.0,0,0,0,2016.37785889353,0.26221411064700173,0,0,1,0,4764,0.0,0,0,0,0.0,0.0
0.0,5066,0,0,0,0,0,0,0,0,9337,0,0.0,0,0,0,0,0,2,0,1,0.0,0,0.0,0,0.0,0,0,0,2020.0,1.0,0,0,1,0,1429,0.0,0,0,0,0.0,0.0
0.0,5032,0,0,0,0,0,0,0,0,3543,0,0.0,0,0,0,0,0,3,0,0,1.0,0,0.0,0,0.0,0,0,0,2019.0,0.0,0,0,1,0,5129,0.0,0,0,0,0.0,0.0
0.0,9608,0,0,0,0,0,0,0,0,3543,0,0.0,0,0,0,0,0,3,0,0,1.0,0,0.0,0,0.0,0,0,0,2019.0,0.0,0,0,1,0,1148,0.0,0,0,0,0.0,0.0
0.0,3115,0,0,0,0,0,0,0,0,7969,0,0.0,0,0,0,0,0,3,0,0,0.0,0,0.0,0,0.0,0,0,0,2018.0,1.0,1,0,1,0,1245,0.0,0,0,0,0.0,0.0
0.0,1097,0,0,0,0,0,0,0,0,3543,0,0.0,0,0,0,0,0,3,0,0,1.0,0,0.0,0,0.0,0,0,0,2019.0,0.0,0,0,1,0,2801,0.0,0,0,0,0.0,0.0
0.0,5292,0,0,0,0,0,0,0,0,9337,0,0.0,0,0,0,0,0,2,0,0,0.5602940213100113,0,0.0,0,0.0,0,0,0,2019.0,0.43970597868998873,0,0,1,0,3302,0.0,0,0,0,0.0,0.0
0.0,5594,0,0,0,0,0,0,0,0,3543,0,0.0,0,0,0,0,0,3,0,0,1.0,0,0.0,0,0.0,0,0,0,2019.0,0.0,0,0,1,0,4591,0.0,0,0,0,0.0,0.0
0.0,9775,0,0,0,0,0,0,0,0,3654,0,0.0,0,0,0,0,0,2,0,0,0.7738304178508307,0,0.0,0,0.0,0,0,0,2019.4523391642983,0.0,0,0,1,0,6730,0.22616958214916927,0,0,0,0.0,0.0
0.0,7303,0,0,0,0,0,0,0,0,9337,0,0.0,0,0,0,0,0,1,0,0,1.0,0,0.0,0,0.0,0,0,0,2020.0,0.0,0,0,1,0,2219,0.0,0,0,0,0.0,0.0
0.0,3372,0,0,0,0,0,0,0,0,9337,0,0.0,0,0,0,0,0,1,0,0,1.0,0,0.0,0,0.0,0,0,0,2019.6231580174851,0.0,0,0,1,0,7274,0.0,0,0,0,0.0,0.0
0.0,3397,0,0,0,0,0,0,0,0,4655,0,0.8438342528699962,0,0,0,0,0,1,0,0,0.0,0,0.0,0,0.0,0,0,0,2017.06300551722,0.0,0,0,1,0,6745,0.15616574713000375,0,0,0,0.0,0.0
0.0,5110,0,0,0,0,0,0,0,0,9337,0,0.0,0,0,0,0,0,3,0,0,1.0,0,0.0,0,0.0,0,0,0,2019.0,0.0,0,0,1,0,3218,0.0,0,0,0,0.0,0.0
0.0,5924,0,0,0,0,0,0,0,0,7969,0,0.0,0,0,0,0,0,3,0,0,0.0,0,0.0,0,0.0,0,0,0,2018.0,1.0,1,0,1,0,4331,0.0,0,0,0,0.0,0.0
0.0,2411,0,0,0,0,0,0,0,0,9337,0,0.0,0,0,0,0,0,1,0,0,0.1466940981047301,0,0.0,0,0.0,0,0,0,2010.7603291772568,0.8533059018952699,0,0,1,0,7524,0.0,0,0,0,0.0,0.0
0.0,6036,0,0,0,0,0,0,0,0,7969,0,0.0,0,0,0,0,0,3,0,0,0.0,0,0.0,0,0.0,0,0,0,2018.0,1.0,1,0,1,0,4354,0.0,0,0,0,0.0,0.0
0.0,5841,0,0,0,0,0,0,0,0,7969,0,0.0,0,0,0,0,0,3,0,0,0.0,0,0.0,0,0.0,0,0,0,2018.0,1.0,1,0,1,0,4315,0.0,0,0,0,0.0,0.0
0.0,8796,0,0,0,0,0,0,0,0,9337,0,0.0,0,0,0,0,0,1,0,0,1.0,0,0.0,0,0.0,0,0,0,2021.0,0.0,0,0,1,0,6492,0.0,0,0,0,0.0,0.0
0.0,6414,0,0,0,0,0,0,0,0,9337,0,0.0,0,0,0,0,0,2,0,1,0.0,0,0.0,0,0.0,0,0,0,2019.377016494863,1.0,0,0,1,0,6690,0.0,0,0,0,0.0,0.0
0.0,3701,0,0,0,0,0,0,0,0,4655,0,1.0,0,0,0,0,0,1,0,1,0.0,0,0.0,0,0.0,0,0,0,2018.0,0.0,0,0,1,0,6537,0.0,0,0,0,0.0,0.0
0.0,1618,0,0,0,0,0,0,0,0,9337,0,0.0,0,0,0,0,0,1,0,0,0.2495891013487328,0,0.0,0,0.0,0,0,0,2017.4991782026975,0.7504108986512672,0,0,1,0,3192,0.0,0,0,0,0.0,0.0
0.0,1472,0,0,0,0,0,0,0,0,9337,0,0.0,0,0,0,0,0,5,0,0,0.0,0,0.0,0,0.0,0,0,0,2016.0,0.0,0,0,1,0,3350,1.0,0,0,0,0.0,0.0
0.0,5935,0,0,0,0,0,0,0,0,1325,0,0.0,0,0,0,0,0,1,0,0,1.0,0,0.0,0,0.0,0,0,0,2019.7485015385387,0.0,0,0,1,0,5971,0.0,0,0,0,0.0,0.0
0.0,5667,0,0,0,0,0,0,0,0,6044,0,0.0,0,0,0,1,0,2,0,0,1.0,0,0.0,0,0.0,0,0,0,2018.0,0.0,0,0,1,0,8978,0.0,0,0,0,0.0,0.0
0.0,4624,0,0,0,0,0,0,0,0,7694,0,0.0,0,0,0,0,0,1,0,0,0.0,0,0.0,0,0.0,1,0,1,2017.0,0.0,0,0,1,0,6280,1.0,0,0,0,0.0,0.0
0.0,5443,0,0,0,0,0,0,0,0,9337,0,0.0,0,0,0,0,0,1,0,0,0.49135616172119323,0,0.0,0,0.0,0,0,0,2004.7406848516357,0.5086438382788068,0,0,1,0,5160,0.0,0,0,0,0.0,0.0
0.0,3524,0,0,0,0,0,0,0,0,7969,0,0.0,0,0,0,0,0,3,0,0,0.0,0,0.0,0,0.0,0,0,0,2018.0,1.0,1,0,1,0,2490,0.0,0,0,0,0.0,0.0
0.0,5648,0,0,0,0,0,0,0,0,1680,0,0.0,0,0,0,0,0,1,0,1,0.0,0,0.0,0,0.0,0,0,1,2018.0,1.0,0,0,1,0,2072,0.0,0,0,0,0.0,0.0
0.0,7495,0,0,0,0,0,0,0,0,9337,0,0.0,0,0,0,0,0,1,0,0,0.002015574100220241,0,0.0,0,0.0,0,0,0,2020.0020155741001,0.9979844258997798,0,0,1,0,9869,0.0,0,0,0,0.0,0.0
0.0,4237,0,0,0,0,0,0,0,0,4655,0,0.0,0,0,0,0,0,1,0,0,1.0,0,0.0,0,0.0,0,0,0,2019.0,0.0,1,0,1,0,4918,0.0,0,0,0,0.0,0.0
0.0,6752,0,0,0,0,0,0,0,0,9337,0,0.0,0,0,0,0,0,1,0,0,0.0,0,0.0,0,0.0,0,0,0,2009.4486111340589,1.0,0,0,1,0,5552,0.0,0,0,0,0.0,0.0
0.0,7448,0,0,0,0,0,0,0,0,3543,0,0.0,0,0,0,0,0,2,0,0,0.1346696762791485,0,0.0,0,0.0,0,0,0,2016.4040090288374,0.8653303237208515,0,0,1,0,9743,0.0,0,0,0,0.0,0.0
0.0,6825,0,0,0,0,0,0,0,0,1325,0,0.0,1,0,0,0,0,1,0,0,0.13573327282918146,0,0.0,0,0.0,0,0,0,2020.8642667271708,0.0,0,0,1,0,5359,0.8642667271708185,0,0,0,0.0,0.0
0.0,2569,0,0,0,0,0,0,0,0,9337,0,0.0,0,0,0,0,0,1,0,0,0.0,0,0.0,0,0.0,0,0,0,1994.0157946063193,1.0,0,0,1,0,5294,0.0,0,0,0,0.0,0.0
0.0,6383,0,0,0,0,0,0,0,0,9337,0,0.0,0,0,0,0,0,1,0,0,0.4225088790603222,0,0.0,0,0.0,0,0,0,2018.5774911209396,0.0,0,0,1,0,1901,0.5774911209396778,0,0,0,0.0,0.0
0.0,3684,0,0,0,0,0,0,0,0,6044,0,1.0,0,0,0,0,0,1,0,0,0.0,0,0.0,0,0.0,0,0,0,2008.0,0.0,0,0,1,0,4088,0.0,0,0,0,0.0,0.0
0.0,1345,0,0,0,1,0,0,0,0,9337,0,0.0,0,0,0,0,0,3,0,0,0.0,0,0.0,0,0.0,0,0,1,2021.0,0.0,0,0,1,0,9070,1.0,0,0,0,0.0,0.0
0.0,5634,0,0,0,0,0,0,0,0,9337,0,0.0,0,0,0,0,0,7,0,0,0.9233335521812385,0,0.0,0,0.0,0,0,0,2016.1533328956375,0.0,0,0,1,0,2964,0.07666644781876153,0,0,0,0.0,0.0
0.0,7123,0,0,0,0,0,0,0,0,7969,0,0.0,0,0,0,0,0,3,0,0,0.0,0,0.0,0,0.0,0,0,0,2018.0,1.0,1,0,1,0,4573,0.0,0,0,0,0.0,0.0
0.0,6968,0,0,0,0,0,0,0,0,3543,0,0.0,0,0,0,0,0,1,0,0,0.49369317432702553,0,0.0,0,0.0,0,0,0,2014.4432385689433,0.0,0,0,1,0,3799,0.5063068256729745,0,0,0,0.0,0.0
0.0,6090,0,0,0,0,0,0,0,0,9337,0,0.0,0,0,0,0,0,1,0,0,1.0,0,0.0,0,0.0,0,0,0,2019.0,0.0,0,0,1,0,5111,0.0,0,0,0,0.0,0.0
0.0,7639,0,0,0,0,0,0,0,0,9337,0,0.0,0,0,0,0,0,1,0,0,0.5623181368569945,0,0.0,0,0.0,0,0,0,2005.7449078319958,0.4376818631430055,0,0,1,0,5217,0.0,0,0,0,0.0,0.0
0.0,2555,0,0,0,0,0,0,0,0,9337,0,0.0,0,0,0,0,0,1,0,0,0.0,0,0.0,0,0.0,0,0,0,2003.7223154280637,1.0,0,0,1,0,5412,0.0,0,0,0,0.0,0.0
0.0,6221,0,0,0,0,0,0,0,0,9337,0,0.0,0,0,0,0,0,1,0,0,0.0,0,0.0,0,0.0,0,0,0,2014.5800702660454,1.0,0,0,1,0,8227,0.0,0,0,0,0.0,0.0
0.0,8770,0,0,0,0,0,0,0,0,1468,0,0.0,0,0,0,0,0,2,0,0,1.0,0,0.0,0,0.0,0,0,0,2021.0,0.0,0,0,1,0,5257,0.0,0,0,0,0.0,0.0
0.0,6842,0,0,0,0,0,0,0,0,7969,0,0.0,0,0,0,0,0,1,0,1,1.0,0,0.0,0,0.0,0,0,0,2017.0,0.0,0,0,1,0,1058,0.0,0,0,0,0.0,0.0
0.0,6752,0,0,0,0,0,0,0,0,1325,0,0.0,1,0,0,0,0,1,0,0,0.091164627680836,0,0.0,0,0.0,0,0,0,2020.8176707446382,0.0,0,0,1,0,6887,0.908835372319164,0,0,0,0.0,0.0
0.0,3842,0,0,0,0,0,0,0,0,1325,0,0.2229023093667527,0,0,0,0,0,1,0,0,0.0,0,0.0,0,0.0,0,0,0,2012.891609237467,0.0,0,0,1,0,2634,0.7770976906332473,0,0,0,0.0,0.0
0.0,8515,0,0,0,0,0,0,0,0,3543,0,0.0,0,0,0,0,0,1,0,0,0.0,0,0.0,0,0.0,0,0,0,2010.0,0.0,0,0,1,0,7302,1.0,0,0,0,0.0,0.0
0.0,9525,0,0,0,0,0,0,0,0,9337,0,0.0,0,0,0,0,0,1,0,0,0.0,0,0.0,0,0.0,0,0,0,2017.270231904614,1.0,0,0,1,0,5389,0.0,0,0,0,0.0,0.0
0.0,8104,0,0,0,0,0,0,0,0,7969,0,0.0,0,0,0,0,0,3,0,0,0.0,0,0.0,0,0.0,0,0,0,2018.0,1.0,1,0,1,0,1675,0.0,0,0,0,0.0,0.0
0.0,9918,0,0,0,0,0,0,0,0,9337,0,0.0,0,0,0,0,0,1,0,0,0.0,0,0.0,0,0.0,0,0,0,2018.3032500159065,1.0,0,0,1,0,8079,0.0,0,0,0,0.0,0.0
0.0,1263,0,0,0,0,0,0,0,0,9337,0,0.0,0,0,0,0,0,1,0,0,0.0,0,0.0,0,0.0,0,0,0,2001.0432800137198,1.0,0,0,1,0,5284,0.0,0,0,0,0.0,0.0
0.0,7656,0,0,0,0,0,0,0,0,3543,0,0.0,0,0,0,0,0,3,0,0,1.0,0,0.0,0,0.0,0,0,0,2019.0,0.0,0,0,1,0,9183,0.0,0,0,0,0.0,0.0
0.0,8023,0,0,0,0,0,0,0,0,9337,0,0.0,0,0,0,0,0,2,0,0,0.8526291182437623,0,0.0,0,0.0,0,0,0,2016.6736620641939,0.1473708817562377,0,0,1,0,1013,0.0,0,0,0,0.0,0.0
0.0,1436,0,0,0,0,0,0,0,0,3543,0,0.0,0,0,0,0,0,1,0,0,0.0,0,0.0,0,0.0,0,0,0,2010.0,0.0,0,0,1,0,7909,1.0,0,0,0,0.0,0.0
0.0,1353,0,0,0,0,0,0,0,0,9337,0,0.0,0,0,0,0,0,1,0,0,0.0,0,0.0,0,0.0,0,0,0,1995.016710299071,1.0,0,0,1,0,5262,0.0,0,0,0,0.0,0.0
0.0,3979,0,0,0,0,0,0,0,0,9337,0,0.0,0,0,0,0,0,1,0,0,0.0,0,0.0,0,0.0,0,0,0,2003.4731765017664,1.0,0,0,1,0,5350,0.0,0,0,0,0.0,0.0
0.0,2519,0,0,0,0,0,0,0,0,9337,0,0.31575186813902323,0,0,0,0,0,1,0,1,0.0,0,0.0,0,0.0,0,0,0,2009.0,0.6842481318609768,0,0,1,0,7454,0.0,0,0,0,0.0,0.0
0.0,8266,0,0,0,0,0,0,0,0,9337,0,0.0,0,0,0,0,0,2,0,0,0.0,0,0.0,0,0.0,0,0,0,2016.719310098474,1.0,0,0,1,0,4449,0.0,0,0,0,0.0,0.0
0.0,5770,0,0,0,0,0,0,0,0,9337,0,0.0,0,0,0,0,0,2,0,0,0.09365465528576933,0,0.0,0,0.0,0,0,0,2017.8126906894286,0.0,0,0,1,0,2751,0.9063453447142307,0,0,0,0.0,0.0
0.0,3958,0,0,0,0,0,0,0,0,1325,0,0.36879979820326103,0,0,0,0,0,1,0,0,0.0,0,0.0,0,0.0,0,0,0,2013.475199192813,0.0,0,0,1,0,2574,0.631200201796739,0,0,0,0.0,0.0
0.0,1301,0,0,0,0,0,0,0,0,9337,0,0.6766263759493266,0,0,0,0,0,4,0,0,0.3233736240506734,0,0.0,0,0.0,0,0,0,2016.2934944962026,0.0,0,0,1,0,7181,0.0,0,0,0,0.0,0.0
0.0,6607,0,0,0,0,0,0,0,0,6044,0,0.0,0,0,0,0,0,4,0,0,1.0,0,0.0,0,0.0,0,0,0,2019.6442685144198,0.0,0,0,1,0,8722,0.0,0,0,0,0.0,0.0
0.0,6119,0,0,0,0,0,0,0,0,7969,0,0.0,0,0,0,0,0,3,0,0,0.0,0,0.0,0,0.0,0,0,0,2018.0,1.0,1,0,1,0,4370,0.0,0,0,0,0.0,0.0
0.0,6607,0,0,0,0,0,0,0,0,9337,0,0.0,0,0,0,0,0,1,0,0,0.0,0,0.0,0,0.0,0,0,0,2003.2216192732185,1.0,0,0,1,0,5357,0.0,0,0,0,0.0,0.0
0.0,3524,0,0,0,0,0,0,0,0,7969,0,0.0,0,0,0,0,0,3,0,0,0.0,0,0.0,0,0.0,0,0,0,2018.0,1.0,1,0,1,0,2490,0.0,0,0,0,0.0,0.0
0.0,8179,0,0,0,0,0,0,1,0,6044,0,0.0,0,0,0,0,0,1,0,0,1.0,0,0.0,0,0.0,0,0,0,2017.0,0.0,0,0,1,0,4245,0.0,0,0,0,0.0,0.0
0.0,1598,0,0,0,0,0,0,0,0,3543,0,0.0,0,0,0,0,0,2,0,0,0.263703685561389,0,0.0,0,0.0,0,0,0,2016.7911110566843,0.0,0,0,1,0,5568,0.736296314438611,0,0,0,0.0,0.0
0.0,5762,0,0,0,0,0,0,0,0,6044,0,0.0,0,0,0,0,0,1,0,0,1.0,0,0.0,0,0.0,0,0,0,2013.0,0.0,0,0,1,0,6917,0.0,0,0,0,0.0,0.0
0.0,3299,0,0,0,0,0,0,0,0,7969,0,0.0,0,0,0,0,0,3,0,0,0.0,0,0.0,0,0.0,0,0,0,2018.0,1.0,1,0,1,0,1805,0.0,0,0,0,0.0,0.0
0.0,5581,0,0,0,0,0,0,0,0,9337,0,0.0,0,0,0,0,0,1,0,0,0.0,0,0.0,0,0.0,0,0,0,2008.490876288058,1.0,0,0,1,0,5271,0.0,0,0,0,0.0,0.0
0.0,1421,0,0,0,0,0,0,0,0,3654,0,0.0,0,0,0,0,0,1,0,0,0.0,0,0.0,0,0.0,0,0,0,2011.5850843423175,0.0,0,0,1,0,7843,1.0,0,0,0,0.0,0.0
0.0,7952,0,0,0,0,0,0,0,0,9337,0,0.0,0,0,0,0,0,9,0,0,1.0,0,0.0,0,0.0,0,0,0,2011.0,0.0,0,0,1,0,2506,0.0,0,0,0,0.0,0.0
0.0,8906,0,0,0,0,0,0,0,0,9337,0,0.0,0,0,0,0,0,1,0,0,0.0,0,0.0,0,0.0,0,0,0,1997.4270609979494,1.0,0,0,1,0,5313,0.0,0,0,0,0.0,0.0
0.0,6146,0,0,0,0,0,0,0,0,9337,0,0.0,0,0,0,0,0,2,0,0,0.8491088883648542,0,0.0,0,0.0,0,0,0,2019.3017822232703,0.1508911116351458,0,0,1,0,3740,0.0,0,0,0,0.0,0.0
0.0,5294,0,0,0,0,0,0,0,0,9337,0,0.0,0,0,0,0,0,1,0,0,0.5114621694983089,0,0.0,0,0.0,0,0,0,2019.5114621694984,0.4885378305016911,0,0,1,0,7716,0.0,0,0,0,0.0,0.0
0.0,2459,0,0,0,0,0,0,0,0,3543,0,0.0,0,0,0,0,0,3,0,0,1.0,0,0.0,0,0.0,0,0,0,2019.0,0.0,0,0,1,0,5920,0.0,0,0,0,0.0,0.0
0.0,3237,0,0,0,0,0,0,0,0,7969,0,0.0,0,0,0,0,0,3,0,0,0.0,0,0.0,0,0.0,0,0,0,2018.0,1.0,1,0,1,0,1617,0.0,0,0,0,0.0,0.0
0.0,7231,0,0,0,0,0,0,0,0,9337,0,0.0,0,0,0,0,0,3,0,0,0.41970448691472917,0,0.0,0,0.0,0,0,0,2018.0985224345736,0.0,0,0,1,0,6769,0.5802955130852708,0,0,0,0.0,0.0
0.0,3115,0,0,0,0,0,0,0,0,7969,0,0.0,0,0,0,0,0,3,0,0,0.0,0,0.0,0,0.0,0,0,0,2018.0,1.0,1,0,1,0,1245,0.0,0,0,0,0.0,0.0
0.0,6094,0,0,0,0,0,0,0,0,7969,0,0.0,0,0,0,0,0,3,0,0,0.0,0,0.0,0,0.0,0,0,0,2018.0,1.0,1,0,1,0,4366,0.0,0,0,0,0.0,0.0
0.0,4328,0,0,0,0,0,0,1,0,4034,0,0.0,0,0,0,0,0,1,0,0,1.0,0,0.0,0,0.0,0,0,0,2018.0,0.0,1,0,1,0,3040,0.0,1,0,0,0.0,0.0
0.0,6652,0,0,0,0,0,0,0,0,4655,0,0.0,1,0,0,0,0,1,0,0,0.037222170449489944,0,0.0,0,0.0,0,0,0,2020.9627778295505,0.0,0,0,1,0,5309,0.9627778295505101,0,0,0,0.0,0.0
0.0,2961,0,0,0,0,0,0,0,0,7969,0,0.0,0,0,0,0,0,3,0,0,0.0,0,0.0,0,0.0,0,0,0,2018.0,1.0,1,0,1,0,5982,0.0,0,0,0,0.0,0.0
0.0,9774,0,0,0,0,0,0,0,0,7694,0,0.0,0,0,0,0,0,1,0,0,1.0,0,0.0,0,0.0,0,0,0,2019.5683400383261,0.0,0,0,1,0,2312,0.0,0,0,0,0.0,0.0
0.0,3380,0,0,0,0,0,0,0,0,7969,0,0.0,0,0,0,0,0,3,0,0,0.0,0,0.0,0,0.0,0,0,0,2018.0,1.0,1,0,1,0,2053,0.0,0,0,0,0.0,0.0
0.0,3115,0,0,0,0,0,0,0,0,7969,0,0.0,0,0,0,0,0,3,0,0,0.0,0,0.0,0,0.0,0,0,0,2018.0,1.0,1,0,1,0,1245,0.0,0,0,0,0.0,0.0
0.0,8104,0,0,0,0,0,0,0,0,7969,0,0.0,0,0,0,0,0,3,0,0,0.0,0,0.0,0,0.0,0,0,0,2018.0,1.0,1,0,1,0,1675,0.0,0,0,0,0.0,0.0
0.0,2842,0,0,0,1,0,0,0,0,9337,0,0.0,0,0,0,1,0,1,0,0,1.0,1,0.0,0,0.0,1,0,0,2017.0,0.0,0,0,1,0,4846,0.0,0,0,0,0.0,0.0
0.0,6848,0,0,0,0,0,0,0,0,9337,0,0.0,0,0,0,0,0,1,0,1,0.0,0,0.0,0,0.0,0,0,0,2001.541162431214,0.4262432639395406,0,0,1,0,5551,0.5737567360604594,0,0,0,0.0,0.0
0.0,4565,0,0,0,0,0,0,0,0,9337,0,0.0,0,0,0,0,0,1,0,0,0.0,0,0.0,0,0.0,0,0,0,2016.146148127213,0.5730740636066042,0,0,1,0,3620,0.4269259363933958,0,0,0,0.0,0.0
0.0,5841,0,0,0,0,0,0,0,0,7969,0,0.0,0,0,0,0,0,3,0,0,0.0,0,0.0,0,0.0,0,0,0,2018.0,1.0,1,0,1,0,4315,0.0,0,0,0,0.0,0.0
0.0,5907,0,0,0,0,0,0,0,0,9337,0,0.0,0,0,0,0,0,2,0,0,1.0,0,0.0,0,0.0,0,0,0,2019.0,0.0,0,0,1,0,1626,0.0,0,0,0,0.0,0.0
0.0,5308,0,0,0,0,0,0,0,0,3543,0,0.0,0,0,0,0,0,1,0,0,0.0,0,0.0,0,0.0,0,0,0,2009.5797072390978,0.0,0,0,1,0,2258,1.0,0,0,0,0.0,0.0
0.0,3048,0,0,0,0,0,0,0,0,6044,0,0.0,0,0,0,0,0,1,0,0,0.0,0,0.0,0,0.0,0,0,0,2016.6481580307309,1.0,0,0,1,0,8517,0.0,0,0,0,0.0,0.0
0.0,4093,0,0,0,0,0,0,0,0,9337,0,0.0,0,0,0,0,0,1,0,0,0.0,0,0.0,0,0.0,0,0,0,2017.0,1.0,0,0,1,0,3802,0.0,0,0,0,0.0,0.0
0.0,2917,0,0,0,0,0,0,0,0,9337,0,0.0,0,0,0,0,0,4,0,0,0.3973240303427875,0,0.0,0,0.0,0,0,0,2017.1919720910284,0.0,0,0,1,0,3802,0.6026759696572125,0,0,0,0.0,0.0
0.0,6711,0,0,0,0,0,0,0,0,1325,0,1.0,0,0,0,0,0,1,0,0,0.0,0,0.0,0,0.0,0,0,0,2014.0,0.0,0,0,1,0,9226,0.0,0,0,0,0.0,0.0
0.0,3748,0,0,0,0,0,0,0,0,9337,0,0.0,0,0,0,0,0,1,0,1,0.11300754809027136,0,0.0,0,0.0,1,0,0,2015.6780452885416,0.8869924519097286,0,0,1,0,9590,0.0,0,0,0,0.0,0.0
0.0,3779,0,0,0,0,0,0,0,0,9337,0,0.0,0,0,0,0,0,2,0,0,1.0,0,0.0,0,0.0,0,0,0,2019.131753429591,0.0,0,0,1,0,1818,0.0,0,0,0,0.0,0.0
0.0,7221,0,0,0,0,0,0,0,0,9337,0,0.0,0,0,0,0,0,1,0,1,0.0,0,0.0,0,0.0,1,0,0,2018.0,1.0,0,0,1,0,3230,0.0,0,0,0,0.0,0.0
0.0,8069,0,0,0,0,0,0,0,0,9337,0,0.0,0,0,0,0,0,1,0,1,0.0,0,0.0,0,0.0,0,0,1,2009.0,1.0,0,0,1,0,1043,0.0,0,0,0,0.0,0.0
0.0,9102,0,0,0,0,0,0,0,0,3543,0,0.0,0,0,0,0,0,1,0,0,0.42691324536849495,0,0.0,0,0.0,0,0,0,2013.8422192083165,0.0,0,0,1,0,7032,0.573086754631505,0,0,0,0.0,0.0
0.0,1541,0,0,0,0,0,0,0,0,9337,0,0.0,0,0,0,0,0,3,0,0,0.0,0,0.0,0,0.0,0,0,0,2016.3994265376173,0.3994265376173577,0,0,1,0,3302,0.6005734623826423,0,0,0,0.0,0.0
0.0,8508,0,0,0,0,0,0,0,0,9337,0,0.0,0,0,0,0,0,1,0,0,0.7643660429495202,0,0.0,0,0.0,0,0,1,2020.7643660429496,0.0,0,0,1,0,3740,0.23563395705047985,0,0,0,0.0,0.0
0.0,4468,0,0,0,0,0,0,0,0,9337,0,1.0,0,0,0,0,0,5,0,0,0.0,0,0.0,0,0.0,0,0,0,2015.1572497618843,0.0,0,0,1,0,1773,0.0,0,0,0,0.0,0.0
0.0,2770,0,0,0,0,0,0,0,0,9190,0,0.0,0,0,0,0,0,1,0,0,0.0,0,0.0,0,0.0,0,0,0,2012.0,1.0,0,0,1,0,4051,0.0,0,0,0,0.0,0.0
0.0,7750,0,0,0,0,0,0,0,0,9337,0,0.0,0,0,0,0,0,1,0,1,1.0,0,0.0,0,0.0,1,0,1,2021.0,0.0,0,0,1,0,6423,0.0,0,0,0,0.0,0.0
0.0,9824,0,0,0,0,0,0,0,0,3543,0,0.0,0,0,0,0,0,3,0,0,1.0,0,0.0,0,0.0,0,0,0,2019.0,0.0,0,0,1,0,1182,0.0,0,0,0,0.0,0.0
0.0,4824,0,0,0,0,0,0,0,0,9337,0,0.0,0,0,0,0,0,1,0,0,0.0,0,0.0,0,0.0,0,0,0,2015.993704703862,1.0,0,0,1,1,8452,0.0,0,0,0,0.0,0.0
0.0,3397,0,0,0,0,0,0,0,0,9337,0,0.0,0,0,0,0,0,1,0,0,1.0,0,0.0,0,0.0,0,0,0,2019.6180609960513,0.0,0,0,1,0,7490,0.0,0,0,0,0.0,0.0
0.0,6695,0,0,0,0,0,0,0,0,9337,0,0.0,0,0,0,0,0,2,0,0,1.0,0,0.0,0,0.0,0,0,0,2020.0,0.0,0,0,1,0,9631,0.0,0,0,0,0.0,0.0
0.0,3066,0,0,0,0,0,0,0,0,9337,0,0.0,0,0,0,0,0,1,0,0,0.29331746399681413,0,0.0,0,0.0,0,0,0,2014.8799523919904,0.7066825360031859,0,0,1,0,7337,0.0,0,0,0,0.0,0.0
0.0,9875,0,0,0,0,0,0,0,0,9337,0,0.0,0,0,0,0,0,3,0,0,1.0,0,0.0,0,0.0,0,0,0,2019.0,0.0,0,0,1,0,3659,0.0,0,0,0,0.0,0.0
0.0,2676,0,0,0,0,0,0,0,0,3543,0,0.0,0,0,0,0,0,3,0,0,1.0,0,0.0,0,0.0,0,0,0,2019.0,0.0,0,0,1,0,5937,0.0,0,0,0,0.0,0.0
0.0,5934,0,0,0,0,0,0,0,0,9337,0,0.0,0,0,0,0,0,1,0,0,0.5826905985748112,0,0.0,0,0.0,0,0,0,2014.826905985748,0.4173094014251888,0,0,1,0,1901,0.0,0,0,0,0.0,0.0
0.0,7779,0,0,0,0,0,0,0,0,9337,0,0.0,0,0,0,0,0,1,0,0,0.3113561454574456,0,0.0,0,0.0,0,0,0,1999.6520405091808,0.6886438545425544,0,0,1,0,5217,0.0,0,0,0,0.0,0.0
0.0,1224,0,0,0,0,0,0,0,0,9337,0,0.0,0,0,0,0,0,3,0,0,1.0,0,0.0,0,0.0,0,0,0,2019.0,0.0,0,0,1,0,3234,0.0,0,0,0,0.0,0.0
0.0,5569,0,0,0,0,0,0,0,0,9337,0,0.0,0,0,0,0,0,1,0,0,0.5033512818629396,0,0.0,0,0.0,0,0,0,2005.1005384558882,0.49664871813706035,0,0,1,0,5158,0.0,0,0,0,0.0,0.0
0.0,7771,0,0,0,0,0,0,0,0,1325,0,0.0,0,0,0,0,0,1,0,0,0.0,0,0.0,0,0.0,0,0,0,2020.0170979238321,0.9829020761679809,0,0,1,0,4298,0.017097923832019135,0,0,0,0.0,0.0
0.0,2928,0,0,0,0,0,0,0,0,7969,0,0.0,0,0,0,0,0,3,0,0,0.0,0,0.0,0,0.0,0,0,0,2018.0,1.0,1,0,1,0,6164,0.0,0,0,0,0.0,0.0
0.0,2312,0,0,0,0,0,0,0,0,9494,0,0.0,0,0,0,0,0,1,0,0,0.0,0,0.0,0,0.0,0,1,2,2013.0,1.0,0,0,1,0,6097,0.0,0,0,0,0.0,0.0
0.0,5107,0,0,0,0,0,0,0,0,6044,0,0.0,0,0,0,1,0,2,0,0,1.0,0,0.0,0,0.0,0,0,0,2018.0,0.0,0,0,1,0,8881,0.0,0,0,0,0.0,0.0
0.0,4668,0,0,0,0,0,0,0,0,9337,0,1.0,0,0,0,0,0,3,0,0,0.0,0,0.0,0,0.0,0,0,0,2017.083621243418,0.0,0,0,1,0,1511,0.0,0,0,0,0.0,0.0
0.0,5639,0,0,0,0,0,0,0,0,9337,0,0.0,0,0,0,0,0,7,0,0,0.9669671905076183,0,0.0,0,0.0,0,0,0,2016.0660656189848,0.0,0,0,1,0,2975,0.03303280949238174,0,0,0,0.0,0.0
0.0,3072,0,0,0,0,0,0,0,0,3543,0,0.0,0,0,0,0,0,3,0,0,1.0,0,0.0,0,0.0,0,0,0,2019.7945997077222,0.0,0,0,1,0,7586,0.0,0,0,0,0.0,0.0
0.0,5841,0,0,0,0,0,0,0,0,7969,0,0.0,0,0,0,0,0,3,0,0,0.0,0,0.0,0,0.0,0,0,0,2018.0,1.0,1,0,1,0,4315,0.0,0,0,0,0.0,0.0
0.0,5844,0,0,0,0,0,0,0,0,1325,0,0.0,0,0,0,0,0,1,0,0,1.0,0,0.0,0,0.0,0,0,0,2019.6687713528072,0.0,0,0,1,0,6019,0.0,0,0,0,0.0,0.0
0.0,7060,0,0,0,0,0,0,0,0,9337,0,0.5459117959561344,0,0,0,0,0,2,0,0,0.0,0,0.0,0,0.0,0,0,0,2016.9081764080877,0.0,0,0,1,0,4544,0.45408820404386563,0,0,0,0.0,0.0
0.0,5973,0,0,0,0,0,0,0,0,9337,0,0.0,0,0,0,0,0,1,0,1,0.3294692980469477,0,0.0,0,0.0,0,0,0,2012.2946929804696,0.6705307019530523,0,0,1,0,1968,0.0,0,0,0,0.0,0.0
0.0,7946,0,0,0,0,0,0,0,0,3543,0,0.17261118820640797,0,0,0,0,0,2,0,0,0.827388811793592,0,0.0,0,0.0,0,0,0,2018.4821664353808,0.0,0,0,1,0,9199,0.0,0,0,0,0.0,0.0
0.0,6711,0,0,0,0,0,0,0,0,9337,0,0.0,0,0,0,0,0,2,0,0,0.0,0,0.0,0,0.0,0,0,0,2005.3021118774361,1.0,0,0,1,0,5571,0.0,0,0,0,0.0,0.0
0.0,4073,0,0,0,0,0,0,0,0,6044,0,0.0,0,0,0,0,0,1,0,0,0.0,0,0.0,0,0.0,0,0,0,2016.2469648806957,0.6234824403478229,0,0,1,0,4184,0.37651755965217715,0,0,0,0.0,0.0
0.0,5054,0,0,0,0,0,0,0,0,9337,0,0.0,0,0,0,0,0,2,0,0,1.0,0,0.0,0,0.0,0,0,0,2019.9970582272908,0.0,0,0,1,0,7806,0.0,0,0,0,0.0,0.0
0.0,6233,0,0,0,0,0,0,0,0,9337,0,0.0,0,0,0,0,0,1,0,0,1.0,0,0.0,0,0.0,0,0,0,2021.0,0.0,0,0,1,0,6121,0.0,0,0,0,0.0,0.0
0.0,5007,0,0,0,0,0,0,0,0,6044,0,0.0,0,0,0,0,0,1,0,0,1.0,0,0.0,0,0.0,0,0,0,2009.0,0.0,0,0,1,1,6605,0.0,0,0,0,0.0,0.0
0.0,2511,0,0,0,0,0,0,0,0,6044,0,0.0,0,0,0,0,0,1,0,0,0.0,0,0.0,0,0.0,1,0,0,2016.4728707559475,1.0,0,0,1,0,7912,0.0,0,0,0,0.0,0.0
0.0,7067,0,0,0,0,0,0,0,0,4655,0,0.0,0,0,0,0,0,1,0,0,1.0,0,0.0,0,0.0,0,0,0,2020.0,0.0,0,0,1,0,5879,0.0,0,0,0,0.0,0.0
0.0,2852,0,0,0,0,0,0,0,0,9337,0,0.0,0,0,0,0,0,3,0,0,0.7591224338506772,0,0.0,0,0.0,0,0,0,2018.277367301552,0.0,0,0,1,0,3765,0.24087756614932276,0,0,0,0.0,0.0
0.0,4328,0,0,0,0,0,0,1,0,4034,0,0.0,0,0,1,0,0,1,0,0,1.0,0,0.0,0,0.0,0,0,0,2020.0,0.0,0,0,1,0,1893,0.0,0,0,0,0.0,0.0
0.0,7952,0,0,0,0,0,0,0,0,9337,0,0.0,0,0,0,0,0,9,0,0,1.0,0,0.0,0,0.0,0,0,0,2011.0,0.0,0,0,1,0,2600,0.0,0,0,0,0.0,0.0
0.0,3262,0,0,0,0,0,0,0,1,6044,0,0.0,0,0,0,0,0,5,0,0,1.0,0,0.0,0,0.0,0,0,0,2021.0,0.0,0,0,1,0,1514,0.0,0,0,0,0.0,0.0
0.0,4328,0,0,0,0,0,0,1,0,4034,0,0.0,0,0,1,0,0,1,0,0,1.0,0,0.0,0,0.0,0,0,0,2020.0,0.0,0,0,1,0,2082,0.0,0,0,0,0.0,0.0
0.0,7048,0,0,0,0,0,0,0,0,8420,0,0.0,0,0,0,0,0,1,0,0,0.0,0,0.0,0,0.0,1,0,1,2017.0,0.0,0,0,1,0,7365,1.0,0,0,0,0.0,0.0
0.0,7182,0,0,0,0,0,0,0,0,9337,0,0.0,0,0,0,0,0,1,0,1,0.0,0,0.0,0,0.0,0,0,1,2009.0,1.0,0,0,1,0,1609,0.0,0,0,0,0.0,0.0
0.0,4328,0,0,0,0,0,0,1,0,4034,0,0.0,0,0,1,0,0,1,0,0,1.0,0,0.0,0,0.0,0,0,0,2020.0,0.0,0,0,1,0,2032,0.0,0,0,0,0.0,0.0
0.0,5293,0,0,0,0,0,0,0,0,3543,0,0.0,0,0,0,0,0,1,0,0,0.14632436675153404,0,0.0,0,0.0,0,0,0,2010.4632436675154,0.0,0,0,1,0,2993,0.853675633248466,0,0,0,0.0,0.0
0.0,6602,0,0,0,0,0,0,0,0,9337,0,0.0,0,0,0,0,0,1,0,0,0.0,0,0.0,0,0.0,0,0,0,2003.8076973330822,1.0,0,0,1,0,5362,0.0,0,0,0,0.0,0.0
0.0,6791,0,0,0,0,0,0,0,0,1325,0,0.0,0,0,0,0,0,1,0,0,0.8596390075073351,0,0.0,0,0.0,0,0,0,2021.0,0.0,0,0,1,0,6194,0.14036099249266487,0,0,0,0.0,0.0
0.0,3524,0,0,0,0,0,0,0,0,7969,0,0.0,0,0,0,0,0,3,0,0,0.0,0,0.0,0,0.0,0,0,0,2018.0,1.0,1,0,1,0,2490,0.0,0,0,0,0.0,0.0
0.0,4820,0,0,0,0,0,0,0,0,9337,0,0.0,0,0,0,0,0,1,0,0,0.0,0,0.0,0,0.0,0,0,0,2018.5576374933157,1.0,0,0,1,1,8528,0.0,0,0,0,0.0,0.0
0.0,9719,0,0,0,0,0,0,0,0,9337,0,0.0,0,0,0,0,0,2,0,0,1.0,0,0.0,0,0.0,0,0,0,2019.4503196008754,0.0,0,0,1,0,3492,0.0,0,0,0,0.0,0.0
0.0,3221,0,0,0,0,0,0,0,0,9337,0,0.0,0,0,0,0,0,4,0,0,0.0,0,0.0,0,0.0,0,0,0,2017.9105697787743,0.04471511061285083,0,0,1,0,2219,0.9552848893871492,0,0,0,0.0,0.0
0.0,3422,0,0,0,0,0,0,0,0,9337,0,0.0,0,0,0,0,0,1,0,0,0.0,0,0.0,0,0.0,0,0,0,2013.4493339620378,0.0,0,0,1,0,8844,0.05616674525474141,0,0,0,0.0,0.0
0.0,6656,0,0,0,0,0,0,0,0,7969,0,0.0,0,0,0,0,0,3,0,0,0.0,0,0.0,0,0.0,0,0,0,2018.0,1.0,1,0,1,0,4479,0.0,0,0,0,0.0,0.0
0.0,6221,0,0,0,0,0,0,0,0,1325,0,0.0,0,0,0,0,0,1,0,0,1.0,0,0.0,0,0.0,0,0,0,2020.0,0.0,0,0,1,0,5820,0.0,0,0,0,0.0,0.0
0.0,3390,0,0,0,0,0,0,0,0,9337,0,0.0,0,0,0,0,0,1,0,0,1.0,0,0.0,0,0.0,0,0,0,2020.0,0.0,0,0,1,0,7274,0.0,0,0,0,0.0,0.0
0.0,9856,0,0,0,0,0,0,0,0,7694,0,0.0,0,0,0,0,0,1,0,0,1.0,0,0.0,0,0.0,0,0,0,2020.0,0.0,0,0,1,0,2733,0.0,0,0,0,0.0,0.0
0.0,6828,0,0,0,0,0,0,0,0,9337,0,0.0,0,0,0,0,0,3,0,0,0.0,0,0.0,0,0.0,0,0,0,2017.4043811677573,0.0,0,0,1,0,6929,1.0,0,0,0,0.0,0.0
0.0,6450,0,0,0,1,0,0,0,0,9337,0,0.0,0,0,0,0,0,3,0,0,0.0,0,0.0,0,0.0,0,0,1,2021.0,0.0,0,0,1,0,8308,1.0,0,0,0,0.0,0.0
0.0,7123,0,0,0,0,0,0,0,0,7969,0,0.0,0,0,0,0,0,3,0,0,0.0,0,0.0,0,0.0,0,0,0,2018.0,1.0,1,0,1,0,4573,0.0,0,0,0,0.0,0.0
0.0,6806,0,0,0,0,0,0,0,0,1325,0,0.0,0,0,0,0,0,1,0,0,0.7561432305802867,0,0.0,0,0.0,0,0,0,2021.0,0.0,0,0,1,0,6487,0.24385676941971335,0,0,0,0.0,0.0
0.0,6352,0,0,0,0,0,0,0,0,9337,0,0.0,0,0,0,0,0,2,0,1,0.0,0,0.0,0,0.0,0,0,0,2019.068350889022,1.0,0,0,1,0,6565,0.0,0,0,0,0.0,0.0
0.0,6501,0,0,0,0,0,0,0,0,9337,0,0.0,0,0,0,0,0,1,0,0,1.0,0,0.0,0,0.0,0,0,0,2020.0240164896136,0.0,0,0,1,0,1855,0.0,0,0,0,0.0,0.0
0.0,8104,0,0,0,0,0,0,0,0,7969,0,0.0,0,0,0,0,0,3,0,0,0.0,0,0.0,0,0.0,0,0,0,2018.0,1.0,1,0,1,0,1675,0.0,0,0,0,0.0,0.0
0.0,3334,0,0,0,0,0,0,0,0,7969,0,0.0,0,0,0,0,0,3,0,0,0.0,0,0.0,0,0.0,0,0,0,2018.0,1.0,1,0,1,0,1913,0.0,0,0,0,0.0,0.0
0.0,7891,0,0,0,0,0,0,0,0,9337,0,0.0,0,0,0,0,0,7,0,0,0.7901848475346278,0,0.0,0,0.0,0,0,0,2012.678521219723,0.2098151524653722,0,0,1,0,2467,0.0,0,0,0,0.0,0.0
0.0,5491,0,0,0,0,0,0,0,0,3543,0,0.0,0,0,0,0,0,3,0,0,1.0,0,0.0,0,0.0,0,0,0,2019.0,0.0,0,0,1,0,4689,0.0,0,0,0,0.0,0.0
0.0,3015,0,0,0,0,0,0,0,0,6044,0,0.0,0,0,0,0,0,1,0,0,0.0,0,0.0,0,0.0,0,0,0,2014.546422977508,1.0,0,0,1,0,8250,0.0,0,0,0,0.0,0.0
0.0,6793,0,0,0,0,0,0,0,0,7969,0,0.0,0,0,0,0,0,3,0,0,0.0,0,0.0,0,0.0,0,0,0,2018.0,1.0,1,0,1,0,4506,0.0,0,0,0,0.0,0.0
0.0,2740,0,0,0,0,0,0,0,0,9337,0,0.0,0,0,0,0,1,1,0,0,0.0,0,0.0,0,0.0,1,0,0,2018.0,0.0,0,0,1,0,9745,1.0,0,0,0,0.0,0.0
0.0,8905,0,0,0,0,0,0,0,0,9337,0,0.0,0,0,0,0,0,1,0,0,0.0,0,0.0,0,0.0,0,0,0,1996.9358996299384,1.0,0,0,1,0,5309,0.0,0,0,0,0.0,0.0
0.0,6894,0,0,0,0,0,0,0,0,1325,0,0.0,1,0,0,0,0,1,0,0,0.17291045122570126,0,0.0,0,0.0,0,0,0,2021.0,0.0,0,0,1,0,5470,0.8270895487742987,0,0,0,0.0,0.0
0.0,6334,0,0,0,0,0,0,0,0,1325,0,0.0,0,0,0,0,0,1,0,0,0.8374275044430259,0,0.0,0,0.0,0,0,0,2020.162572495557,0.0,0,0,1,0,5853,0.16257249555697406,0,0,0,0.0,0.0
0.0,5214,0,0,0,0,0,0,0,0,3543,0,0.0,0,0,0,0,0,2,0,0,0.6330326514555138,0,0.0,0,0.0,0,0,0,2015.6972938630997,0.0,0,0,1,0,2372,0.3669673485444862,0,0,0,0.0,0.0
0.0,4860,0,0,0,0,0,0,0,0,5288,0,1.0,0,0,0,0,0,2,0,0,0.0,0,0.0,0,0.0,0,0,0,2021.0,0.0,0,0,1,0,6359,0.0,0,0,0,0.0,0.0
0.0,6916,0,0,0,0,0,0,0,0,1325,0,0.0,1,0,0,0,0,1,0,0,0.020838571546499263,0,0.0,0,0.0,0,0,0,2021.0,0.0,0,0,1,0,6921,0.9791614284535007,0,0,0,0.0,0.0
0.0,1911,0,0,0,0,0,0,0,0,7969,0,0.0,0,0,0,0,0,2,0,0,0.0,0,0.0,0,0.0,0,0,0,2018.0,1.0,0,0,1,0,6558,0.0,0,0,0,0.0,0.0
0.0,4666,0,0,0,0,0,0,0,0,9337,0,0.0,0,0,0,0,0,3,0,0,1.0,0,0.0,0,0.0,0,0,0,2018.0,0.0,0,0,1,0,6844,0.0,0,0,0,0.0,0.0
0.0,3617,0,0,0,0,0,0,0,0,9337,0,0.0,0,0,0,0,0,4,0,0,1.0,0,0.0,0,0.0,0,0,0,2019.6847814818025,0.0,0,0,1,0,6529,0.0,0,0,0,0.0,0.0
0.0,5841,0,0,0,0,0,0,0,0,7969,0,0.0,0,0,0,0,0,3,0,0,0.0,0,0.0,0,0.0,0,0,0,2018.0,1.0,1,0,1,0,4315,0.0,0,0,0,0.0,0.0
0.0,4820,0,0,0,0,0,0,0,0,9337,0,0.0,0,0,0,0,0,1,0,0,0.0,0,0.0,0,0.0,0,0,0,2018.9734361924118,1.0,0,0,1,1,8541,0.0,0,0,0,0.0,0.0
0.0,3287,0,0,0,0,0,0,0,0,7969,0,0.0,0,0,0,0,0,3,0,0,0.0,0,0.0,0,0.0,0,0,0,2018.0,1.0,1,0,1,0,1768,0.0,0,0,0,0.0,0.0
0.0,6481,0,0,0,0,0,0,0,0,6044,0,0.0,0,0,0,0,0,5,0,0,1.0,0,0.0,0,0.0,0,1,1,2021.0,0.0,0,0,1,0,8804,0.0,0,0,0,0.0,0.0
0.0,5629,0,0,0,0,0,0,0,0,9337,0,0.0,0,0,0,0,0,4,0,0,0.4419993830597483,0,0.0,0,0.0,0,0,0,2017.1160012338805,0.0,0,0,1,0,2840,0.5580006169402517,0,0,0,0.0,0.0
0.0,2540,0,0,0,0,0,0,0,0,9337,0,0.0,0,0,0,0,0,1,0,0,0.0,0,0.0,0,0.0,0,0,0,2001.9014160511588,1.0,0,0,1,0,5390,0.0,0,0,0,0.0,0.0
0.0,6771,0,0,0,0,0,0,0,0,7969,0,0.0,0,0,0,0,0,3,0,0,0.0,0,0.0,0,0.0,0,0,0,2018.0,1.0,1,0,1,0,4502,0.0,0,0,0,0.0,0.0
0.0,7726,0,0,0,0,0,0,0,0,1325,0,0.0,0,0,0,0,0,1,0,0,0.0,0,0.0,0,0.0,0,0,0,2020.0691655975645,0.9308344024355663,0,0,1,0,4350,0.06916559756443375,0,0,0,0.0,0.0
0.0,7952,0,0,0,0,0,0,0,0,9337,0,0.0,0,0,0,0,0,9,0,0,1.0,0,0.0,0,0.0,0,0,0,2011.0,0.0,0,0,1,0,2590,0.0,0,0,0,0.0,0.0
0.0,3490,0,0,0,0,0,0,0,0,9337,0,0.0,0,0,0,0,0,3,0,0,1.0,0,0.0,0,0.0,0,0,0,2019.3762362353905,0.0,0,0,1,0,6689,0.0,0,0,0,0.0,0.0
0.0,7488,0,0,0,0,0,0,0,0,9337,0,0.0,0,0,0,0,0,1,0,0,0.0,0,0.0,0,0.0,0,0,0,2014.65333098679,0.8329165933371856,0,0,1,0,3395,0.1670834066628144,0,0,0,0.0,0.0
0.0,9853,0,0,0,0,0,0,0,0,9337,0,0.4392517282053978,0,0,0,0,0,1,0,0,0.5607482717946022,0,0.0,0,0.0,0,0,0,2021.0,0.0,0,0,1,0,4294,0.0,0,0,0,0.0,0.0
0.0,8036,0,0,0,0,0,0,0,0,7969,0,0.0,0,0,0,0,0,3,0,0,0.0,0,0.0,0,0.0,0,0,0,2018.0,1.0,1,0,1,0,1717,0.0,0,0,0,0.0,0.0
0.0,4601,0,0,0,0,0,0,0,0,9337,0,1.0,0,0,0,0,0,4,0,0,0.0,0,0.0,0,0.0,0,0,0,2016.4169781774024,0.0,0,0,1,0,1584,0.0,0,0,0,0.0,0.0
0.0,7516,0,0,0,0,0,0,0,0,6044,0,0.0,0,0,0,0,0,1,0,1,1.0,0,0.0,0,0.0,1,0,1,2021.0,0.0,0,0,1,0,5313,0.0,0,0,0,0.0,0.0
0.0,4048,0,0,0,0,0,0,0,0,9337,0,0.0,0,0,0,0,0,1,0,0,0.0,0,0.0,0,0.0,0,0,0,2006.8376507573983,1.0,0,0,1,0,5377,0.0,0,0,0,0.0,0.0
0.0,3516,0,0,0,0,0,0,0,0,9337,0,0.0,0,0,0,0,0,1,0,0,0.5500915309649332,0,0.0,0,0.0,0,0,0,2006.502745928948,0.44990846903506676,0,0,1,0,5050,0.0,0,0,0,0.0,0.0
0.0,2251,0,0,0,0,0,0,0,0,7969,0,0.0,0,0,0,0,0,3,0,0,0.0,0,0.0,0,0.0,0,0,0,2018.0,1.0,1,0,1,0,5329,0.0,0,0,0,0.0,0.0
0.0,9124,0,0,0,0,0,0,0,0,9337,0,0.0,0,0,0,0,0,1,0,0,1.0,0,0.0,0,0.0,0,0,0,2021.0,0.0,0,0,1,0,5271,0.0,0,0,0,0.0,0.0
0.0,7879,0,0,0,0,0,0,0,0,9337,0,0.0,0,0,0,0,0,6,0,0,1.0,0,0.0,0,0.0,0,0,0,2013.443399721297,0.0,0,0,1,0,2551,0.0,0,0,0,0.0,0.0
0.0,8501,0,0,0,0,0,0,0,0,6044,0,0.0,0,0,0,0,0,1,0,0,1.0,0,0.0,0,0.0,0,0,0,2014.2766056337841,0.0,0,0,1,0,2620,0.0,0,0,0,0.0,0.0
0.0,7123,0,0,0,0,0,0,0,0,7969,0,0.0,0,0,0,0,0,3,0,0,0.0,0,0.0,0,0.0,0,0,0,2018.0,1.0,1,0,1,0,4573,0.0,0,0,0,0.0,0.0
0.0,6207,0,0,0,0,0,0,0,0,9337,0,0.0,0,0,0,0,0,1,0,0,0.0,0,0.0,0,0.0,0,0,0,2013.0689731783027,1.0,0,0,1,0,8180,0.0,0,0,0,0.0,0.0
0.0,5636,0,0,0,0,0,0,0,0,1325,0,0.0,0,0,0,0,0,1,0,0,1.0,0,0.0,0,0.0,0,0,0,2019.6548140208158,0.0,0,0,1,0,6396,0.0,0,0,0,0.0,0.0
0.0,3524,0,0,0,0,0,0,0,0,7969,0,0.0,0,0,0,0,0,3,0,0,0.0,0,0.0,0,0.0,0,0,0,2018.0,1.0,1,0,1,0,2490,0.0,0,0,0,0.0,0.0
0.0,3779,0,0,0,0,0,0,0,0,4655,0,1.0,0,0,0,0,0,1,0,1,0.0,0,0.0,0,0.0,0,0,0,2018.0,0.0,0,0,1,0,6497,0.0,0,0,0,0.0,0.0
0.0,5299,0,0,0,0,0,0,0,0,9337,0,0.0,0,0,0,0,0,3,0,0,0.0,0,0.0,0,0.0,0,0,0,2020.2762970912784,1.0,0,0,1,0,9737,0.0,0,0,0,0.0,0.0
0.0,3247,0,0,0,0,0,0,0,0,9337,0,0.0,0,0,0,0,0,3,0,0,0.0,0,0.0,0,0.0,0,0,0,2017.4666799509055,0.2666600245473173,0,0,1,0,2190,0.7333399754526827,0,0,0,0.0,0.0
0.0,7698,0,0,0,0,0,0,0,0,9337,0,0.0,0,0,0,0,0,5,0,0,0.727912358161098,0,0.0,0,0.0,0,0,0,2018.9116494326445,0.0,0,0,1,0,6844,0.272087641838902,0,0,0,0.0,0.0
0.0,5634,0,0,0,0,0,0,0,0,9337,0,0.0,0,0,0,0,0,7,0,0,0.9705487996946668,0,0.0,0,0.0,0,0,0,2016.0589024006106,0.0,0,0,1,0,2976,0.029451200305333214,0,0,0,0.0,0.0
0.0,4328,0,0,0,0,0,0,1,0,4034,0,0.0,0,0,1,0,0,1,0,0,1.0,0,0.0,0,0.0,0,0,0,2020.0,0.0,0,0,1,0,1955,0.0,0,0,0,0.0,0.0
0.0,2767,0,0,0,0,0,0,0,0,3543,0,0.0,0,0,0,0,0,2,0,0,0.5713138383162337,0,0.0,0,0.0,0,0,0,2015.9991968682136,0.0,0,0,1,0,5700,0.4286861616837663,0,0,0,0.0,0.0
0.0,4477,0,0,0,0,0,0,0,0,3543,0,0.0,0,0,0,0,0,3,0,0,1.0,0,0.0,0,0.0,0,0,0,2019.0,0.0,0,0,1,0,6385,0.0,0,0,0,0.0,0.0
0.0,8075,0,0,0,0,0,0,0,0,7969,0,0.0,0,0,0,0,0,3,0,0,0.0,0,0.0,0,0.0,0,0,0,2018.0,1.0,1,0,1,0,1692,0.0,0,0,0,0.0,0.0
0.0,1601,0,0,0,0,0,0,0,0,6928,0,1.0,0,0,0,0,0,2,0,0,0.0,0,0.0,0,0.0,0,0,0,2021.0,0.0,0,0,1,0,2171,0.0,0,0,0,0.0,0.0
0.0,1273,0,0,0,0,0,0,0,0,9337,0,0.8479531432016316,0,0,0,0,0,5,0,0,0.15204685679836838,0,0.0,0,0.0,0,0,0,2015.9122811407901,0.0,0,0,1,0,7315,0.0,0,0,0,0.0,0.0
0.0,4178,0,0,0,0,0,0,0,0,1325,0,0.6465375739730737,0,0,0,0,0,1,0,0,0.0,0,0.0,0,0.0,0,0,0,2014.5861502958924,0.0,0,0,1,0,2459,0.35346242602692635,0,0,0,0.0,0.0
0.0,6816,0,0,0,0,0,0,0,0,1325,0,0.0,0,0,0,0,0,1,0,0,0.6909191761008197,0,0.0,0,0.0,0,0,0,2021.0,0.0,0,0,1,0,6245,0.30908082389918035,0,0,0,0.0,0.0
0.0,2030,0,0,0,0,0,0,0,0,7969,0,0.0,0,0,0,0,0,3,0,0,0.0,0,0.0,0,0.0,0,0,0,2018.0,1.0,1,0,1,0,6485,0.0,0,0,0,0.0,0.0
0.0,3115,0,0,0,0,0,0,0,0,7969,0,0.0,0,0,0,0,0,3,0,0,0.0,0,0.0,0,0.0,0,0,0,2018.0,1.0,1,0,1,0,1245,0.0,0,0,0,0.0,0.0
0.0,8104,0,0,0,0,0,0,0,0,7969,0,0.0,0,0,0,0,0,3,0,0,0.0,0,0.0,0,0.0,0,0,0,2018.0,1.0,1,0,1,0,1675,0.0,0,0,0,0.0,0.0
0.0,3807,0,0,0,0,0,0,0,0,9337,0,0.0,0,0,0,0,0,4,0,0,1.0,0,0.0,0,0.0,0,0,0,2020.243905090989,0.0,0,0,1,0,6458,0.0,0,0,0,0.0,0.0
0.0,6233,0,0,0,0,0,0,0,0,9337,0,0.0,0,0,0,0,0,2,0,0,0.4970684320458494,0,0.0,0,0.0,0,0,0,2020.5029315679542,0.0,0,0,1,0,4858,0.5029315679541506,0,0,0,0.0,0.0
0.0,6847,0,0,0,0,0,0,0,0,1325,0,0.0,1,0,0,0,0,1,0,0,0.48172713573849724,0,0.0,0,0.0,0,0,0,2021.0,0.0,0,0,1,0,5795,0.5182728642615028,0,0,0,0.0,0.0
0.0,4395,0,0,0,0,0,0,0,0,3543,0,0.0,0,0,0,0,0,3,0,0,1.0,0,0.0,0,0.0,0,0,0,2019.0,0.0,0,0,1,0,7305,0.0,0,0,0,0.0,0.0
0.0,2544,0,0,0,0,0,1,0,0,6044,0,0.0,0,0,0,0,0,1,0,0,1.0,0,0.0,0,0.0,1,0,0,2016.0,0.0,0,0,1,0,2351,0.0,0,0,0,0.0,0.0
0.0,1817,0,0,0,0,0,0,0,0,7969,0,0.0,0,0,0,0,0,2,0,0,0.0,0,0.0,0,0.0,0,0,0,2018.0,1.0,0,0,1,0,6617,0.0,0,0,0,0.0,0.0
0.0,6408,0,0,0,0,0,0,0,0,9337,0,0.0,0,0,0,0,0,1,0,0,1.0,0,0.0,0,0.0,0,0,0,2018.0,0.0,0,0,1,0,2005,0.0,0,0,0,0.0,0.0
0.0,5685,0,0,0,0,0,0,0,0,6044,0,0.0,0,0,0,1,0,2,0,0,1.0,0,0.0,0,0.0,0,0,0,2018.0,0.0,0,0,1,0,8982,0.0,0,0,0,0.0,0.0
0.0,1267,0,0,0,0,0,0,0,0,9337,0,0.9347212422421303,0,0,0,0,0,5,0,0,0.06527875775786973,0,0.0,0,0.0,0,0,0,2015.1958362732737,0.0,0,0,1,0,7282,0.0,0,0,0,0.0,0.0
0.0,3226,0,0,0,0,0,0,0,0,7969,0,0.0,0,0,0,0,0,3,0,0,0.0,0,0.0,0,0.0,0,0,0,2018.0,1.0,1,0,1,0,1585,0.0,0,0,0,0.0,0.0
0.0,1328,0,0,0,0,0,0,0,0,9337,0,0.0,0,0,0,0,0,2,0,0,0.6353203906855965,0,0.0,0,0.0,0,0,0,2008.4242913298824,0.36467960931440346,0,0,1,0,5499,0.0,0,0,0,0.0,0.0
0.0,8427,0,0,0,0,0,0,0,0,9337,0,0.0,0,0,0,0,0,2,0,0,0.7602061587825135,0,0.0,0,0.0,0,0,0,2016.6020615878251,0.23979384121748648,0,0,1,0,4540,0.0,0,0,0,0.0,0.0
0.0,4649,0,0,0,0,0,0,0,0,9337,0,1.0,0,0,0,0,0,1,0,1,0.0,0,0.0,0,0.0,0,0,0,2018.0,0.0,0,0,1,0,2335,0.0,0,0,0,0.0,0.0
0.0,3742,0,0,0,0,0,0,0,0,4655,0,1.0,0,0,0,0,0,1,0,1,0.0,0,0.0,0,0.0,0,0,0,2018.0,0.0,0,0,1,0,6516,0.0,0,0,0,0.0,0.0
0.0,4364,0,0,0,0,0,0,0,0,3543,0,0.46839486834960076,0,0,0,0,0,2,0,0,0.5316051316503992,0,0.0,0,0.0,0,0,0,2017.5948153949512,0.0,0,0,1,0,8002,0.0,0,0,0,0.0,0.0
0.0,6840,0,0,0,0,0,0,0,0,1325,0,0.0,0,0,0,0,0,1,0,0,0.5321506123933972,0,0.0,0,0.0,0,0,0,2021.0,0.0,0,0,1,0,6194,0.4678493876066028,0,0,0,0.0,0.0
0.0,5474,0,0,0,0,0,0,0,0,9337,0,0.0,0,0,0,0,0,1,0,0,0.5789148988570235,0,0.0,0,0.0,0,0,0,2021.0,0.0,0,0,1,0,8928,0.4210851011429765,0,0,0,0.0,0.0
0.0,7088,0,0,0,0,0,0,0,0,1325,0,0.0,1,0,0,0,0,1,0,0,0.0,0,0.0,0,0.0,0,0,0,2020.8056825763688,0.19431742363122462,0,0,1,0,5091,0.8056825763687754,0,0,0,0.0,0.0
0.0,5789,0,0,0,0,0,0,0,0,1325,0,0.0,0,0,0,0,0,1,0,0,0.6160569803673706,0,0.0,0,0.0,0,0,0,2019.7678860392652,0.0,0,0,1,0,6619,0.38394301963262945,0,0,0,0.0,0.0
0.0,9411,0,0,0,0,0,0,0,0,9337,0,0.0,0,0,0,0,0,5,0,0,0.0,0,0.0,0,0.0,0,0,0,2016.0,0.0,0,0,1,0,5153,1.0,0,0,0,0.0,0.0
0.0,2237,0,0,0,0,0,0,0,0,7969,0,0.0,0,0,0,0,0,3,0,0,0.0,0,0.0,0,0.0,0,0,0,2018.0,1.0,1,0,1,0,6610,0.0,0,0,0,0.0,0.0
0.0,3776,0,0,0,0,0,0,0,0,9337,0,0.0,0,0,0,0,0,5,0,0,1.0,0,0.0,0,0.0,0,0,0,2020.0,0.0,0,0,1,0,3735,0.0,0,0,0,0.0,0.0
0.0,7786,0,0,0,0,0,0,0,0,3543,0,0.0,0,0,0,0,0,3,0,0,1.0,0,0.0,0,0.0,0,0,0,2019.0,0.0,0,0,1,0,9143,0.0,0,0,0,0.0,0.0
0.0,2855,0,0,0,0,0,0,0,0,7969,0,0.0,0,0,0,0,0,3,0,0,0.0,0,0.0,0,0.0,0,0,0,2018.0,1.0,1,0,1,0,6682,0.0,0,0,0,0.0,0.0
0.0,8886,0,0,0,0,0,0,0,0,9337,0,0.0,0,0,0,0,0,1,0,0,1.0,0,0.0,0,0.0,0,0,0,2020.049467320514,0.0,0,0,1,0,6249,0.0,0,0,0,0.0,0.0
0.0,4825,0,0,0,0,0,0,0,0,9337,0,0.0,0,0,0,0,0,1,0,0,0.0,0,0.0,0,0.0,0,0,0,2014.6887115810337,1.0,0,0,1,1,8414,0.0,0,0,0,0.0,0.0
0.0,2192,0,0,0,0,0,0,0,0,9337,0,0.0,0,0,0,0,0,1,0,0,0.0,0,0.0,0,0.0,0,0,0,2019.0,1.0,0,0,1,0,7103,0.0,0,0,0,0.0,0.0
0.0,9721,0,0,0,0,0,0,0,0,9337,0,0.0,0,0,0,0,0,2,0,0,1.0,0,0.0,0,0.0,0,0,0,2019.6012886323165,0.0,0,0,1,0,3524,0.0,0,0,0,0.0,0.0
0.0,7025,0,0,0,0,0,0,0,0,9337,0,0.0,0,0,0,0,0,2,0,0,1.0,0,0.0,0,0.0,0,0,1,2020.0,0.0,0,0,1,0,2750,0.0,1,0,0,0.0,0.0
0.0,5707,0,0,0,0,0,0,0,0,9337,0,0.0,0,0,0,1,0,2,0,1,0.0,0,0.0,0,0.0,0,0,0,2017.0,1.0,0,0,1,0,6139,0.0,0,0,0,0.0,0.0
0.0,4328,0,0,0,0,0,0,1,0,4034,0,0.0,0,0,1,0,0,1,0,0,1.0,0,0.0,0,0.0,0,0,0,2020.0,0.0,0,0,1,0,2021,0.0,0,0,0,0.0,0.0
0.0,3962,0,0,0,0,0,0,0,0,9337,0,0.0,0,0,0,0,0,1,0,0,0.6726047304837446,0,0.0,0,0.0,0,0,0,2005.2205101208087,0.3273952695162554,0,0,1,0,5600,0.0,0,0,0,0.0,0.0
0.0,5940,0,0,0,0,0,0,0,0,9337,0,0.0,0,0,0,0,0,1,0,0,0.008339100004007838,0,0.0,0,0.0,0,0,0,2017.016678200008,0.9916608999959922,0,0,1,0,2354,0.0,0,0,0,0.0,0.0
0.0,7061,0,0,0,0,0,0,0,0,7969,0,0.0,0,0,0,0,0,3,0,0,0.0,0,0.0,0,0.0,0,0,0,2018.0,1.0,1,0,1,0,2489,0.0,0,0,0,0.0,0.0
0.0,7488,0,0,0,0,0,0,0,0,3543,0,0.0,0,0,0,0,0,2,0,0,0.4154184549121288,0,0.0,0,0.0,0,0,0,2017.2462553647365,0.5845815450878712,0,0,1,0,9569,0.0,0,0,0,0.0,0.0
0.0,6339,0,0,0,0,0,0,0,0,9337,0,0.0,0,0,0,0,0,2,0,1,0.0,0,0.0,0,0.0,0,0,0,2019.0,1.0,0,0,1,0,6538,0.0,0,0,0,0.0,0.0
0.0,4328,0,0,0,0,0,0,1,0,4034,0,0.0,0,0,1,0,0,1,0,0,1.0,0,0.0,0,0.0,0,0,0,2020.0,0.0,0,0,1,0,1865,0.0,0,0,0,0.0,0.0
0.0,4492,0,0,0,0,0,0,0,0,9337,0,1.0,0,0,0,0,0,5,0,0,0.0,0,0.0,0,0.0,0,0,0,2015.336416179957,0.0,0,0,1,0,1704,0.0,0,0,0,0.0,0.0
0.0,5986,0,0,0,0,0,0,0,0,9337,0,0.0,0,0,0,0,0,1,0,1,0.24616183752393983,0,0.0,0,0.0,0,0,0,2011.4616183752394,0.7538381624760602,0,0,1,0,1990,0.0,0,0,0,0.0,0.0
0.0,5633,0,0,0,0,0,0,0,0,9337,0,0.0,0,0,0,0,0,6,0,0,0.8185712907232665,0,0.0,0,0.0,0,0,0,2016.3628574185534,0.0,0,0,1,0,2937,0.1814287092767335,0,0,0,0.0,0.0
0.0,8913,0,0,0,0,0,0,0,0,9337,0,0.0,0,0,0,0,0,1,0,0,0.0,0,0.0,0,0.0,0,0,0,2005.7183758802762,1.0,0,0,1,0,5390,0.0,0,0,0,0.0,0.0
0.0,7132,0,0,0,0,0,0,0,0,6044,0,0.0,0,0,0,0,0,1,0,0,1.0,0,0.0,0,0.0,0,0,0,2009.0,0.0,0,0,1,1,5997,0.0,0,0,0,0.0,0.0
0.0,7352,0,0,0,0,0,0,0,0,1468,0,0.0,0,0,0,0,0,1,0,0,1.0,0,0.0,0,0.0,1,0,1,2014.0,0.0,0,0,1,0,9726,0.0,0,0,0,0.0,0.0
0.0,7840,0,0,0,0,0,0,0,0,7969,0,0.0,0,0,0,0,0,3,0,0,0.0,0,0.0,0,0.0,0,0,0,2018.0,1.0,1,0,1,0,1867,0.0,0,0,0,0.0,0.0
0.0,9292,0,0,0,0,0,0,0,0,3543,0,0.0,0,0,0,0,0,2,0,0,0.5651991509407497,0,0.0,0,0.0,0,0,0,2015.0867923584667,0.0,0,0,1,0,6945,0.4348008490592503,0,0,0,0.0,0.0
0.0,8127,0,0,0,0,0,0,0,0,6044,0,0.0,0,0,0,0,0,1,0,1,1.0,0,0.0,0,0.0,1,0,1,2021.0,0.0,0,0,1,0,3795,0.0,0,0,0,0.0,0.0
0.0,5841,0,0,0,0,0,0,0,0,7969,0,0.0,0,0,0,0,0,3,0,0,0.0,0,0.0,0,0.0,0,0,0,2018.0,1.0,1,0,1,0,4315,0.0,0,0,0,0.0,0.0
0.0,4736,0,0,0,0,0,0,0,0,9337,0,0.0,0,0,0,0,0,1,0,1,0.44636199020064116,0,0.0,0,0.0,0,0,0,2019.1072760195987,0.5536380097993588,0,0,1,0,1283,0.0,0,0,0,0.0,0.0
0.0,4459,0,0,0,0,0,0,0,0,1325,0,1.0,0,0,0,0,0,1,0,0,0.0,0,0.0,0,0.0,0,0,0,2016.0,0.0,0,0,1,0,2314,0.0,0,0,0,0.0,0.0
0.0,6937,0,0,0,0,0,0,0,0,9337,0,0.0,0,0,0,0,0,2,0,0,0.3937255852358995,0,0.0,0,0.0,0,0,0,2018.7874511704717,0.0,0,0,1,0,2736,0.6062744147641005,0,0,0,0.0,0.0
0.0,6421,0,0,0,0,0,0,0,0,7969,0,0.0,0,0,0,0,0,3,0,0,0.0,0,0.0,0,0.0,0,0,0,2018.0,1.0,1,0,1,0,4431,0.0,0,0,0,0.0,0.0
0.0,9737,0,0,0,0,0,0,0,0,9337,0,0.0,0,0,0,0,0,2,0,0,0.0,0,0.0,0,0.0,0,0,0,2012.8163107779794,1.0,0,0,1,0,2446,0.0,0,0,0,0.0,0.0
0.0,6689,0,0,0,0,0,0,0,0,4655,0,0.0,1,0,0,0,0,1,0,0,0.3350303446471564,0,0.0,0,0.0,0,0,0,2021.0,0.0,0,0,1,0,1850,0.6649696553528436,0,0,0,0.0,0.0
0.0,1227,0,0,0,0,0,0,0,0,9337,0,0.0,0,0,0,0,0,2,0,0,1.0,0,0.0,0,0.0,0,0,0,2019.0,0.0,0,0,1,0,4037,0.0,0,0,0,0.0,0.0
0.0,1167,0,0,0,0,0,0,0,0,9337,0,0.0,0,0,0,0,0,1,0,0,0.0,0,0.0,0,0.0,0,0,0,2007.499462155674,1.0,0,0,1,0,5307,0.0,0,0,0,0.0,0.0
0.0,6814,0,0,0,0,0,0,0,0,1325,0,0.0,0,0,0,0,0,1,0,0,0.7023452662239503,0,0.0,0,0.0,0,0,0,2021.0,0.0,0,0,1,0,6248,0.2976547337760497,0,0,0,0.0,0.0
0.0,4424,0,0,0,0,0,0,0,0,3543,0,0.0,0,0,0,0,0,3,0,0,1.0,0,0.0,0,0.0,0,0,0,2019.0,0.0,0,0,1,0,6764,0.0,0,0,0,0.0,0.0
0.0,2069,0,0,0,0,0,1,0,0,6044,0,0.0,0,0,0,0,0,1,0,0,1.0,0,0.0,0,0.0,1,1,1,2009.0,0.0,0,0,1,0,8506,0.0,0,0,0,0.0,0.0
0.0,3314,0,0,0,0,0,0,0,0,6044,0,0.0,0,0,0,0,0,1,0,0,0.0,0,0.0,0,0.0,0,0,0,2005.7903242531927,1.0,0,0,1,0,4393,0.0,0,0,0,0.0,0.0
0.0,5149,0,0,0,0,0,0,0,0,3543,0,0.0,0,0,0,0,0,1,0,0,0.030832772784410434,0,0.0,0,0.0,0,0,0,2009.308327727844,0.0,0,0,1,0,2801,0.9691672272155896,0,0,0,0.0,0.0
0.0,6781,0,0,0,0,0,0,0,0,9337,0,0.0,0,0,0,0,0,1,0,0,0.0,0,0.0,0,0.0,0,0,0,2015.6990833968018,0.0,0,0,1,0,3412,1.0,0,0,0,0.0,0.0
0.0,1638,0,0,0,0,0,0,0,0,9337,0,0.0,0,0,0,0,0,1,0,0,1.0,0,0.0,0,0.0,0,0,0,2020.2778534657164,0.0,0,0,1,0,9183,0.0,0,0,0,0.0,0.0
0.0,6712,0,0,0,0,0,0,0,0,4655,0,0.0,1,0,0,0,0,1,0,0,0.48238525149226397,0,0.0,0,0.0,0,0,0,2021.0,0.0,0,0,1,0,1760,0.517614748507736,0,0,0,0.0,0.0
0.0,6711,0,0,0,0,0,0,0,0,9337,0,0.0,0,0,0,0,0,2,0,0,0.0,0,0.0,0,0.0,0,0,0,2004.6733230804375,1.0,0,0,1,0,5558,0.0,0,0,0,0.0,0.0
0.0,8156,0,0,0,0,0,0,0,0,9337,0,0.0,0,0,0,0,0,1,0,0,0.5472264898017375,0,0.0,0,0.0,0,0,0,2006.964021183854,0.4527735101982625,0,0,1,0,5197,0.0,0,0,0,0.0,0.0
0.0,7517,0,0,0,0,0,0,0,0,9337,0,0.0,0,0,0,0,0,3,0,0,0.0,0,0.0,0,0.0,0,0,0,2015.1804093348758,0.40979533256216194,0,0,1,0,7189,0.5902046674378381,0,0,0,0.0,0.0
0.0,4682,0,0,0,0,0,0,0,0,6044,0,0.0,0,0,0,0,0,1,0,0,0.2128530436620839,0,0.0,0,0.0,0,0,0,2014.0642652183103,0.0,0,0,1,0,2566,0.7871469563379161,0,0,0,0.0,0.0
0.0,4403,0,0,0,0,0,0,0,0,3543,0,0.0,0,0,0,0,0,3,0,0,1.0,0,0.0,0,0.0,0,0,0,2019.0,0.0,0,0,1,0,7155,0.0,0,0,0,0.0,0.0
0.0,2770,0,0,0,0,0,0,0,0,9190,0,0.0,0,0,0,0,0,1,0,0,0.0,0,0.0,0,0.0,0,0,0,2012.008135671217,1.0,0,0,1,0,4051,0.0,0,0,0,0.0,0.0
0.0,3524,0,0,0,0,0,0,0,0,7969,0,0.0,0,0,0,0,0,3,0,0,0.0,0,0.0,0,0.0,0,0,0,2018.0,1.0,1,0,1,0,2490,0.0,0,0,0,0.0,0.0
0.0,5248,0,0,0,0,0,0,0,0,9337,0,1.0,0,0,0,0,0,3,0,0,0.0,0,0.0,0,0.0,0,0,0,2018.0,0.0,0,0,1,0,1509,0.0,0,0,0,0.0,0.0
0.0,7327,0,0,0,0,0,0,0,0,9337,0,0.0,0,0,0,0,0,1,0,0,1.0,0,0.0,0,0.0,0,0,0,2021.0,0.0,0,0,1,0,9223,0.0,0,0,0,0.0,0.0
0.0,5700,0,0,0,0,0,0,0,0,9337,0,0.0,0,0,0,0,0,4,0,0,1.0,0,0.0,0,0.0,0,0,0,2016.4808033886727,0.0,0,0,1,0,3061,0.0,0,0,0,0.0,0.0
0.0,6364,0,0,0,0,0,0,0,0,6044,0,0.0,0,0,0,0,0,1,0,0,0.8524800101446773,0,0.0,0,0.0,0,0,0,2007.4751998985532,0.0,0,0,1,0,3812,0.14751998985532266,0,0,0,0.0,0.0
0.0,6814,0,0,0,0,0,0,0,0,1325,0,0.0,0,0,0,0,0,1,0,0,0.7013295420000065,0,0.0,0,0.0,0,0,0,2021.0,0.0,0,0,1,0,6248,0.2986704579999935,0,0,0,0.0,0.0
0.0,4260,0,0,0,0,0,0,0,0,9337,0,0.0,0,0,0,0,0,5,0,0,0.0,0,0.0,0,0.0,0,0,0,2016.0,0.0,0,0,1,0,7971,1.0,0,0,0,0.0,0.0
0.0,9220,0,0,0,0,0,0,0,0,3543,0,0.0,0,0,0,0,0,3,0,0,1.0,0,0.0,0,0.0,0,0,0,2019.0,0.0,0,0,1,0,3330,0.0,0,0,0,0.0,0.0
0.0,9996,0,0,0,0,0,0,0,0,9337,0,0.0,0,0,0,0,0,1,0,0,0.0,0,0.0,0,0.0,0,0,0,2001.0,1.0,1,0,1,0,6056,0.0,0,0,0,0.0,0.0
0.0,2694,0,0,0,0,0,0,0,0,9337,0,0.0,0,0,0,0,0,3,0,0,1.0,0,0.0,0,0.0,0,0,0,2019.0,0.0,0,0,1,0,2219,0.0,0,0,0,0.0,0.0
0.0,7060,0,0,0,0,0,0,0,0,9337,0,0.5464018940056633,0,0,0,0,0,2,0,0,0.0,0,0.0,0,0.0,0,0,0,2016.9071962119888,0.0,0,0,1,0,4544,0.4535981059943367,0,0,0,0.0,0.0
0.0,2918,0,0,0,0,0,0,0,0,7969,0,0.0,0,0,0,0,0,3,0,0,0.0,0,0.0,0,0.0,0,0,0,2018.0,1.0,1,0,1,0,6394,0.0,0,0,0,0.0,0.0
0.0,6659,0,0,0,0,0,0,0,0,4655,0,0.0,1,0,0,0,0,1,0,0,0.1475846840222682,0,0.0,0,0.0,0,0,0,2021.0,0.0,0,0,1,0,1498,0.8524153159777318,0,0,0,0.0,0.0
0.0,8015,0,0,0,0,0,0,0,0,7969,0,0.0,0,0,0,0,0,3,0,0,0.0,0,0.0,0,0.0,0,0,0,2018.0,1.0,1,0,1,0,1730,0.0,0,0,0,0.0,0.0
0.0,7319,0,0,0,0,0,0,0,0,9337,0,0.0,0,0,0,0,0,1,0,0,1.0,0,0.0,0,0.0,0,0,0,2020.835740694294,0.0,0,0,1,0,9536,0.0,0,0,0,0.0,0.0
0.0,7490,0,0,0,0,0,0,0,0,9337,0,0.0,0,0,0,0,0,1,0,0,0.20875560881129385,0,0.0,0,0.0,0,0,0,2010.8788004793016,0.7912443911887062,0,0,1,0,2333,0.0,0,0,0,0.0,0.0
0.0,3704,0,0,0,0,0,0,0,0,9337,0,0.0,0,0,0,0,0,1,0,1,0.0,0,0.0,0,0.0,1,0,1,2015.0,1.0,0,0,1,0,3917,0.0,0,0,0,0.0,0.0
0.0,3418,0,0,0,0,0,0,0,0,7969,0,0.0,0,0,0,0,0,3,0,0,0.0,0,0.0,0,0.0,0,0,0,2018.0,1.0,1,0,1,0,2168,0.0,0,0,0,0.0,0.0
0.0,8354,0,0,0,0,0,0,0,0,6044,0,1.0,0,0,0,0,0,3,0,0,0.0,0,0.0,0,0.0,0,1,1,2019.0,0.0,0,0,1,0,2287,0.0,0,0,0,0.0,0.0
0.0,6804,0,0,0,0,0,0,0,0,1325,0,0.0,0,0,0,0,0,1,0,0,0.7682825996284163,0,0.0,0,0.0,0,0,0,2021.0,0.0,0,0,1,0,6269,0.23171740037158373,0,0,0,0.0,0.0
0.0,3524,0,0,0,0,0,0,0,0,7969,0,0.0,0,0,0,0,0,3,0,0,0.0,0,0.0,0,0.0,0,0,0,2018.0,1.0,1,0,1,0,2490,0.0,0,0,0,0.0,0.0
0.0,5113,0,0,0,0,0,0,0,0,3543,0,0.0,0,0,0,0,0,2,0,0,0.6491304965201391,0,0.0,0,0.0,0,0,0,2015.4913049652014,0.0,0,0,1,0,2589,0.3508695034798609,0,0,0,0.0,0.0
0.0,7957,0,0,0,0,0,0,0,0,3543,0,0.0022749018940395604,0,0,0,0,0,2,0,0,0.9977250981059604,0,0.0,0,0.0,0,0,0,2018.9931752943178,0.0,0,0,1,0,9093,0.0,0,0,0,0.0,0.0
0.0,3726,0,0,0,0,0,0,0,0,9337,0,0.0,0,0,0,0,0,1,0,0,0.0,0,0.0,0,0.0,0,0,0,2016.9206730979256,1.0,0,0,1,0,5820,0.0,0,0,0,0.0,0.0
0.0,5736,0,0,0,0,0,0,0,0,9337,0,0.0,0,0,0,0,0,1,0,0,0.07739875634652127,0,0.0,0,0.0,0,0,0,1992.2445639340492,0.9226012436534787,0,0,1,0,5234,0.0,0,0,0,0.0,0.0
0.0,1258,0,0,0,0,0,0,0,0,9337,0,0.0,0,0,0,0,0,1,0,0,0.0,0,0.0,0,0.0,0,0,0,2001.4123430200862,1.0,0,0,1,0,5285,0.0,0,0,0,0.0,0.0
0.0,8122,0,0,0,0,0,0,0,0,9337,0,0.0,0,0,0,0,0,6,0,0,1.0,0,0.0,0,0.0,0,0,0,2014.7812609527416,0.0,0,0,1,0,2529,0.0,0,0,0,0.0,0.0
0.0,8104,0,0,0,0,0,0,0,0,7969,0,0.0,0,0,0,0,0,3,0,0,0.0,0,0.0,0,0.0,0,0,0,2018.0,1.0,1,0,1,0,1675,0.0,0,0,0,0.0,0.0
0.0,3861,0,0,0,0,0,0,0,0,9337,0,0.0,0,0,0,0,0,1,0,0,0.0,0,0.0,0,0.0,0,0,0,1997.9872111738678,0.7041773639308273,0,0,1,0,5255,0.2958226360691727,0,0,0,0.0,0.0
0.0,7653,0,0,0,0,0,0,0,0,3543,0,0.0,0,0,0,0,0,2,0,0,0.9911091724571401,0,0.0,0,0.0,0,0,0,2018.9733275173714,0.008890827542859858,0,0,1,0,9188,0.0,0,0,0,0.0,0.0
0.0,7481,0,0,0,0,0,0,0,0,9337,0,0.0,0,0,0,0,0,1,0,1,1.0,0,0.0,0,0.0,1,0,0,2018.6355547581668,0.0,0,0,1,0,9203,0.0,0,0,0,0.0,0.0
0.0,7845,0,0,0,0,0,0,0,0,9337,0,0.0,0,0,0,0,0,7,0,0,1.0,0,0.0,0,0.0,0,0,0,2013.559864898205,0.0,0,0,1,0,2537,0.0,0,0,0,0.0,0.0
0.0,7680,0,0,0,0,0,0,0,0,9337,0,0.0,0,0,0,0,0,5,0,0,0.5559075397391584,0,0.0,0,0.0,0,0,0,2018.2236301589567,0.0,0,0,1,0,6906,0.4440924602608416,0,0,0,0.0,0.0
0.0,6845,0,0,0,0,0,0,0,0,7969,0,0.0,0,0,0,0,0,3,0,0,0.0,0,0.0,0,0.0,0,0,0,2018.0,1.0,1,0,1,0,4517,0.0,0,0,0,0.0,0.0
0.0,4605,0,0,0,0,0,0,0,0,9337,0,0.5964138072159624,0,0,0,0,0,5,0,0,0.0,0,0.0,0,0.0,0,0,0,2015.807172385568,0.0,0,0,1,0,1814,0.4035861927840376,0,0,0,0.0,0.0
0.0,1233,0,0,0,0,0,0,0,0,9337,0,0.9930874088303326,0,0,0,0,0,5,0,0,0.0,0,0.0,0,0.0,0,0,0,2015.041475547018,0.0,0,0,1,0,7291,0.006912591169667359,0,0,0,0.0,0.0
0.0,9915,0,0,0,0,0,0,0,0,9337,0,0.0,0,0,0,0,0,1,0,0,0.0,0,0.0,0,0.0,0,0,0,2007.0000927543244,1.0,0,0,1,0,2521,0.0,0,0,0,0.0,0.0
0.0,5812,0,0,0,0,0,0,0,0,9337,0,0.0,0,0,0,0,0,1,0,1,0.9514347684398834,0,0.0,0,0.0,0,0,0,2018.1456956946804,0.048565231560116606,0,0,1,0,4047,0.0,0,0,0,0.0,0.0
0.0,8427,0,0,0,0,0,0,0,0,9337,0,0.0,0,0,0,0,0,1,0,0,1.0,0,0.0,0,0.0,0,0,0,2018.7580522364049,0.0,0,0,1,0,8609,0.0,0,0,0,0.0,0.0
0.0,2961,0,0,0,0,0,0,0,0,7969,0,0.0,0,0,0,0,0,3,0,0,0.0,0,0.0,0,0.0,0,0,0,2018.0,1.0,1,0,1,0,5800,0.0,0,0,0,0.0,0.0
0.0,5652,0,0,0,0,0,0,0,0,9337,0,0.0,0,0,0,0,0,7,0,0,0.8832315594813123,0,0.0,0,0.0,0,0,0,2016.2335368810375,0.0,0,0,1,0,2953,0.11676844051868773,0,0,0,0.0,0.0
